OLD,YOUNG
dock,CG8184
IM2,ema
ema,CLIP-190
Kdm4A,Patj
Patj,Traf-like
CG7568,CHKov2
CHKov2,CG32138
MED1,RpS30
Cyp6a8,Cyp6a8
CG34043,NetA
NetA,Nap1
CG10098,mRpS16
Nap1,CkIIalpha
msl-1,Cbp53E
corn,Golgin84
TMS1,scpr-C
DOR,DOR
LanB2,CG7839
Egfr,CR43424
Adgf-A,Adgf-A
CG3604,CG10494
poly,mew
santa-maria,poly
CG11168,ZnT77C
CG13445,CG7616
pgant2,santa-maria
CG7016,CG3040
CG6617,cwo
CG6401,CG32100
CG11357,CG33784
CG43341,CG43341
PK1-R,ave
CG4406,RhoGEF2
RpLP1,shakB
Fmo-2,CR45981
CG14516,Fmo-2
CG18673,CG14946
CG7889,CG18673
CR45566,CG7889
Pfk,dmpd
slv,Pfk
ca,CR18854
Cyt-b5,Cyt-b5
kcc,CG10737
caps,caps
CG7357,CG10802
CR44987,fusl
l(2)k01209,CG4199
CG5177,CR44987
CG2909,CG11076
LRR,TAF1B
CG3501,CG7589
mge,kel
CG17209,CG3501
Tim9a,CR43837
eIF5,mge
Cpr67B,da
CG4433,CG15211
uri,Tim9a
CG8078,CG17904
CG7079,mRpS18C
PpV,Cpr67B
Swim,mei-41
CG8490,CG7956
CG10795,Letm1
Ir41a,CG7079
Obp19d,PpV
CG4537,Swim
ckd,Cyp4ac1
CG6910,Gapdh2
Cct2,blw
c11.1,futsch
laza,Ir41a
jv,CG14687
CG44405,Trn
CG43965,CG42326
fz2,CG6910
CG17266,sinu
bab1,Cct2
MED24,CG34351
Spf45,mRpL22
CG5346,c11.1
CG34166,laza
Scgdelta,CG4558
bys,CG3735
Rpt4R,jv
Vinc,CG4962
Hrb87F,CR43836
CR44779,bab1
CG10428,CG9945
Snr1,RpI1
Eip63E,MED24
Ndae1,CG6290
mbm,CG4733
bonsai,Sps2
Awh,CG13506
pelo,bys
cN-IIIB,Vinc
grn,CG2469
ImpL3,CG5913
CG31145,pigeon
CG13993,Phk-3
CG8111,eas
lsn,HEATR2
CR45299,CG17169
DIP-epsilon,Snr1
CG15547,Eip63E
CG4133,l(2)06496
CG11951,Ndae1
BBS4,mbm
Clp,bonsai
CG2246,goe
ND-B12,CG17059
Cad88C,Fic
CR44218,CG31145
CR45262,CycC
Ire1,tx
Daxx,lsn
CG7148,DIP-epsilon
Dhx15,CG1104
Dbp73D,Hnf4
CG31776,CG15547
Rpn7,Ilp2
CG3764,CG4133
spri,CG11951
nes,HLH3B
PMCA,ND-B12
fz3,Usp16-45
drosha,Cad88C
MAGE,scrib
CG8654,CG32202
CG10863,Ire1
CG8483,Dhx15
pigs,CG31776
CG6026,CG6833
CG30467,CG5118
Hmt4-20,Ugt86Dg
Alh,Rpn7
pch2,Vha68-2
thoc5,Elp1
Mlc2,CG3764
CG3160,CG8814
CG9649,Takl2
CG13082,jing
CG5618,PMCA
Shroom,mirr
CG13056,CG45062
Cyp6a21,Tdc1
Cad87A,gus
sei,CR42874
Mkp3,CG11211
CG9590,pigs
Rac1,pch2
drd,Arl1
CG7990,CG14818
Nep4,CG9649
RpL3,CG5618
Rox8,CG17896
Eps-15,Shroom
east,CG32195
CG7255,Tre1
Atg9,Cyp6a21
COX6B,Cad87A
CG2076,CG5282
CG43095,sei
TpnC41C,Mkp3
IP3K1,casp
Cubn,Tsp42Eh
l(1)1Bi,drd
ste14,trbd
Rcd4,Gli
CG32099,Nep4
Gasp,CG4622
Cp110,RpL3
CG11050,Rox8
CG31538,Eps-15
CR45472,CG7255
Ir76a,Aven
Vrp1,COX6B
Prx2540-2,CG2076
CG13795,CG33993
Bin1,IP3K1
Nph,Esyt2
CG16898,Cubn
CG33275,eIF2B-beta
CG14762,l(1)1Bi
CG4554,Atg12
kuz,snoRNA:Me28S-U2134b
crb,Debcl
CG4115,GAPcenA
kar,Ms
Msh6,CG10089
CG7402,Gasp
CG8602,Cyp311a1
GCS2beta,Bx42
CG4842,Uvrag
cype,Cp110
Lgr3,CG3588
CG9380,CG7987
CG3061,CG8236
tnc,Vha16-1
CG42591,CG13795
GstE2,Nph
CG11897,kst
Xbp1,lolal
pes,CG7185
del,CG33275
CG12716,CG14762
GCC88,CG4554
Fas1,CG6364
CG10383,crb
CG18473,Jon44E
HisCl1,CG4115
Fs,kar
Ef1alpha100E,CR44161
Rab14,CG14100
CG6230,CG4842
CG11583,CG10898
par-1,Bsg
qtc,CG43218
PGRP-LB,SIDL
chico,CG3061
CG6762,CG44325
Listericin,CG10077
pkaap,CG14221
SPR,Xbp1
Cad74A,Rpt6
CG42672,CR18228
Cyp4d21,CR17025
Rh6,GCC88
Cpn,GstD4
CG10444,CG18473
koi,PGRP-LE
CG7289,Fs
CG1791,CG5532
DppIII,Usp2
Su(dx),Rdl
CG3835,Ho
CG7335,CR42862
CG9791,CG2811
me31B,vih
CG7409,qtc
kek6,S-Lap1
CG34134,PGRP-LB
CG4061,Rab5
salr,CG9318
dan,scu
CG5916,CG11852
CG15556,CG13024
CG5535,pkaap
Rph,CG1542
Usp5,GstE14
Ero1L,SPR
CG4552,Cad74A
RpL10,Cyp4d21
CG14372,CR44581
Taldo,Cpn
ltd,CG10444
Arf79F,koi
CG8036,Tsp42Ej
CG42818,CG32944
Su(var)205,CG31380
Vha36-1,Elp2
CG2540,CG31954
CG11899,Prm
Cyp305a1,Chi
CG2121,Su(dx)
CG1344,Phm
CG32278,CG12054
l(2)37Bb,me31B
Pgi,CG7409
dpr3,Slob
CG10375,Trx-2
NT1,CG34134
CG7745,geko
CG9717,CG5773
Cht2,salr
AcCoAS,CG11425
Lgr1,CG15556
meso18E,CG32164
mh,Rph
egl,CG31710
pdgy,CG13088
Rcd6,Oscillin
CG42363,Ero1L
NPF,CG4552
pug,RpL10
CG4896,CG14372
CG32371,DCP1
CG12333,ltd
CG13784,Arf79F
Sap130,CG31548
CG6171,CG2064
GABA-B-R3,CG9452
alpha-Man-Ia,lectin-46Cb
CG3808,Vha36-1
sun,Cyp305a1
shtd,CG8613
Rab10,CG2121
CG17005,CG1344
Act88F,CG32278
CR44187,CG15209
Cyp303a1,Pgi
ZAP3,CG13631
CG14591,dpr3
Girdin,CG8012
Ugt35b,NT1
CG18643,p24-1
CG7006,CG16978
Dcr-2,CG14984
CG14855,Oda
CG12147,egl
CG31189,pdgy
Pbgs,Rcd6
Tango6,CG42363
CG30499,CG18766
CG7949,Nup214
CG9384,CG4896
mRpL13,CG32371
CG11779,CG12333
CG11668,CG31550
CG2022,dmGlut
mRpL46,CG6796
CR44960,inaF-C
CG1785,Kdm4B
CG15630,CG12814
Skp2,GABA-B-R3
CR44301,CG6126
CG15432,Arpc1
CG34126,CG34242
CG14529,alpha-Man-Ia
CG40498,sun
Non2,CG17005
CR44021,CG13579
CG16896,CG11857
UQCR-14,CDC45L
CG13126,Trissin
Tsp97E,Cyp303a1
Gyk,Elo68beta
CG31038,CG14591
CG6441,Updo
Sb,mRpS26
Spt5,Ugt35b
AlkB,CG18643
CG6791,CG7006
CG44195,CR42765
Kul,Spp
CG45071,CG31189
CG18031,Cpr62Ba
CG4291,CG8353
pps,Tango6
CR44471,UQCR-C2
CG17486,CR44120
CR46064,CG11779
CG4607,CR45223
Aph-4,mRpL46
Spn28B,fu12
CG2972,LSm7
Pep,CG15630
CG34229,slbo
dsd,mus304
CG31229,CR44301
Lcch3,CG2747
CG33143,CG43164
CG5023,CG9393
CR43495,Gnf1
larp,RhoGAP93B
C1GalTA,CG14529
U26,CG40498
CG6652,Zfrp8
PNUTS,UQCR-14
CG16743,ImpE1
dati,CR45209
CG4019,Tim8
CG4908,CG14777
CG2556,Tsp97E
CG13894,eIF-2alpha
RpL40,MCPH1
wb,CG31038
CG5872,Sb
CG33191,CG42588
CG31368,mRpL45
CG30054,CG44195
Cyt-b5-r,18w
CG13116,Kul
Sox14,CG45071
CG17598,CG18031
CR45456,Strip
CG9004,CG18178
Fhos,CG5641
fw,CR44471
Rheb,sosie
CG4302,CG13738
pUf68,Aprt
CG17119,Zasp52
CG15747,CG4607
egr,Aph-4
CG15093,Pep
LKRSDH,CG34229
CG8206,Gadd34
CG6812,CG31229
CG32369,Cdc7
Rh5,Lcch3
Vha44,CG33143
CG9757,La
Pmp70,larp
lz,beat-VI
CG16941,C1GalTA
Spn28Dc,CG8191
trpl,PPP4R2r
CG32112,CG11052
Kr-h1,CR45372
CG7130,Madm
CG2906,PNUTS
CG16985,CG13284
CG9865,CG16743
Surf6,CG8301
cact,prtp
ZC3H3,CG3663
Pink1,Dredd
CR44646,CG4019
Lac,CG4908
nudC,CG2556
mRpL51,CG13894
Shab,Fkbp14
AMPdeam,Ubc4
Aats-ile,CG4025
Jheh1,CG5872
ninaG,CG31368
l(3)03670,CG15465
CG31268,aralar1
qua,RhoGAP18B
RhoGAPp190,CR45456
CG34180,CR45811
Gr58c,l(3)mbt
su(sable),CG9004
CG7638,Orc6
CG11686,Fhos
CG3775,fw
RecQ5,CG15186
CG4294,CG4302
Tim10,7B2
CG14322,CG33181
CG9515,pins
CG43114,mthl5
modSP,eIF5B
CG9886,CG31344
CG18619,CG17119
Gycbeta100B,CG6753
CG13247,CG12895
ico,Slc45-1
CG3713,amn
dpr20,Dad
jar,CR44390
RAF2,Acox57D-d
CG18596,CG12050
CG6406,CG32369
Eip63F-1,Rh5
EndoG,Vha44
RpL10Ab,Wdr82
Cyp312a1,trpl
CG8121,CG11722
Cpr47Ea,CG6700
CG33965,FASN2
CG16953,smt3
Naa60,CR43838
CG33080,CG9865
CG17386,Trip1
CG43108,Surf6
CG8155,CG9293
CNMa,puc
CG9733,cact
CR44207,CG12796
CG12267,CR45686
dop,Pink1
S1P,CR45626
CG4770,Sam-S
CG5191,nudC
CG31704,RpL35
Ppa,spz4
CG8478,CG3168
mt:ND2,Arp6
gbb,CG2698
Con,CG8086
CG9467,viaf
CR33319,alpha-Cat
rgr,wun
sda,Aats-ile
CG4168,CG7332
eRF1,Jheh1
CG8596,ninaG
CG12118,SdhB
CG1358,CG31268
CG1136,RhoGAPp190
CG43055,CG11247
Taf13,Gr58c
Calx,su(sable)
CG43732,CG14749
CG33095,olf186-F
CG13318,CG11686
Obp19c,eIF2B-alpha
CG33230,CG3775
CG31200,CG13622
dsx,RecQ5
nod,CG4294
CG5323,DUBAI
CR44407,Tim10
CG3829,CG32813
CR43904,CG13708
CG11414,Trn-SR
CR43463,CG43114
ninaB,CG18619
CG18814,CG2260
CG9849,Nep1
CG6412,CG7747
Noa36,ico
CG14528,MtnA
CG3313,snoRNA:U27:54Ea
RpS14b,Aats-asn
CG3955,CG3860
CG2767,CR42721
mRpL30,jar
Adk3,CG8281
GlcAT-S,Fibp
mir-34,CG11486
CG4660,Bsg25D
SLIRP1,Rab7
QC,Eip63F-1
Jupiter,CG12038
CG9657,CG33469
CG4707,Cyp312a1
Hexo1,CG13077
CG18011,CG13168
CG3618,CG9062
Mipp1,Pka-R2
ssp3,CG17386
sr,CG17991
fdl,CG16721
CG17108,CR44207
CG6409,CR46207
CG6967,CG4770
CG31321,Ppa
CG10674,CG13511
CG5687,CG13185
Vti1b,Con
CG42673,fbp
CG4982,sda
Klp98A,CG4168
CG12194,eRF1
l(3)L1231,CR44365
CG32533,CG12118
CG3776,CG5653
ocm,CG1136
sff,CG1888
kek4,Taf13
Ns2,gig
CG1698,CG32365
CG6675,CG11030
CG34404,CG43732
CG6752,CG13318
Cnx99A,fs(1)M3
Srp54k,Cad96Ca
tim,frj
msl-2,CG31200
mRpL16,CG44242
Vps20,CG9444
Csk,CR43904
Hsepi,CG15309
mRpL15,pain
CG2199,CG8336
GAPsec,CG6356
CG5938,Pp1alpha-96A
CR43301,CG6709
CG31076,CG5645
CG4407,U4-U6-60K
Rh50,CG6412
CG8129,CR43458
Fur2,Wnt6
CG32750,qkr58E-1
Cks30A,Noa36
Cpr72Ea,CG3356
RN-tre,CG14528
rho-4,GstD3
CG9044,CG7231
CG8920,CG2767
CR45232,PH4alphaSG1
CR42875,mRpL30
Irp-1A,CG14556
CG13627,mre11
CR45162,GlcAT-S
Papss,ATPsynG
CG11306,CG4660
Eogt,SLIRP1
CG33116,QC
tth,Jupiter
Capa,CG31406
Tequila,CG4707
CG5445,Hexo1
CG14186,CG3618
Xport,cl
Diap1,CR44458
CG8368,CR43900
Dot,fdl
CG2701,CG33468
RPA3,CG17108
CG3326,nAChRbeta1
CG9323,CG9288
tok,Pglym78
l(1)G0193,Sdr
CG7565,stum
CG3301,CG11077
CG17821,betaTub97EF
Rac2,CG9328
Src42A,CG6409
Roc1a,CG6967
CG17712,CG31321
FASN1,CG30419
Hsp22,CG10674
CG5903,HBS1
Gl,CG5687
CG12560,GstE3
Ugt86Da,Klp98A
RluA-1,CG12194
mRpS17,CG2201
mRpL1,CG32736
Faa,l(3)L1231
CSN3,CG40472
Rgk3,CG32335
CG6983,CG44249
CG17691,ocm
Mob2,Mur2B
CG15536,l(1)G0255
coro,CG15201
Aats-phe-m,CG5731
CG5984,kek4
beta-Man,Ns2
Indy,CG31357
Usp32,Ets21C
Tango9,CG34404
CG33970,Cnx99A
Art3,CG32669
CG9253,CG10472
Cyp4p1,CG2003
CG8712,CG42684
mRpL10,Srp54k
Cht11,tim
TBCD,CG7945
mRpS9,Nacalpha
DIP2,Csk
CG13366,Hsepi
wde,CG8740
Gie,mRpL15
Idgf2,cnc
Usp7,Atx2
spir,GAPsec
CG13197,Prosbeta7
CG14767,CG9107
mRpL20,CG31076
CG10730,CG4407
CG32344,Rh50
GV1,Gmap
beta-PheRS,CG9154
sano,Fur2
mRpS28,CR45382
mt:tRNA:S:AGY,CG1603
CG6481,wal
ND-B17.2,Cks30A
Vamp7,Cpr72Ea
ninaC,CG13298
alc,maf-S
CG2943,CG30349
Taf10,CG42359
bic,CG4250
Prp31,CR18275
Arr1,gukh
CG13409,CG31697
CG9119,dac
CG12075,Irp-1A
stops,CG8673
CG4213,CR45162
tyf,CR44030
mRpS22,CG33116
CG9246,Capa
CG7770,CG43093
RpS8,CG42764
CG31974,CG14186
FK506-bp1,CG8675
CG1695,Obp44a
CG6013,Cp7Fa
cana,B52
CG16965,vnd
Pabp2,Xport
CG2277,Diap1
Hr38,CG8368
robo3,Dot
crq,CG2818
Gadd45,CG5793
Pfrx,Nep3
CG12990,tok
GNBP-like3,CG32425
CR45180,Rac2
CR46044,CG3605
CG14043,Pex23
CG8475,Obp57c
CG5027,CR46263
CG10420,CG14277
Cpr57A,aret
sno,FASN1
Hf,Hsp22
Rcc1,CG4836
RanGAP,CG8064
Prx6005,CG5903
Pex7,Ugt86Da
CG12272,CG5567
Pph13,Spn88Ea
mRpL34,RluA-1
Ptp69D,mRpS17
CG3812,mRpL1
Ank2,CG9981
Ugt36Bb,CG5414
Arc2,TER94
CG17912,RpS23
CG32687,CG9505
Got1,CG6983
CG1529,CG17691
CG15412,CG15536
Not3,Aats-phe-m
Efhc1.2,beta-Man
CG14515,Indy
CG9272,Rbp6
CG9270,CG33970
CR44831,Art3
CG6325,CG6523
CG8547,Ekar
CG11807,CG9253
CG42319,clu
NT5E-2,Srp72
Top3alpha,Cyp4p1
CG15096,CG3225
Gprk1,CG12091
CG43110,CG11768
sra,CG12056
CG6654,RpS10b
CG7381,FER
Smr,mRpS9
l(3)neo43,DIP2
DNApol-alpha73,CG13366
nompB,CG11523
CG11145,wde
CG3823,CG15356
RpL7A,Cyp4c3
DNApol-alpha50,14-3-3epsilon
CG13900,Srp54
RpL4,ND-19
CR46060,l(3)j2D3
CG12107,Usp7
Snmp2,CG34125
CG2063,CR44977
CG8207,spir
Der-2,Rpt3R
TfAP-2,CG5527
CR45375,CG13197
CG3594,CG14767
CG5835,mRpL20
CG6870,CG44004
dlp,CG32344
CG7461,GV1
Duox,CG1927
CG1749,sano
CG14945,mRpS28
CG34207,ND-B17.2
Eip75B,Vamp7
CG15628,Den1
CG7246,ninaC
CdsA,dalao
CG3011,alc
raptor,Rab40
P5CDh1,CG9799
Rtc1,CG4806
Pdp1,CG43446
CG15824,CG6843
CG13196,Sld5
CG34183,bic
CG33203,elfless
Camta,CG12975
CG8177,Hph
CG4957,Prp31
CG31454,ssp
CG30414,CG7460
CG34408,Arr1
mus205,CG12075
CG13794,Dbp21E2
tmod,stops
CG11407,CG4213
CG6191,CG3662
CG1868,mRpS22
CG9143,CG6769
CR44517,CG9246
CG2217,CG7770
CG34398,CR41506
mRpS29,RpS8
CR45380,FK506-bp1
CG3777,CG11378
tub,CG1695
CG16772,CG6013
CG5642,cana
CG10283,GLS
CG15145,ND-SGDH
Vdup1,CG2277
KrT95D,Hr38
CG16947,Pcl
CG4365,Men-b
mod,crq
CG5611,CG5883
CG5068,su(f)
CG13895,Gadd45
CG6602,Pfrx
CG11788,p24-2
CG30116,CG17803
CG4887,mTerf3
CG7342,GNBP-like3
CG1998,Rbp9
CG31019,Tfb4
Trf2,Gdi
Trf,babos
PGRP-LF,GstE8
Reep1,CR45180
CG7202,RpS27A
Jheh2,CG8475
CG8925,CG5027
CG31731,sno
CG6841,key
Chd64,CG16986
cm,CG42235
CG1979,RanGAP
CG18171,CG15529
CG12818,Pex7
CG42724,CG31759
CR44470,CG12272
CG43922,Pph13
Mal-A5,mRpL34
CG6379,CG14431
Csp,CG45050
CG8389,CG3812
CG12309,Nurf-38
CG6067,Ank2
Pgant35A,Pal1
Eaat1,Arc2
CG3630,Surf4
fon,CG11505
CG7509,CR46008
asrij,slik
Irp-1B,CG9987
mon2,GstD1
sky,CG14868
CR44370,CG12264
mRpL40,eIF6
Ncc69,CG33939
Fer1,CR44442
CG10562,CG9272
Nop60B,sals
Trpm,CR44831
Tab2,CG17768
polybromo,Fbw5
CG14830,CG32103
CG3709,CG8547
Kap3,CG42319
ort,CR44961
Osbp,CG5934
CG18304,CG12822
snoRNA:Psi28S-3405a,CR46145
msta,Klp64D
CG17687,CG33543
CR45894,CG6654
CG30050,mRpS24
b,CG8032
Cisd2,kraken
Cpr73D,CG6701
CG34371,NitFhit
CG30460,Smr
Sbf,Rm62
Spn42Dc,l(3)neo43
Teh3,CG14238
Ugt86De,nompB
CG12541,CG11999
Ref1,CG3823
CG14314,CG5196
scaf,RpL7A
CG10550,DNApol-alpha50
Mppe,CG13900
tau,CG11837
CG32553,CG7950
CG7484,CG12107
CG12016,CG12177
CG31445,CG5273
l(2)01289,CG8207
CG11321,Sema-2a
Pli,Cyp4ac2
CG7365,yellow-h
GluRIIA,homer
Hsp83,CG11980
GABA-B-R2,CG5261
Coop,tara
eIF-2gamma,Hel89B
Pde8,ced-6
CG3907,CG32091
CG2519,CG6870
Elp3,dlp
alpha-Est8,CG7461
CG7358,CG15546
Spt20,CG34207
CR44208,CG15628
CG13670,CdsA
CG9631,P5CDh1
CG4646,CG9691
CG8545,Pdp1
ND-30,CG10623
CG12024,CG34183
ko,CG33203
sli,CR44300
CG17352,CG9641
Trs31,CG8177
CG10561,BRWD3
CR44121,CG4957
jigr1,CR43876
nAChRbeta2,CG7497
CG5098,CG34408
CG11035,Obp56g
Prestin,CG9743
CG5446,CG13794
mRpL41,tmod
wac,Grasp65
CG14990,CG11407
lqf,CG12263
Pax,CG14024
CG8379,CG6191
Ced-12,bdl
ND-ASHI,Brca2
RhoGAP68F,CG13912
Ptp4E,Cas
CG2061,cyr
CG6845,CG9143
cue,CG7272
CG1971,CG42324
ND-24,APC10
bnl,SsRbeta
CG13272,Strn-Mlck
Ih,fzo
HtrA2,Mical
Aats-leu,CG34398
CR45396,CG3520
Mms19,CR45380
bsh,Mdr49
CG14232,CG3777
drpr,CG5642
CG5432,CG10283
CG9518,CRG
Nrx-1,Vdup1
CG7384,CG2082
CG6218,Aats-thr
SLC5A11,CG4365
CG34457,mod
CG6836,eyg
CG1091,CR46065
btl,PK2-R1
trbl,meigo
CG12391,CG4887
abo,CG7342
CG16974,Trf2
CG30389,PGRP-LF
CG6225,cni
yellow-c,CG8526
Smg5,CG8777
CG6724,CG4164
Amnionless,CG31731
CG3568,Chd64
CG31224,CG1979
AP-1-2beta,CG42724
Cyp4aa1,CR44470
Liprin-beta,CG6429
CG42557,RpS16
kra,RpS15Aa
GLaz,CG8389
bbg,alph
CG5270,CG10505
CG8485,ND-ACP
Ugt35a,CG12309
Naam,fon
CG2065,CG7509
CG31637,jnj
Jafrac1,Tom20
alpha-Man-Ic,Sap47
NnaD,CG7766
Sin3A,Acsl
Cyt-c-p,sky
CG4721,CR44370
CG7099,mRpL40
CG3711,Ncc69
Gdh,CG6678
unc-4,eIF2B-gamma
Dyb,CG10562
CG4572,RabX4
Ate1,Nop60B
sel,Trpm
CG7441,Orc1
Tasp1,Tab2
Hsc70-4,CG14830
CG32816,CG5676
ade3,Ice2
faf,Osbp
CG31140,CG8641
CG13856,msta
RagC-D,l(2)k10201
Gfat1,AnxB11
REG,CG6878
mei-38,CR45894
nac,CG31909
Obp99d,Cyp4p3
CG9548,CG5033
AstA-R1,CG7920
Cpr72Eb,GstD9
Cyp4d2,CG43427
Muc14A,b
obst-A,Cisd2
JhI-21,lace
GEFmeso,Cpr73D
CG10864,Rpb8
CG8297,spict
CG8950,ppk19
CG4049,Cht6
fred,CG34371
CG3894,CG30460
Wnt5,CR44062
Mulk,Actbeta
CG9662,RYBP
XNP,Teh3
CR46003,Ugt86De
CG9372,CG12541
CG43085,Bap55
unc-104,CG14314
SP1173,scaf
ND-23,awd
l(2)k14505,Mppe
mnd,CG45087
Sec23,tau
Or46a,CG13344
PCNA,MtnE
CG10337,CG32553
Tg,l(1)G0020
CG4238,CG12772
bif,CG7630
CG13322,Ilp6
RpII18,CG12016
spz5,l(2)01289
CR43144,RFeSP
Dgkepsilon,Obp99b
CG15784,Fbxl4
CG17646,CG7456
CR43864,CR45332
CG13325,Inx7
CG4666,CG7365
sesB,conv
CR45870,CG14184
Pex5,norpA
CG7564,CG34117
Eno,CG3078
CG10096,GluRIIA
RfC3,GABA-B-R2
l(2)tid,eIF-2gamma
CG7338,CG12746
mwh,Pde8
CalpC,CG3907
CG16789,mmd
CG7300,CG14301
trsn,Iswi
Vti1a,eIF2B-epsilon
Chrac-14,Dip-C
CG1161,CG7358
CG1662,CR44208
CG14439,CG8545
CG31706,ND-30
Pex19,PGAP3
CG11883,CG8034
ecd,ko
Galphaq,CG17352
uif,Uba3
CR44514,Map60
Cht7,Hexo2
Arr2,CG13937
metl,CR44121
Cep135,M1BP
CG9205,CG14860
CG33110,jigr1
Jhe,Phax
CG32699,angel
Gbeta76C,nAChRbeta2
Asap,CG42271
sage,mys
CG31523,Orct2
SREBP,CG5446
Pask,wac
CG13488,Cyp309a1
blow,CG16935
CG31689,lqf
CG12909,Pax
Mfap1,CG4364
CR42767,e(r)
mRNA-cap,ITP
mthl13,CG12948
nop5,Nmnat
ed,CG7069
PGRP-LC,ND-ASHI
CG1532,CYLD
CAH2,Ptp4E
CG2070,Oli
CR42547,CG6845
CG7386,Tret1-1
skd,Taf1
CG9386,CG13995
Lectin-galC1,CG13272
yip2,Ibf1
CG15141,Ih
Sp212,HtrA2
CG30456,Aats-leu
CR44042,CG1722
Dis3,Stat92E
PICK1,Mms19
PyK,CG14232
CG18476,drpr
Hdc,CG4747
rdhB,CG4848
EbpIII,CG10365
h,CG17190
CG1316,CG45086
CG8927,Nrx-1
CG15892,CG7384
CG14257,CG11241
fidipidine,Zw10
CG12206,CG17364
CG3790,Cdc37
CG1444,CG6218
CR44662,SLC5A11
CG13003,CG32113
CG5707,CG34457
Aldh,CG6836
Hip1,CG6083
Hsc70-5,kappaB-Ras
Wnt4,CG12391
Mad1,CG42518
CG15890,CG16974
ABCB7,CG31676
CalpA,RpL36
CG15822,RabX1
CG4901,CHOp24
CG13643,Smg5
CG15042,AP-1-2beta
CG10809,Cyp4aa1
feo,Liprin-beta
CG13248,stj
GstZ2,Prat2
CG3800,CG1523
pico,CG42557
mbl,kra
hook,CG15450
CSN1b,CG8485
CG1815,Ugt35a
CG3699,CG2862
ZnT41F,CG3609
CrebB,NnaD
CG11148,obst-H
CG8248,spt4
or,Akh
Sid,Cyt-c-p
BtbVII,CG4721
CG32313,Cchl
mRpL47,CG5028
CG9317,mahj
Adh,CG31211
CG32373,CG17065
Mco1,Gdh
mei-9,Nlp
CG16979,jeb
CG31729,Dyb
CG11125,Ate1
Lip3,Rfabg
so,TwdlG
Syx4,CG7441
Eip71CD,CR45918
CG10616,GstE6
ken,CG15012
tadr,CG17454
Pde11,Tie
Socs36E,CG2254
emp,CG9016
smp-30,Hsc70-4
CG34301,CG17337
Rbcn-3B,CG13856
Prosalpha4T2,RpS15
CG3632,RagC-D
CG7135,Gfat1
wts,CG6495
CG6638,CG1657
CG12224,bw
aurA,l(2)gl
Srp68,Obp99d
CG5037,CG9548
CR42786,RpL26
Prosalpha5,CG7556
CG8326,Alg-2
CG14977,obst-A
CG6621,TyrR
CG10514,CG1632
CG11529,CG2118
tld,Su(var)3-3
boss,NimB4
Ubi-p63E,CG7168
Cdk9,Sara
CG5326,l(2)35Cc
CG7407,CG9336
CG2292,bt
ETHR,CG6340
Myb,Mulk
Coq2,P32
CG16798,CG1090
CR43944,SdhD
CG1671,CG34034
Su(var)2-10,DnaJ-H
Ets98B,bib
lat,ND-42
CG31121,Ir51b
Hydr2,Ccm3
MFS16,CG17322
trp,SP1173
mino,ND-23
spn-E,CG13920
CG9664,Irk1
Pex3,CG31460
Sec24AB,Rh4
arm,l(2)k14505
CG8180,mnd
CG5458,Sec23
CG13833,CG1504
CG2911,CG13722
CG6404,CG10166
nrv1,CG10337
CG9948,CG42514
Phlpp,CR44648
CG4914,CG9512
inaD,CG9427
CG34434,Tg
Rat1,bif
FK506-bp2,CG13322
Tsp42Ef,Nsf2
CG10462,RpII18
CG5862,spz5
mRpL12,UGP
CG7433,Dhap-at
p120ctn,CG15784
f-cup,CG17646
l(2)34Fd,CR43864
icln,CG18598
CG17028,S2P
vri,Arp10
su(w[a]),NimB3
CG31235,Dhc36C
Tango7,sesB
Est-6,CG7878
Rcd5,Pex5
qsm,CG7564
CG11158,CG15080
Dmtn,CG18815
CG6683,hui
GstE1,Eno
CG31199,CG11970
Jra,CG8630
cln3,l(2)tid
EF-G2,CG7338
CG4723,CG13617
CG8417,Mps1
hh,CR43257
Mocs1,mwh
klar,CG14210
Sodh-2,CG16789
CG1647,CG7300
CG7914,Vti1a
Inos,CG1161
CG32855,Nsun2
CG31918,Tango4
ATbp,Csl4
CR45467,beg
dysc,CG31706
Tusp,Pex19
vfl,CG33090
CG1544,CG11883
ine,CG13315
CG32055,ecd
CG9164,CG34132
CG18599,CG11854
CG10205,CG12158
pio,uif
CG32442,CG14109
aft,mr
Drip,CG31937
CR45046,CG6041
holn1,CG2051
ari-2,Arr2
CG5644,CG11752
eag,Chc
CG42502,metl
CG1814,Cep135
Pkc53E,CR44205
CAH1,TrissinR
CG6962,CG5412
Cyp4e1,CG33110
ATPsynD,Jhe
l(1)G0196,CG32699
CG44014,Gbeta76C
Rab19,sage
CG1718,SREBP
CG6613,alphaTub84D
CG45186,blow
CG32795,CG12909
PCB,Mfap1
CG14642,CG13733
mthl4,CG14442
CR45028,mRNA-cap
Dtg,mthl13
Rrp46,Ulp1
CG5946,nop5
Uev1A,ed
fry,CG1137
Aats-ala-m,PGRP-LC
CG17019,CG6424
pgant4,CG1309
CG4928,CG8531
CG9864,CAH2
CG15144,CG2070
CR45361,Ranbp11
CG2247,CG17323
CG17211,fok
alpha-Man-IIb,Tim23
mRpS11,CG7791
Dpy-30L1,CG9386
CG7197,CG15141
CG31259,gish
lwr,Dis3
CG2750,CG6689
CG10306,Brd8
AstA,Eip93F
CG3530,PyK
Inx3,corto
CG18764,Hdc
Ran,rdhB
CG31300,tsu
CG5758,chrb
CG18507,Uhg3
Amph,Mnt
comt,CG9521
CG14823,Asph
CG17493,EbpIII
CG11454,h
Taf5,CG4612
nclb,CG8927
CG9498,Sec16
eIF-3p40,CG15892
l(3)73Ah,CG13305
CG44085,CG10560
CG6656,CG14257
CG33511,Mrp4
oys,CG6272
Spt6,CG9449
l(2)k05819,trus
CG17124,CG11563
CG8419,Spt-I
CG34136,CG1444
NP15.6,CR44662
CG10710,CG13003
fl(2)d,ATPsynB
smid,CG33123
CG11984,CG30156
CG30344,veli
Unc-76,Aldh
CG32121,zf30C
Atg4a,Appl
CG31205,Nep2
chp,CG3961
asl,Hsc70-5
ATP8B,Grip128
CG18869,Cyp9b1
GCC185,ABCB7
papi,CG30159
CG17075,CG7277
CG5745,CG15822
CG18635,Cyp18a1
Thor,CG30291
CG17839,CG1968
Treh,CR44299
mv,shg
CG42668,St1
CG43340,CG8785
Hmu,CG3552
CG16782,CG8128
CG10340,jet
CG16892,Uhg8
Saf-B,GstZ2
CG31694,CG3800
slim,mbl
Gycalpha99B,hook
Nrk,CG4557
Obp99a,CSN1b
tgo,CrebB
CR45880,CG9667
CG32354,Sid
Cdep,ClC-b
CR44809,mRpL47
und,Gad1
CG31370,msn
CG17834,Mco1
CR43480,CG11396
nmd,endos
cyc,CG12744
CG31075,Syx4
grau,Pdk1
CG13694,ken
CG7739,tadr
Obp69a,CG8839
MRP,RpS14a
5-HT1B,bnb
CG18769,Pde11
alpha-Est9,CG34301
CG10175,CG3295
st,CG8042
CG11388,CG9588
CG42367,CG7135
fbl,Gbs-76A
CG1427,CR43875
gol,Galphas
Ca-alpha1T,CG11560
CR45533,CR43454
CG1688,CycY
CG9319,CG18659
CG31326,TRAM
CG6144,CG32645
kat-60L1,CG5037
Tpr2,CG11695
Dhod,CR46033
Nnf1a,CG1552
chinmo,CG14882
CG43062,RpS20
inaC,CG13671
CG10621,CG30343
CG7414,CG11529
CG14880,boss
Hsp27,btsz
Ankle2,CG7407
CG7785,hebe
CG10669,isopeptidase-T-3
cn,Jheh3
CG11961,CG14270
Sry-delta,ETHR
CG3338,CG11586
CG17450,Trs33
RhoBTB,CG16798
Gr94a,vsg
CG42261,CG4679
CG3358,CR31451
T48,CG1671
CG13124,Ets98B
CG7881,lat
CG4546,CG31121
Abl,Hydr2
Cyp28d1,htt
CG8818,MFS16
Clect27,CR45600
thoc7,zetaCOP
FMRFaR,trp
CG11374,mino
mor,snRNP-U1-70K
asf1,CG13018
CG16984,CG13833
CG11069,pirk
Als2,ND-51
rost,CG6404
out,CR44281
CR46089,Phlpp
CG31817,CG4914
CG5466,Ugt36Bc
Smu1,inaD
siz,Dat
RpS3,FK506-bp2
CG12171,Tsp42Ef
CG17544,Invadolysin
cv-d,CG10462
CG18249,mRpL12
CG1418,CG7433
CG1561,fkh
CG17279,slmo
PsGEF,CG11231
CG11208,CR44749
5-HT2A,CG6607
CG34456,vri
Fib,CG34460
CG10948,Tango7
twr,CG43778
CG1673,Est-6
PGRP-LD,CG12237
CG2202,CG5267
obst-E,CG32772
Act87E,qsm
CG14275,CG14764
b6,ND-51L1
CG33303,Rpn10
CG13865,Srp9
Sos,RunxA
CG7896,GstE1
app,Jra
spel1,ana1
Npc1a,Sec22
CR42844,Gp210
mlt,cln3
CR43314,pr
CG34057,Marf
Fas3,CG7512
Srp19,CG4723
pyd,CG6472
CG15735,CG8417
snoRNA:Me28S-A3407a,SIFaR
CG15111,CG17036
CG7692,Mocs1
CG15198,CG10657
Lapsyn,CG14817
e(y)2,RpL34b
CG6324,Sbp2
CG4975,primo-1
to,CG11147
Moe,ATbp
CG13773,Tusp
oc,CG13907
Dgp-1,RpS7
t,Ent2
CG14907,CG32055
raw,CG43103
CG7927,CG18599
CG2025,pio
CG1943,dlg1
CG13029,Drip
Cib2,Dip-B
colt,mip130
slgA,ari-2
CG8386,CG5644
HnRNP-K,GstE7
hppy,CG32432
Drsl5,eag
CG43675,CG7706
CG14661,CG1814
CG15870,Pkc53E
CG43779,CAH1
CG1640,CG11380
nmo,PI4KIIIalpha
CG9522,Cyp4e1
CG5001,ATPsynD
knk,l(1)G0196
Trp1,nrv3
CG9286,CG44014
pit,CG1718
CG14650,CG13364
Hop,Tm1
bgm,CG6613
CG14153,CG45186
CR46144,CG4705
pod1,CR44525
Pvr,CG31089
yellow-f2,Tpc1
RnpS1,Osi24
CG10237,CG2781
CG42365,CG11141
CG34213,mRpS14
CG1635,CG5946
CG1129,mars
mRpL24,rdgB
udd,fry
Su(P),Aats-ala-m
stmA,CG1637
CG34454,GstO3
CG14969,CG14906
Calr,pgant4
su(Hw),Patsas
wat,CG4928
Rbp1-like,CG9531
CG32638,CG10671
CG5116,CG15144
cry,yin
CG33966,Cen
CG14495,CG2247
CG3337,CG11550
Clk,Ski6
clumsy,CG17211
TyrRII,alpha-Man-IIb
Dbp80,CR45432
Aef1,hig
Pex6,CG17168
Taz,CG6287
CR44946,CG7197
TpnC25D,CG10306
CG11796,CG7492
CG14694,CG3608
CG5002,AstA
CG8757,CG34462
PRL-1,CG3530
CG14545,Inx3
olf186-M,TfIIEbeta
eEF1delta,Ran
CR44417,CG8147
CG32284,CG31300
CG31848,CG5758
CG8476,Tsp68C
osp,CG18507
Rab4,Axn
CG7778,CG3719
Mapmodulin,Pu
Cdc5,Amph
Su(var)3-7,comt
CG9990,CR43724
Idh,Rpb10
CG31861,CG13097
hyd,CG17493
Sln,nclb
CAHbeta,CG5321
Obp8a,CG9498
CG10171,eIF-3p40
CG6749,CG44085
CG2211,Mdr65
Arc1,CG6656
CG6282,ppk28
CG7582,CG33511
RyR,CG17124
CG5111,CG8419
CG6428,CG42392
CG12848,CG34136
CG5955,NP15.6
CG8516,Ugt37a1
RhoGEF64C,CG9149
ND-49,CG3515
CG6418,Dpck
mRpL48,GlyP
Fcp3C,CG11984
CG13933,CG6405
CG17129,CG7048
CG1607,Atg4a
sca,CG31205
Hmgs,PSR
kay,NHP2
CG6565,lbk
CG14964,Sas-4
RpII15,papi
AIF,Utx
CR44298,CG17233
Blm,Mkp
CG17560,CG5745
CG17572,Prx5
CG12728,Pkc98E
TfIIS,CG18208
Pxn,CG6454
CR12842,CG43340
NKAIN,CG14806
PQBP1,MFS14
CG31431,p47
tgy,CG10340
Nf-YA,BM-40-SPARC
CG6231,Saf-B
BicD,CG31694
ACC,CG13025
YT521-B,AnxB9
CR46258,Gycalpha99B
CG7837,Obp99a
CG14636,ox
NAT1,Fie
mRpS31,Roe1
CG31690,CG9344
alpha-catenin-related,tws
CG5728,Tdc2
sxe2,CG7781
Uch,Drl-2
Rpb7,CG17834
CG2182,CR43480
CG13101,r
Ranbp9,Gs1l
CG34245,cyc
Tom40,CG7739
CG11089,Obp69a
CG13280,MRP
bip1,Prosap
Fmo-1,CG18769
CG17996,CG10175
CG1234,UQCR-Q
CG14892,CG11388
Ehbp1,CG11873
ZnT86D,nrm
CG10553,CG5112
mei-S332,CG42367
CG17121,CG1427
TM9SF4,gol
CG4822,CG3773
dnd,Unc-115a
CG9377,CG5910
CG42795,CG7656
CG8401,CG31326
Pi3K59F,CG6144
CG15456,CG5484
pwn,kat-60L1
capu,Moca-cyp
CG5646,Tpr2
CG7430,Dhod
CG14688,chinmo
ash1,Ac13E
CG1208,CG7818
CG14710,CG43062
Arp5,CG14989
CG42329,inaC
Hsp26,CG44437
CG30203,CG7414
mdy,CG1789
p38b,CG14880
nsl1,Ankle2
hid,CG8230
ninaE,E23
tho2,CG10799
CG7872,CG10062
CG43102,CG10211
CG5953,CG2023
CG4725,T48
CG7044,CG13124
Cpr64Ac,GILT1
ninaA,Xrp1
CG3267,CG12099
LamC,spz
CG15661,CG13319
CG5455,CG42272
CG14174,DNApol-iota
CG5220,CG8818
unc79,CG6040
gb,eIF3ga
CG43783,CG11279
Sirt2,thoc7
CG32221,mor
dare,CG42353
Bka,dyn-p25
CG11891,nito
CR46128,Als2
CG4629,scat
CG12502,CG31817
imd,CG5466
caz,exp
CG11099,CG15196
RhoGAP15B,siz
CG13994,CG8405
CG2685,RpS3
Rel,Hrb98DE
CG6597,CG17544
CG6345,cv-d
CG15611,CG12115
CG11221,CSN7
SF1,CG1561
CG15765,PsGEF
Dpit47,S-Lap2
qjt,5-HT2A
RpS3A,Rh3
Oatp58Dc,CG34228
Karybeta3,CG10413
pont,CG30069
CG9003,CG8677
mRpL37,CG10948
Ssu72,tko
CG14722,twr
CG17162,CG18731
Cad99C,CG1673
CG3822,CG2202
Acer,obst-E
CG10466,RpL27A
unc80,Act87E
CG11073,Glycogenin
CG10257,CG14275
Edem2,b6
RpS9,CG13865
CG17528,CG7896
CG5861,app
CG5287,Npc1a
Vha14-1,Gapdh1
Ada,Ald
CG31028,Aats-gly
CG43672,CR44975
CG10433,CR42844
ctrip,CG34200
kdn,mlt
mRpS35,CG15735
mi,CG16820
Tnks,CG15111
bsf,CG17177
Ahcy89E,melt
tst,to
CG9497,RIOK2
CG1441,CR45182
Arpc4,CG13773
CG15019,CG5022
DnaJ-1,Syn2
CG9134,oc
CG2016,t
ATPsynCF6,raw
CR44043,Slip1
ste24a,CG7927
RpLP0-like,CG7506
Pen,FRG1
porin,CG1943
per,CG1314
CG10932,CG6006
Slimp,HnRNP-K
CG16756,hppy
rtp,CG12219
CR44237,CG33493
p,Drsl5
Pdh,Ars2
CG17111,CG15014
CG15097,CG31777
CR43242,CG14661
CG42383,CG9911
Nc73EF,ana
eIF-4E,CG14220
Fbxl7,CG9507
CR45916,CG1640
CG1628,CG3353
CG8503,CG34150
CG11190,CG9839
prom,E(z)
l(2)k09913,Tsp42Ed
CG7627,nmo
CG10139,cdi
CR44188,Slbp
RpL24-like,CG6512
CG16711,CG45057
MED7,knk
robl,Trp1
Ca-alpha1D,CR45804
ds,mim
CHES-1-like,Gbs-70E
CG42675,CG34345
godzilla,CG9547
CG18302,pit
CG8008,bgm
snoRNA:Psi18S-1086,l(2)k14710
CG31036,Idgf5
ppk29,CG33655
CG40486,CG10237
Tao,thoc6
CG44247,CG34163
CG7149,ssh
GckIII,CG1129
cv-2,mRpL24
CG10133,stmA
Synd,COX5A
CG10576,CG14969
CG8320,Calr
Osi2,BI-1
Cyp6a13,MED18
CAP,RpL11
Eip55E,su(Hw)
CG1737,CG10970
Ir25a,wat
CG12991,CR44507
CG4619,CG3556
CG10353,CG8679
Cpr,tsh
Nedd8,cry
bmm,snmRNA:158
CG16854,CG10513
CG6834,CG8492
a,CG14495
Syx5,RpS18
CR45457,CG3337
CG4716,Clk
CG1354,CG31207
CG12116,CG12661
Rgk1,pr-set7
CG6912,Dbp80
CG30497,Ide
Scamp,CG32655
Magi,l(1)G0045
CG42339,CR44946
Best1,TpnC25D
Cpr72Ec,CG8500
CG5537,CG11796
CG6254,CG15282
Atg16,CG14694
CG32549,CG8757
CG13283,CG10151
Pde1c,Cda4
CG31897,mtDNA-helicase
fru,Myd88
YL-1,Mlp60A
Mmp1,eEF1delta
Lrrk,Or1a
CG6293,CG3224
CG45095,Lst8
lark,Edc3
CG12581,osp
Hsp70Bb,Imp
Dhc98D,Tsp5D
CG13192,Mapmodulin
mRpS10,CG5131
CG34325,RpL32
NiPp1,CG32082
CG16959,Idh
CG9389,wfs1
CG5849,hyd
CG33158,Pdcd4
CG30427,Cyp317a1
Ipk1,CR44369
CG4847,CG15760
mTerf5,poe
COX4,Snap29
CG32407,CG6749
CR46022,CG7582
CG10479,CG11880
ClC-a,CG43091
RabX6,Rootletin
Usp8,Rpp20
jbug,CG15027
SPE,CG12848
CASK,Ance-5
smo,CG5955
CG14903,qkr58E-3
CG12325,RhoGEF64C
CG17324,CG7686
TH1,CG31323
Nop56,lkb1
CG43841,CG1607
CR43264,Hmgs
CR45625,CG16753
CG30154,CG6565
flw,RpII15
CG13630,AIF
kat80,Asx
psidin,CG18789
CG7239,RnrS
CG1371,CG17572
Esp,Pitslre
ttk,Nca
CG16787,Nat1
E2f2,CR44201
EfTuM,Mes4
CR45597,TfIIS
mael,rept
CG15099,Cyp4p2
CG9917,sn
Hexim,NKAIN
Hpr1,PQBP1
CG32486,Sik2
PIG-U,CG31431
l(2)k09022,tgy
CSN5,CG30340
CG31883,Or85c
fd68A,NimB1
frtz,disp
CG12241,YT521-B
Plc21C,TfIIA-S
CG1461,Tina-1
CG15473,CG43693
tamo,CG14636
Git,CG6693
Efa6,mRpS31
Xe7,Akap200
CG7110,Uch
CG14407,Rpb7
CG1824,toe
CadN,CG13101
CG42492,CG4789
CLIP-190,CG5337
CG5789,Ranbp9
CG32138,mia
CG12343,CG34245
RpS30,sog
CG4825,Tom40
CG32450,Tace
Vha100-1,CG9391
CG2200,Nxt1
Vps16A,CG13280
CR45882,Fmo-1
CCHa1,CG17996
Lrch,CG1234
Cht3,Saf6
CG4933,CG13022
RpS24,Ehbp1
CG17917,dpr8
Gip,CG10553
mew,TM9SF4
na,Atg14
danr,CG9377
ZnT77C,CG42795
CG15522,AdamTS-A
Start1,CG8149
cbs,Pi3K59F
Arpc2,CG15456
CG43068,capu
scaRNA:MeU2-48,RluA-2
RhoGEF2,CG7430
Mctp,CG14688
CR43275,CG13108
wds,Sec13
Gagr,CG42329
Eb1,U2af50
IM4,CG30203
dmpd,mdy
CR18854,CG10186
Cenp-C,p38b
Gat,hid
CG10737,CG12301
fusl,CG17265
l(3)72Dp,CG32686
CG17777,dpr6
CG11076,CG15317
CG15528,CG7872
Yp1,CG14662
mod(r),CG4725
CG7589,Cpr64Ac
CG9853,ninaA
mRpL17,GCS2alpha
Smg6,CG17660
CG3918,CG3267
CR44083,LamC
CR43837,CG12304
hay,CR44119
c(2)M,CG15661
CG6388,CG7182
mei-41,CG18600
CG8001,hiw
CG8243,CR45115
CG9813,PHGPx
bark,CG34138
SRm160,parvin
zormin,unc79
Gapdh2,gb
CG7084,Sirt2
CG10417,CG32221
CR45949,Rala
CG14523,CG7834
CG5080,dare
CG34445,CR45539
CG43343,Xpc
CG32191,CR45668
Adk2,CG11891
Sox102F,TkR99D
DIP1,CR44676
CG4962,CG41128
CR43836,l(3)72Dn
CG1407,CG4629
I-2,CG2157
RpI1,caz
CG4733,CG11099
CG13506,RhoGAP15B
CG13551,CG7646
CG14480,CG7728
Atg18b,CG30503
Phk-3,Top1
CG5909,nero
sta,Peritrophin-A
vnc,hang
Grip91,CG43740
Bet5,CG11221
CG18262,Miro
tx,Cdc27
CG3631,v
Nmdar2,moody
asp,okr
CR44915,GABPI
CG5439,CG12106
CG32202,CG33307
CR45175,CG13931
CG14207,CG9686
Lsd-1,Oatp58Dc
CG10702,Cow
CG34396,Dyrk2
drongo,Karybeta3
Vha68-2,CG10366
CG2614,CG34417
CG8814,Atet
CG5168,CG30373
Pex1,mRpL37
Gprk2,Iml1
eya,Ssu72
CG7737,Pgd
GstO2,Obp19b
Dsk,CG14722
Tre1,CG17162
aux,ebd2
Sws1,ATPCL
sw,CG3822
CG14321,ND-13A
CG4449,unc80
CG13607,CG10257
CG12384,CG14526
CG8010,CG17385
CG13893,mamo
CG10184,RpS9
CG6746,CG5861
grp,CG13999
Upf2,hts
Esyt2,TwdlT
snoRNA:Me28S-U2134b,Ciao1
drl,Buffy
CR45474,CG2017
S6KL,CG5287
Cyp6t3,Vha14-1
Abi,CG18812
Ms,CG10433
CG1885,Arpc5
snoRNA:Me18S-C1096,kdn
IM1,CG12290
Bx42,mRpS35
CG9396,Art4
sut2,Hr96
kst,Hs3st-B
lolal,Tnks
CG7185,ago
ect,bsf
Ziz,Ahcy89E
CG14100,tst
CG9267,FucTA
CG10898,CG9497
SIDL,CG1368
CG9425,CG9451
RpL13A,CG1441
Rpt6,mRpL19
Spn77Bc,AdenoK
att-ORFA,CG12768
CG12093,CG10289
CG8854,Syx16
mir-1,CG9134
CG3876,CG2016
Usp2,CG32982
CR45873,wtrw
para,fne
CR42862,ATPsynCF6
IntS10,CG11151
vih,porin
CG32483,per
kirre,rtp
Rab5,Corp
CG9318,CG10660
Gsc,ple
CG34120,elm
CG5599,Pdh
CR45388,Cht5
CG34340,CG17111
CG31855,CR43242
Prm,Nc73EF
Patronin,eIF-4E
CG6928,CR45916
garz,CG1628
Phm,CG30345
U2af38,prom
CG4065,l(2)k09913
Trx-2,CG10139
Galt,Tsc1
geko,cyp33
CG5773,RpL24-like
CG30008,MED7
CG15771,tipE
Oscillin,robl
ade5,baf
CG9640,ds
Cyp4d14,CG10195
CR44137,csw
Vago,CG8008
SoxN,tutl
CG13606,CG11368
CG13631,mus81
Cul5,Cad89D
tra,CG9279
blue,CG5071
AGBE,se
CG15082,CG31036
sbr,Pka-C3
CG2124,Ocrl
swi2,mRpL43
Bet1,CG40486
CG31550,Tao
Kdm4B,CG44247
CG12814,CG7149
CG34242,GckIII
CG8258,Tep4
CG11857,cv-2
lqfR,CG10133
Irbp,Synd
nonC,CG10576
CG7600,Osi2
Prp38,CG9018
CR44744,Atg6
CG10137,CG5853
Lk,CAP
CG2104,CG34393
CG32333,CG4619
CR44120,CycK
Past1,Ucp4A
loco,Cpr
DNA-ligI,Nedd8
CG13000,CG16854
Pak,Scp2
seq,snoRNA:Psi18S-525k
fu12,CG6834
CG1227,CG14937
CG3756,CG18539
Nopp140,Tom7
CG43164,CR45457
mRpS34,GC1
CG10345,CG4716
Zfrp8,CG7427
CG42561,CG12116
CG6115,CG31286
CG12229,Rgk1
CR45209,CG7724
Tim8,CG6912
CREG,CG30497
CG10343,Scamp
18w,CR45252
GstZ1,GalNAc-T2
Drp1,CG34135
Pmm45A,Cpr72Ec
CG13738,CG4297
Zasp52,CG8481
CG14408,Pde1c
CG13954,CG15046
CG30423,CSN8
CG11052,CR44512
Madm,CG12662
CG11828,lark
CG6891,CG31365
sut1,CG4829
CG4025,Dhc98D
phol,CG13192
CG15497,mRpS10
nol,CG34325
CG4925,CG10188
koko,Scgbeta
Tm2,CG16959
CG33120,CG5849
CG14258,CG15143
stv,CG33158
7B2,CG11127
CG13365,Sgt
CG8043,fab1
NaPi-III,CG32407
CG6753,mRpL28
amn,CG10333
sqd,DIP-alpha
CG12050,CG13012
Nse1,Rich
eys,barc
Ndg,Mob4
CG14837,Apf
CG1840,CG14414
CG17841,ClC-a
magu,Usp8
glob1,jbug
lush,smo
Ube3a,Neb-cGP
CG44286,His3.3B
CG31108,CG12325
Lcp2,GAA1
CG13360,CG14259
puc,CG17324
TfIIEalpha,Nop56
gem,CG43841
Syngr,flw
CG30022,kat80
CG3036,CG1371
spz4,mts
Muted,Rrp42
Arp6,E2f2
CG6785,Orct
CG2698,EfTuM
Rab3-GAP,rno
CG8086,CG3714
viaf,CHIP
CG9953,sgl
SdhB,MED23
car,Golgin245
CG5355,CG32486
CG14749,gammaSnap2
CG17068,CG1311
CG4338,CG7720
tobi,CG13390
DUBAI,CG14438
stan,Tbce
CG6805,l(2)k09022
CG8312,CG17734
CG12065,CG5151
mal,CG9775
MtnA,CG31687
snoRNA:U27:54Ea,peb
slp1,CG7702
CG11486,CG1690
sbb,CG4038
CG9117,CG9705
CG13077,Plc21C
Pka-R2,CG3436
RpL37a,Orcokinin
Trs20,CG1461
CG17991,CG10407
tai,Sec61gamma
Vap-33A,tamo
CG4042,Xe7
CR43928,cpa
CG4849,CG14621
snoRNA:Me28S-U2134a,CR45054
CG30274,CG17027
Hsc70-1,CG7206
Sox100B,KCNQ
CG17574,UQCR-C1
CG30284,ACXD
CR44999,CG42492
fbp,CG18765
Pat1,CG7568
Che-13,CG12343
CG11318,Dic1
Mal-B1,CG12375
CG45101,msl-1
frj,l(1)G0136
CG30197,Start1
CR46252,CG6617
mbf1,Vha68-1
CG15309,CG2921
pain,snoRNA:Psi28S-3186
Pkcdelta,Dysb
RpL19,CG17777
trr,CR45339
snoRNA:Psi28S-1060,MED10
CG5645,CG31802
if,ldlCp
ena,CG5080
qkr58E-1,CR46239
CG11504,Adk2
CG3356,Sox102F
ATPsynG,CG6847
CR43051,Spf45
Dhc62B,CG5346
dbr,CG4766
cl,Fer1HCH
GstE12,TfIIA-L
Atpalpha,Mes-4
CR43900,CR45299
CG16790,Ssadh
ens,CR44124
Pglym78,CG13901
CG1572,CR44396
CG11077,CG7148
GstE3,Sur-8
Sulf1,CG31220
ND-B18,Caper
snoRNA:Or-CD2,CG7737
Dab,Ance-3
CG2201,Alh
CG44000,thoc5
Mur2B,CG10011
Cdk1,CG7990
CG31751,CG13566
ND-B14,CG4449
ND-B14.7,Upf2
Npl4,CG17724
Itp-r83A,Rcd4
CG34402,CG6118
Ing3,DnaJ-60
CG15657,CG7402
Nedd4,cype
CG42336,nkd
CG42566,pes
d4,ApepP
Vps4,RpS2
botv,Upf1
CR18275,CG32104
ytr,Taldo
Nhe2,CG31867
CG8673,CR44073
dpr7,CG30392
CR44030,Act88F
Caf1,plum
CG8331,CG31324
CG30495,mRpS34
Spn43Ab,CG13331
CG31388,Cyp6t1
CR45210,S-Lap8
atk,pUf68
CG8519,CG15093
vnd,CG11842
CG2818,CG5919
EndoGI,CG16941
CG45105,CG32112
Acyp2,RpL6
CG32425,glob1
CG32182,CG32095
CG14995,lush
ND-PDSW,CR45330
Cyp12e1,snoRNA:Psi18S-110
CG45081,CG5589
phl,Lac
Octbeta2R,mRpL51
CR45865,CG33635
CG13741,Clbn
CG5181,CG4935
CG13585,NimC2
Cul1,stan
lectin-24Db,modSP
CG5867,SC35
RpL7,CG13603
Gyc32E,CR44129
RpS23,CG12267
CG9505,CG5191
CG8878,CG31704
CG17018,Sox100B
Ekar,St3
Adk1,Calx
Dlic,Mal-B1
dsf,ppk13
serp,CG8501
kuk,nod
Syb,snoRNA:Psi28S-3091b
daw,CG8635
Mhc,CG9849
cnn,CG3313
Cyp4c3,CG9657
14-3-3epsilon,CG9153
Coprox,Mipp1
CG42445,sr
Trs23,Dab
Eh,CG7466
dalao,Vps20
CR45910,snoRNA:Psi28S-1192a
CG12681,PMP34
CG13430,Rap2l
CG3107,CG15657
CG4806,CG8134
CR44431,Papss
GstT4,tth
Rlip,CG11334
CG6903,tos
CG17707,ND-PDSW
CG15067,Ten-m
Hph,ppk31
CG30109,Nup58
CG3662,mir-263b
Mat89Ba,CG10949
RpL13,CR43496
CG11378,CG31029
Spn77Bb,U3-55K
ND-SGDH,Rlip
CG2611,CG31528
COX8,CG12883
CG10663,CG16965
CG17556,robo3
Men-b,CG7637
CG7637,Not3
Fancm,Efhc1.2
su(f),CG15237
CG3397,COQ7
Rbp9,l(2)37Cg
CG30172,Duox
Gdi,CR44610
CG11160,CG14491
RpS27A,CG30424
sty,CG1998
CG10214,Jheh2
Crg-1,CG8646
key,CG9029
CG15529,CG33199
CG9471,CG13731
CG32809,Lar
CG45050,CG5597
CG12125,CG14397
pre-mod(mdg4)-L,P5cr
CG9987,FKBP59
CG14329,CG3709
CG8372,CG3967
CD98hc,ort
CG33939,dsb
sals,ng3
CG17768,Dlip3
Fbw5,crol
CG31612,CG7906
ct,Cyp6d5
CG18446,lva
CG5934,Pli
swif,CG8944
CG31142,CG32649
lin,NK7.1
Ptp61F,wcd
CR45033,CG10561
CG11226,RanBP3
Cpr97Eb,CG43367
mRpL9,Lrpprc2
Acf1,caup
Hsromega,vg
CG14731,CG32022
beta4GalNAcTA,mRpL54
CG1317,cue
CG16781,ND-24
CG9005,CG1142
CG4907,CG13096
CG12177,TfIIFalpha
Cyp4ac2,FucTC
CG5261,CG11267
Hel89B,CG6724
CG4230,CG1598
CG7275,CG2065
l(2)37Cg,CG4752
Rbp,CG13625
SdhA,sel
trn,Mis12
CG15546,Gpdh
AP-2mu,CG12170
CG5708,ATPsynbeta
SmD1,mRpL2
CG43089,Cpr72Eb
NPFR,CR44204
CG9691,CG4678
snoRNA:U14:30Ea,CG8950
CG10623,Ugt86Di
Desat1,CSN4
lig,CG43085
CG6276,unc-104
ORMDL,Obp56d
Cand1,ND-B17
Ppat-Dpck,CG3223
CG12263,CG2053
CG4069,f
TkR86C,spoon
Adgf-A2,Zpr1
Brca2,CG1537
alien,CG12736
APC10,CG13766
fzo,Nos
Mical,mxt
Sgs1,Cyp6w1
Sema-1b,ND-B14.5A
CG18428,CG15514
Msr-110,CG9205
nudE,Twdlalpha
ifc,Tfb1
Pallidin,l(3)02640
CR45911,sdt
sas,CG11444
Uhg1,Liprin-gamma
CG2082,Nnp-1
hng1,Lectin-galC1
CG5999,CR45329
meigo,cg
CG4119,CG9555
DIP-eta,NimC4
RNaseX25,CG1316
CG13204,CG13055
CG17600,TwdlY
CG8526,Syx6
CG8777,RpL12
rdgA,Mad1
CG3448,sad
CG11537,CG13643
RpS15Aa,CR45418
Drep1,CG13046
Tom20,CG33051
RanBPM,Tapdelta
CG7766,CG7218
Hcs,CG8248
CG13739,CG9317
CG8435,Adh
CG32069,Eip71CD
Sirt7,CG10616
RabX4,Mcr
ltl,Det
CG5676,CG3632
ida,CG2162
CG5033,RpL18
CG16799,RpL23A
CG7920,CG8170
CG42489,Elba2
ppan,mxc
Alk,CG10514
CG12869,CG5326
Rpb8,Taf11
spict,Mat1
wgn,Pex3
Klp31E,CG5458
mof,CG33766
RpL14,Roc2
Unc-115b,CG7988
CG33298,CG5214
Nrg,CG1236
Actbeta,CG33643
RYBP,Sec24CD
CR45350,Rbm13
CG9674,CG32137
Cyp6a2,Tap42
l(1)G0020,upSET
CG12105,Rcd1
PGRP-SA,Not11
Vps35,CG43921
CG11808,Vps37B
Pdk,CG8235
CG12746,Map205
Iswi,Uev1A
CG33144,CG17019
eIF2B-epsilon,CG9864
Efr,Syx8
CG4714,CR43356
PGAP3,mRpS11
CG8034,CG14608
vig2,slmb
Cyp4d8,CTPsyn
stck,AP-2sigma
CG13937,ksr
His3.3A,chn
alpha-Man-Ib,Corin
CG5021,Atg3
CG31915,Bem46
tej,CG17207
CG13177,smid
Cyp309a1,CG5613
CG17163,DIP-theta
CG2652,mv
whd,sprt
regucalcin,Drak
CG6959,CG31370
eco,SLIRP2
glo,nmd
Ir68a,Mpp6
CG5660,CG12159
CG7744,CG10399
CG1910,CR45533
CG31126,CG14857
CG13995,CR44230
CG5435,Clect27
snoRNA:U27:54Eb,CR46089
CR32636,CG2765
cpo,AP-1gamma
Hsp70Bc,CG43338
CG13096,CG1418
Teh2,Taf10b
Ibf1,CG33303
ms(2)34Fe,l(2)05714
TfIIFalpha,CR43314
CG1722,CG6324
CG15436,CG43779
atilla,pncr009:3L
CG5555,CG2120
FucTC,CG4278
CG17190,CG7408
dUTPase,CG2915
CG11241,CG9522
CG4341,z
CG1882,CG9286
Cdc37,pod1
Gr2a,RnpS1
COX7C,CG30395
CG31676,beag
RabX1,CG5367
EDTP,Tom70
Prosbeta2,Timp
CG11986,Arfip
CG8060,Spc25
CG11123,CG42790
stj,hoe2
CG17230,Taz
Prat2,CR45187
Ykt6,CHMP2B
CG10592,CG5791
sced,rod
Pi3K92E,CG17549
PrBP,Tep1
Cchl,CG6418
CG31211,CG14964
kug,CG32395
Mis12,CR44338
TwdlG,CR45018
ade2,CG6231
CG17454,CG1677
CG1571,Osi9
Gpdh,CG5728
CG12170,GstD5
Tgt,CG8888
RpL41,CG10672
CG15418,RabX5
RpS15,Dmn
shd,CG6985
Lnk,Nmd3
l(2)gl,CR45924
ATPsynbeta,bru-2
CG10307,CG5953
Tspo,CG7044
CG34148,CG5455
CG18568,CG16742
CG1265,CG3014
Pms2,MED20
CG2118,Rel
Su(var)3-3,CG15611
SmD2,CR45327
subdued,CG15765
Sara,CG12003
CG16908,CG17737
CG14341,sqa
CG42541,ppk5
Ugt86Di,CG11073
Rpn6,exex
eIF-5A,CG15908
CG8080,CG43346
Max,Vps33B
CG34174,DptB
Ote,CG15019
Acon,CG17929
CG17322,ste24a
Obp56d,RpLP0-like
Irk1,CG16756
CG4328,CG15449
Ir62a,Ca-alpha1D
mt:ND6,godzilla
Cyp12a4,CG34313
CG8993,CG6034
Tpi,Sec5
CG7120,CR45941
CG9427,CG6280
CG34133,CG9626
Pop2,Eip55E
CR32385,CG10721
UGP,CG5844
CG16817,Oseg4
CG3223,TM4SF
Hakai,CG10585
CG12256,sea
CG14971,yata
CR45141,ics
CG16926,CG16787
Mtap,Snx3
p53,Ady43A
Mps1,CG42846
CR43257,Cnot4
fs(1)N,CG13957
Csl4,CG7215
beg,E(Pc)
CG12947,
CG10777,
CG33090,
shot,
CG14291,
Nos,
Nnf1b,
CG15717,
CR44283,
CG9231,
Gr39a,
CG31937,
CG6041,
CG11752,
CG15514,
mt:CoI,
Mip,
chas,
Cpr49Ag,
CG45263,
CG8578,
klu,
Maf1,
Usp1,
CG6665,
CG11257,
loj,
sima,
CG11555,
CG34141,
Liprin-gamma,
hoip,
Nnp-1,
snoRNA:Psi18S-1377d,
CG2269,
Uhg4,
Tim23,
CG7791,
gish,
cg,
CG6689,
CG13760,
CG2145,
blp,
Uhg3,
CG9521,
Asph,
CG4612,
HSPC300,
CG10560,
CG5381,
flr,
Mrp4,
CG5880,
Syx6,
CG5778,
CG9449,
CtsB1,
trus,
XRCC1,
Vps25,
RpL8,
CG17359,
CG43165,
CG6479,
Appl,
CG9132,
Nep2,
phyl,
dob,
CG31886,
CG14567,
CG31778,
CG7277,
Cyp18a1,
CG30291,
Mst36Fa,
CG32281,
CG1968,
CR44299,
shg,
St1,
CG3552,
GlcT-1,
Cyp6a20,
vls,
CG43143,
CG18754,
rasp,
CG33051,
dl,
Tapdelta,
DNApol-eta,
Socs16D,
akirin,
Aplip1,
HdacX,
CG10508,
Tob,
CG34353,
Gad1,
endos,
Act79B,
Mcm2,
Mtch,
CG8839,
RpS14a,
Cul2,
dpp,
sina,
CG2162,
Ns3,
laccase2,
CR45789,
CG11560,
CG1105,
CG18659,
CG8187,
Gbeta5,
CG8170,
vari,
CG1552,
GNBP2,
RpS20,
CG16762,
dmrt11E,
CG14968,
CG13531,
CG16886,
Taf11,
CG7518,
Sirup,
CG11412,
vsg,
CG4679,
Cyp6v1,
htt,
zetaCOP,
dup,
CG4813,
pirk,
NimB2,
Hr78,
ND-51,
CG11353,
CG31068,
CG30105,
CG30122,
msps,
loqs,
NimC1,
Bzd,
CG5267,
CG32772,
Aldh-III,
Sod2,
CG14764,
dve,
mam,
CG44245,
Sec22,
CG1463,
Or82a,
CG9213,
Adgf-D,
CG32137,
CG11147,
Mid1,
CG3984,
Vps45,
CG6506,
CG43103,
CG5375,
CG12071,
CG30283,
upSET,
dlg1,
CR44498,
CG12236,
CG32432,
CG2681,
CG9090,
Surf1,
PI4KIIIalpha,
Pp2A-29B,
Tm1,
rump,
CR44644,
CG16758,
Osi24,
HIP,
CG8235,
Ack-like,
CG7542,
CG10866,
Mvl,
spin,
CG5493,
CG14906,
CR45145,
CG7326,
CG42399,
CG9531,
Cdk5alpha,
snoRNA:Psi28S-1837a,
CG14446,
Cen,
CG11550,
CG17168,
CG6287,
bchs,
CG3608,
bbx,
CG8147,
Axn,
CG7009,
snRNP-U1-C,
CG14132,
CG5895,
CG6051,
CG1275,
CG9784,
CG3368,
MED30,
CG3689,
CG11791,
ksr,
CR43754,
Reph,
CG9149,
CG12163,
Obp83g,
Uhg2,
CG10584,
CG5613,
cbx,
CG2982,
CG17746,
Pkc98E,
CG14806,
MFS14,
CG13398,
CG5823,
sprt,
CG8005,
Nup160,
Fie,
CG13436,
Drak,
su(r),
CG7781,
CR44982,
CG10163,
Axs,
hbs,
Mesh1,
Lpin,
CG11737,
Seipin,
r,
Mpp6,
CG8788,
srl,
Mfe2,
DNApol-epsilon255,
Odc1,
trem,
RpL18A,
UQCR-Q,
CG40198,
nrm,
brat,
Tsp29Fb,
Unc-115a,
CG5910,
CR45004,
CG32212,
CG7656,
CG8028,
CG16700,
pdm3,
Atg17,
CG7083,
Ac13E,
CG44437,
CG13397,
Fak,
CG12259,
ATPsynO,
tj,
CG11920,
mbc,
CG10062,
RpL30,
CG17664,
Piezo,
mRpL50,
salm,
CG12099,
eIF-4a,
CG42272,
List,
Thiolase,
CG14196,
usp,
CG13841,
CG33145,
CG42353,
snoRNA:Me28S-G2703a,
CR44756,
CG17202,
exp,
CG15196,
CG13624,
CG9297,
CSN7,
CG42534,
Dak1,
CG30069,
CG8677,
tko,
Zif,
Glycogenin,
CG2790,
l(2)05714,
Prosbeta2R2,
CG10405,
mdlc,
RhoGDI,
NUCB1,
rdgBbeta,
sfl,
twe,
NC2alpha,
CG43867,
dgt4,
CG3940,
CG9628,
melt,
FRG1,
fliI,
CG33493,
CG5498,
Ars2,
CG45782,
insv,
CG8498,
CG3353,
CG34150,
CG4278,
CG7408,
E(z),
Gasz,
cdi,
CG4393,
Mec2,
CG15293,
CG14949,
Dscam3,
CR45804,
Aats-trp,
mim,
stg1,
CG3635,
CG31636,
CG7115,
CG33640,
l(2)k14710,
CG7029,
RpL28,
Ptpmeg,
HDAC6,
beag,
CG2107,
CG9265,
CG11438,
CG14879,
MED18,
RpL11,
CG31103,
CG8679,
tsh,
CG8492,
RpS18,
CG5447,
Sac1,
CG4610,
CG31207,
pr-set7,
mt:ND5,
sgll,
CG32655,
ND-B16.6,
CG30082,
hoe2,
CR43975,
CG8500,
CHMP2B,
CG43094,
CG5791,
Mlp60A,
fs(2)ltoPP43,
CG6415,
CG9632,
CG3224,
jp,
brp,
CG5149,
Hlc,
POSH,
RpL32,
CG8771,
CR46082,
Ak6,
egg,
Pdcd4,
ntc,
CR43604,
CG11880,
CG43091,
Rootletin,
CG15027,
CG8108,
qkr58E-3,
pre-rRNA-Psi:CR45856,
DCX-EMAP,
lkb1,
brm,
LSm1,
CG4096,
Ras64B,
IA-2,
spartin,
GNBP1,
RnrS,
CG3809,
Sik2,
CG30357,
CG32395,
CG30340,
CR43916,
ppl,
kermit,
cdm,
noe,
Mekk1,
TfIIA-S,
PGRP-LA,
Tina-1,
CG8219,
mRpL33,
CG1677,
l(1)G0232,
CG3817,
CG14715,
LBR,
vkg,
Tes,
CG43689,
shu,
Pngl,
CG5337,
CG10672,
CG1109,
RabX5,
PGRP-SB1,
CG18003,
fws,
CG9391,
CG6422,
scaRNA:PsiU2-35.45,
RpLP2,
tral,
CG4972,
CG12018,
CG12182,
Dmn,
RpS25,
l(1)G0320,
RluA-2,
CG12825,
fz,
CG43202,
Kdm2,
CG9780,
prod,
Ibf2,
rtv,
Ef1gamma,
net,
Actn,
CG3294,
Hs2st,
CR44119,
CkIIalpha-i3,
ctp,
CG6583,
CG16742,
Dark,
AdipoR,
slam,
Cda5,
numb,
Vml,
amon,
CR45185,
Yp2,
COX5B,
ric8a,
CG43740,
CG11456,
CG13685,
Cdc27,
v,
Cp190,
GluRIIE,
GABPI,
Npc1b,
Sesn,
CG17739,
CG33307,
CG9686,
bsk,
Cow,
Pex10,
Dyrk2,
Atg101,
CG30373,
mrn,
CG14778,
scramb2,
CG6184,
CG9776,
eIF-1A,
Nelf-E,
CG15908,
CycG,
CG10384,
CG43346,
Buffy,
CG2017,
CG18812,
RpL21,
CR43833,
CG9928,
CG8560,
NTPase,
Meics,
CR45398,
CG9451,
Ripalpha,
Tomosyn,
CG9902,
Syx16,
CG8891,
CG32982,
wtrw,
CG3209,
CG7603,
JHDM2,
Tango11,
pzg,
CG11151,
CG1646,
G9a,
ple,
Meltrin,
CG15912,
trol,
CG16791,
CR44566,
tipE,
csw,
tutl,
CG11368,
mus81,
Cdk12,
CG6145,
CG43078,
CG7650,
Pka-C3,
Tep4,
CG16868,
CG5853,
Ucp4A,
CG7252,
Scp2,
UQCR-6.4,
CG8860,
Spps,
Sodh-1,
CG16786,
CycT,
CG1360,
ird5,
Oseg4,
CG7724,
CG10734,
CG8939,
cin,
bwa,
Gbp,
CG32521,
Vps60,
CCDC151,
CG7296,
CG8188,
dila,
babo,
Picot,
Hsl,
Scgbeta,
CG15143,
SP2353,
sea,
wdb,
CG5705,
CG3634,
Ino80,
fab1,
retm,
Axud1,
Blos1,
CG32448,
CG31414,
Rich,
barc,
Unc-89,
alpha-Est2,
CG4329,
CG14483,
Neb-cGP,
CG13085,
Nab2,
l(1)G0334,
CR44761,
CG18131,
Exn,
CG12547,
Ccn,
5.8SrRNA-Psi:CR45863,
CG5065,
CG13390,
CG14438,
Tbce,
snama,
Hmx,
CG31687,
CG7702,
CG4038,
CG33169,
Antp,
CG9304,
metro,
CG32815,
Int6,
