GSE56931,GSE108539
TRMT1,TERF1
CHCHD3,EBAG9
PUF60,ZNF7
CHST7,UHRF2
SERTAD1,C9orf72
ANK3,FBXO10
CLSTN2,SIGMAR1
GMIP,AUH
ZDHHC18,ZNF462
AGPAT9,UGCG
ZNF101,STOM
ZFP90,SURF6
TARBP1,REXO4
CADM1,FAM73B
ZSWIM5,HMCN2
SAR1A,INPP5E
METRNL,FAM13C
ZNF354C,POLR3A
EML4,HERC4
ZNF76,CAMK2G
SMPDL3A,ANKRD1
BIN1,PAOX
HEATR5B,PPRC1
MON1B,ITPRIP
TTLL4,CNNM2
NUP210,BTBD10
CEP68,LIN7C
POU2F1,TUT1
AASS,DGKZ
RDH10,SLC43A1
C1orf109,PTPRJ
HIVEP3,ARFGAP2
VPS13A,ENDOD1
UNG,SERPINH1
PPP1R3F,ADAM33
CAPG,MTA2
MLLT11,FADS1
PLCG2,EML3
SH3BP5L,INCENP
WDR47,B3GAT3
SPOP,ESAM
INPP5F,LSM14B
KLHL21,NUDT22
MYOT,MRPL49
SMAD7,TMEM219
FAM160B1,MPP7
SLC30A1,CTF1
MXD1,ARID5B
PLK2,N6AMT2
RPL13A,CTAGE5
FLT3LG,PDCD4
HSPH1,VEGFC
ADIPOR2,CCT5
NR3C1,PIP4K2A
TMEM143,CRIM1
TAF9B,SEC24D
MKLN1,DHX37
LPCAT1,ITPR1
RNF166,CCRN4L
PIP4K2B,UEVLD
BLMH,TMEM86A
ZBTB4,IPMK
ARHGAP27,DLG5
ZNF146,GXYLT1
CCDC126,DIP2C
EEPD1,EIF4E
TOMM70A,MIPOL1
GIPC1,FER
DGKG,ANKRD50
HYAL1,VPS26B
CYP51A1,QTRTD1
WDR70,EDNRA
FMNL1,NR3C2
SRM,ADAM8
UBIAD1,ANKAR
ARRDC3,INPP1
BTBD3,ADAM17
POGK,FLI1
PAG1,SAV1
FURIN,C5orf28
PRMT1,SCHIP1
GGCX,TMEM56
BST2,C18orf25
GARS,TCF7L1
DKC1,UHMK1
PRDM5,TADA1
SEPHS1,CWF19L2
PCDH12,ZNF773
GDI1,ZNF776
PAX7,ZNF256
ZCCHC11,DCLRE1C
ELAVL1,RPP38
CKB,ZFP36L2
UXS1,MBNL1
SLC2A8,GJA1
TOR1B,GPR180
SNPH,IFIT5
PHF1,SLC16A12
MAP3K11,PANK1
MTDH,PRDM8
UXT,PTPRK
DERL1,PLOD2
BIN2,CDYL
PRR14,CARHSP1
GPRASP2,TXNDC11
PGAP2,DAB2
FAM109A,BCL2L11
RIPK2,HNRNPU
MED25,TMEM87B
R3HDM2,RBMS1
GRK5,FAM49B
CBX5,ASAP1
SFMBT2,LPCAT1
BRE,ING1
ACACA,UBP1
STMN3,PTPRD
GABARAPL1,GTF2E1
PPP1R12C,CEBPG
TMEM39A,KCTD15
COPS7B,ZNF599
LDLRAD3,CHD1
INHBB,HS2ST1
DCXR,ZUFSP
PLXDC1,GDPD1
LMNB1,NUS1
CYB5R4,PITPNC1
KIF27,ABCA6
CD93,ABCA10
ZFAT,MIA3
TM9SF2,DISP1
FAM126B,TNIK
NMNAT1,PGM5
YIPF4,ENAH
BAZ1A,FAM69A
MAN2A2,LY96
ZNF200,BTG3
CHCHD7,ADAMTS1
ZNF33A,ADAMTS5
MCL1,TSEN2
ARL2,FLCN
GBE1,PLCL2
CCDC88C,PPP4R1
RNF214,APCDD1
AARS,MPPE1
SAMM50,ZNF18
ATP13A2,CYP2U1
EAF1,KLF10
ZNF397,OTUD6B
ULK1,TTC39B
TTC9,MMS19
HOPX,MARVELD1
SLC31A1,SLC25A28
PIK3IP1,HSPA13
AKR1C1,GRAMD3
PIK3R3,ZKSCAN2
KIAA0556,RBM45
NCKAP5L,PDIA4
ZNF286A,KCTD18
ZNF275,FAM126B
SLC15A3,PPARGC1B
SIAE,SLC26A2
ABCB7,MED7
MKL2,RASA2
CTSZ,RMND1
CUEDC1,CLIC2
MARK2,GNA14
TRAF5,FAM161B
CLIC1,GNAQ
EPAS1,DCK
IGSF6,WHAMM
UNC119,RWDD2B
TP53BP1,BACH1
HLA-DMB,ANKRD9
CCM2,PCDH1
VAT1,TSPAN6
MYO1F,FGR
BTBD8,NFYA
ARGLU1,SEMA3F
BTG2,CYP51A1
GTF3C6,LAP3
MBOAT1,SNX11
GNG2,RBM5
PPIE,SARM1
HBEGF,POLDIP2
PIK3R1,PLXND1
CYFIP2,KDM1A
LYRM7,RBM6
TMEM184B,RECQL
NCOA3,HSPB6
JDP2,PDK4
ASB13,ARX
TICAM2,SLC25A13
BRF2,ST7
SEPW1,CDC27
AP1S2,CCDC109B
KCTD10,DHX33
TSEN2,MEOX1
UNC13D,CREBBP
BICD2,MYCBP2
ARMC7,ITGAL
ERN1,PDK2
PDXK,ITGA3
CST3,ASB4
TNPO2,C19orf60
MLF2,OSBPL7
ADAMTS17,MAP3K14
NKIRAS2,TMEM132A
BTF3,ZNF263
APOM,CX3CL1
MLKL,TNFRSF12A
MAP3K5,MAP3K9
EPHA2,RALA
MS4A7,IFRD1
PAPOLA,MARK4
BZRAP1,GAS7
TTC31,RHBDF1
CNPY3,LUC7L
OSBPL6,BAIAP3
CETN2,PIGQ
OXA1L,TEAD3
RIN2,FMO3
CD46,JARID2
NUDT16,CDKL5
ASCC1,AASS
PDZD8,SS18L2
CSF1,MPND
DUSP2,ST3GAL1
MBD6,PKD1
TAOK3,SEC62
SPATA6,REV3L
PHF23,PAX7
NMI,FAM76A
OSTF1,POMT2
ALG8,BAZ1B
ADCY9,PHF7
TMEM173,SEMA3G
C6orf48,NISCH
COL13A1,STAB1
SCAP,FUZ
MARS,LRRC23
BRI3BP,APBA3
FH,MKS1
CIITA,ABHD5
ARL15,UTP18
IL1R1,PTBP1
PNP,PIK3C2A
RAPGEFL1,PPP5C
TMEM38A,MAP4K3
ARHGAP17,TYROBP
MGRN1,LTF
MEGF9,ELOVL5
FOXJ2,ALOX5
TYROBP,KDM5D
SAMD4A,CALCOCO1
C3orf17,MAP4K5
FAM134B,EHD3
DDX21,MVP
LMNB2,PGM3
BCL7A,CLK1
ORMDL3,POLR3B
AFTPH,RNF14
DCAF8,BID
NXF1,ATP2C1
ICK,WWTR1
RBP7,AGPS
NR1D1,CXorf56
ZC3H12A,ATP1A2
RPS14,PRDM11
RNF130,ZRANB1
GSTK1,ZFP64
BZW1,MRE11A
ARSG,SERPINB1
KCTD5,FHL1
SNX9,ZNF839
CHMP4A,ZDHHC6
RFX5,RB1CC1
AP1G1,BIRC3
PAF1,GCLM
RBM10,CCDC28A
MRPS2,HSF2
BPTF,NR1H3
CCDC127,FAS
ATRN,CD44
DNAJB6,IFNGR1
RPTOR,TNFRSF1B
BFAR,SNX1
SLC22A4,TBPL1
AGBL5,BCLAF1
P4HA1,SLC39A9
ARAP1,ANK1
LETMD1,FAM13B
ZNF646,ARHGAP31
ABI2,PNPLA6
NSMAF,ZCCHC8
CISH,FUT8
PDE4B,UBA6
ACSL3,ATP6V0A1
NTHL1,SLC4A7
NUP88,TMSB10
PLCB1,ASTE1
C6orf163,RNF19A
PRF1,FAM136A
CCND3,NSMAF
ARPC1B,ADSS
FAM160A2,USP2
BTBD10,FBXO42
PRPSAP1,MFAP3
SNAP29,METTL1
SAC3D1,TRIO
GNE,VCAN
PAFAH2,RAI14
TFEB,PNKP
ILVBL,CTNS
RPS13,PHF23
AKAP11,INPP4A
GALNT10,LSG1
HTRA1,THAP3
PCDH9,FAM65C
ARHGEF10L,MED17
LEPROTL1,DCUN1D1
HNRNPR,LCP2
PITPNM1,WDR37
ZNF589,YTHDC2
ST7,ARAP2
GATS,DTNBP1
TMEM177,XK
HIRIP3,C12orf4
PRKCSH,ARHGAP6
FPGS,HDAC9
CALHM2,NOP16
NAIF1,ZNF800
FBXO9,RSF1
VWA5A,CELF2
BLCAP,R3HDM1
CCDC17,KITLG
IKBIP,ERCC8
ADH5,VAMP3
MAPKAPK2,PER3
ZNF43,RCN1
PTPN12,NEDD4L
EIF4E2,HEXB
BTAF1,JKAMP
MAN1C1,MAPK9
TM6SF1,HERPUD1
SDF2,MPHOSPH9
SLC25A38,SIKE1
TRIM21,FNIP2
DIP2B,AKR7A2
EXOC6,MRTO4
RNF122,THRAP3
TMCO4,ARID4B
GRAMD4,SDCCAG8
DNTTIP1,KIF1B
APH1B,SYNE2
TRAF3IP2,NOP58
TIMP2,FAM114A2
ZNF416,EIF2AK2
AP4E1,USP36
ZMYM3,CCDC85A
ZNF160,PUM2
MYO1C,TRAF1
CD83,RC3H2
ARHGEF6,IL17RB
SMARCB1,TRAF3IP2
CASP4,SOAT1
ABCA1,GDI2
MCCC1,TMCC3
AKR1A1,MTA3
CYTH4,USP13
ZNF414,CDK14
SLC46A3,POLR3E
ST3GAL5,RIOK2
TMED5,FLYWCH1
CSTF3,UNKL
FGL2,PARP12
RBMX2,ALDH18A1
CYB5D2,MXD1
SLC39A1,CDK17
SLC35F5,SLC2A3
GNPDA1,OGFR
TSHZ2,QSER1
TSPAN2,ACAA1
TTC3,POLD1
STK40,SPHK2
MGAT1,ISOC2
TBC1D4,MED29
SLC25A19,ZNF275
AES,HAGH
HNRNPA3,WISP2
PLXNA4,CDON
SLC30A7,TAF2
LYRM4,RFXANK
TMEM69,TMEM161A
MAPK1,SLC12A2
PLEKHG3,CNN2
CX3CR1,ABCA7
RASGRF2,DDX20
EIF4EBP1,SBNO2
ACBD6,SLC9A3R2
FUNDC1,NTHL1
MID1IP1,WDR3
USP28,TRAM2
RRN3,ANKRD44
PRKAA1,TBC1D22B
ZNF552,CYB5R4
MSL1,PRKCQ
ZNF438,FOXJ2
PRKDC,PPP2R5A
SREBF2,ELAVL1
OSTM1,TIE1
NIN,KDM4A
CWC25,SPI1
NT5DC1,EML1
COL4A3BP,MTFR1
ERMAP,MYO9A
COX7A2L,PFKP
SIN3A,SP100
USP46,KLF6
ZNF354A,NEO1
ZCRB1,UBE2L6
SP3,SAMD8
PPM1H,RAB11FIP1
HERC2P3,ATAD2
SLC35E1,FBXO32
SNX11,PHKG2
ITGA6,HIAT1
STS,SASS6
DGCR2,MPV17L
MPZL1,EXOG
TIMM9,SLC6A1
SPAST,SMG1
PEX5,TIMP4
LGMN,C1orf27
DCAF16,CLDN12
PTP4A2,MMP14
RPL14,DHRS4
MRPS16,FUK
CORO1B,KIT
SEPN1,AASDH
ICT1,MYO1E
STK17B,TSC22D3
ZC3H6,DSCR3
NAA35,ERG
DDX42,ETS2
NKG7,TMEM164
CRYL1,MX1
PHC2,CREB3L1
RCAN3,UBN2
PER3,BRAF
FXYD6,PSMG3
MRPL45,FMNL2
KIT,RAB28
NOM1,PANK4
FTO,WIPI2
SIRT3,LDLRAP1
ITSN2,EXTL1
UNC13B,BRE
IBTK,TRIM63
ARHGEF9,DUSP2
AMPD2,NCK1
ETFDH,XKR8
ADSS,CNNM4
STIP1,WASF2
GNL3,CUL4B
C1QTNF6,AUTS2
BMP2K,KCNB1
AKAP1,NRG2
HMG20A,B4GALT5
RELL1,GDPD5
SSH1,TMED4
C12orf75,COPG2
ATIC,PKD1L1
UBR5,ELK4
PDGFD,NBL1
HSF2,F11R
MORC2,ZNF276
TMEM18,FCER1G
ANKRD27,CACHD1
TMEM120A,RAPGEF6
PTRH2,ALG8
RAB20,FBXW5
KIAA0391,IFNGR2
SLC43A3,GART
HIRA,RCAN1
SLC35C2,RUNX1
FCHO2,PSMD4
SLC25A40,BTG2
PARL,ALDH4A1
FBL,UBR1
GRN,AMFR
ADAM19,CCDC17
VIT,GPBP1L1
EHBP1,ACE
KBTBD2,CTBP1
KLF12,TPPP3
TARDBP,ZDHHC1
STAT1,RGS12
SNAP47,PSKH1
CLEC1A,ZNF221
MAST2,ZNF235
AGTRAP,CALM3
LBH,DFFA
PLEKHO1,BSDC1
GDPD3,ZBTB8A
DENND4C,ZNF362
WIPI1,CPAMD8
CD79B,NR2F6
CDC42EP4,VMA21
FBXO21,SLC37A1
PRPS2,PDE9A
PITPNM2,RRP1B
UPF1,RRP1
RBM20,TRAPPC10
PAPD5,C21orf2
CNBP,ITGB2
DDB2,RALGDS
MBD2,LSS
SGSH,ST6GALNAC6
THOC1,SPTBN4
ZNF366,PPAPDC3
TTC19,TAOK1
COQ2,DEDD2
DVL2,SIK3
RAB7A,SAFB
STARD8,ZBTB7B
SLC25A25,FLAD1
CLPB,SHC1
43896,VPS11
NRP1,IL6R
HCG9,CRTC2
NR6A1,ANO10
TMEM140,RUSC1
PTGDR,PMF1
LHPP,SLC25A44
TGIF2,NBEAL2
WDR82,GPATCH4
YPEL2,FGFR4
TP53INP2,VPS28
PPFIA1,PPP1R16A
CD53,ALKBH4
MTX1,SQSTM1
RBL2,MGAT4B
LTBR,AP2M1
DAZAP1,BDH1
PPP1R3E,PLXDC1
PEX7,FDXR
ZBTB7B,CYGB
STXBP5,TMEM143
IRAK3,ITGA5
NR1D2,ZNF385A
CDK19,CD300LG
MTCH1,ASB16
DET1,JOSD2
SPATA2,LARP4
TRMT5,GRASP
KLHL29,IP6K3
CMAS,LEMD2
MRPL20,BCL6B
HSD17B8,POLR3K
TMBIM6,WDR90
UPF3B,AMDHD2
ABHD14B,FLYWCH2
PTK2B,ZNF75A
PDCD6IP,NEU3
IGSF8,ASRGL1
FKBP15,TAF6L
NEIL1,SLC25A45
ABRA,CMPK1
TMEM110,BEND5
TOP3A,SLC1A7
RPL4,ACOT11
SRPK2,PARS2
CEPT1,PPAP2B
MYO9B,PRKAA2
PRCP,KLHL21
C20orf24,LZIC
HHEX,SLC25A34
ATXN1,PDPN
NR1H3,LRRC38
ZNF512,LAPTM5
ENO1,SYNC
SMAD3,RBBP4
MPST,KIAA1522
FAM76A,CAMK2N1
NCKAP1,SCNN1D
SLC36A1,MXRA8
EWSR1,MYSM1
PTTG1IP,USP1
KCND3,FUBP1
DNAJA3,NEXN
GAB3,GBP2
DRAM1,ATXN7L2
POLR3GL,ZNF326
B3GAT3,VCAM1
CSGALNACT2,SLC30A7
C14orf119,ZNF281
PDCD2L,ZNF496
OVGP1,IGSF8
FKBP4,PEA15
GLB1,OLFML2B
ZC3H10,FCGR3B
NAV3,C1orf74
CHSY1,ATF3
RNF13,SNED1
KLHL24,PKDCC
NGFRAP1,MRPL55
PNO1,REL
STRBP,RFTN2
MLLT10,NUP35
AKR1E2,H3F3A
ANKRD2,SLC16A14
VCAN,INHBB
AGAP3,RPRD2
RPS18,CTSS
KLF9,MSX1
NPM1,LYSMD1
GK,ERCC3
DGKD,RNF149
SAP130,CDC42EP3
CMTM8,S100A11
ZNF302,DHX57
SSRP1,S100A9
CBR3,FZD5
CCDC149,GNPDA2
ADARB1,MRPS18C
DAD1,CGGBP1
SH2B3,GPR155
SPEN,YY1AP1
C12orf57,KBTBD8
WRN,ATP1A1
IL4R,LRRC58
CLTC,TMEM183A
HPRT1,RNF25
GOLGB1,CCDC141
TBRG1,CWC22
APH1A,TGFBR2
SEC24D,ANKZF1
SLC16A7,FBLN2
MYC,STT3B
KATNAL1,PRKCI
CDC27,MNDA
P2RX6,IFI16
KHK,RPL22L1
UMPS,PPM1L
DNMT3A,PPP4R2
SIPA1L2,WDFY3
CRTC3,COX18
TLN1,ADAMTS9
PEBP1,GMPS
BNC2,TIPARP
PFDN6,CCNL1
RRP15,DCLK3
RAB5B,SLMAP
TSC2,CRELD1
DNM2,MTMR14
ABHD5,RCHY1
NBAS,WDR43
NEIL2,CLEC3B
SBF2,LZTFL1
ZKSCAN1,FYCO1
SNRPA,CCR1
USP40,LRRC2
NPAT,FBXO40
DIRC2,DTX3L
ZNF697,TPRA1
NDUFB4,YEATS2
ANKHD1-EIF4EBP3,KLF15
SEMA6B,HEYL
LRP10,BAP1
KLF10,TKT
MAGED2,PRKCD
OOEP,SFMBT1
GFOD1,GNL3
PPP2R1A,ARHGEF3
DCP2,RNF168
PDE7B,ERMAP
NCBP2,SGMS2
PARP12,SHISA5
GTF3C4,SPRY1
TGFB3,APEH
KDELC2,MFSD8
IL12RB2,RAD54L2
PALB2,TEX264
COQ10B,DUSP7
DCP1B,PITX2
ZNF770,SAP30
ORAOV1,ANXA5
MAPKAPK5,ASB5
PPM1B,TMEM144
HYLS1,FAM198B
PIGG,NAA15
HMCN1,FAM160A1
EIF3G,ARFIP1
MRPS27,ABCE1
PHOSPHO1,TMEM184C
ZNRF3,TMEM161B
SKAP2,STARD4
BIRC3,GRPEL2
FAM49A,RHOBTB3
CMKLR1,GPX8
TNNI2,TIGD6
TUFT1,SERINC5
WIPF1,ANKRA2
WWP1,UBLCP1
RAB3D,UTP15
FOSL2,TXLNB
GAB1,CITED2
YTHDF1,SFXN1
PIK3C3,STXBP5
ATP6V0B,STK17A
BET1L,TRA2A
HNRNPH1,GALNT10
MERTK,SAP30L
ZNF594,COG5
RAD1,BMPER
WIBG,ZNF12
CTPS2,CDCA7L
SPIN3,USP49
ITSN1,SYTL3
RFFL,HEY1
ACOX3,ZNF704
GZMA,CTSB
ARID3A,SOX17
ZFYVE16,DLC1
DNASE1,PHKG1
RER1,SUN1
TNFRSF10A,TMEM184A
MDM4,NOS3
VAMP2,INTS1
ABHD4,FASTK
DEPDC7,TMUB1
GAS7,PHAX
NLE1,FOXK1
SPOPL,OSR2
HNRNPA1,YWHAZ
MRPL44,SLC25A32
SECISBP2,DCAF13
MYH10,KIAA1429
REEP4,GEM
CCDC86,ABCA1
TACC1,NFIL3
NIT1,TMEM71
RPL38,MAMDC2
HERPUD1,HGSNAT
CIB2,SVEP1
GSPT1,CYBB
PLEK,DYNLT3
AHSA1,MID1IP1
ZBTB42,ASB11
GPHN,STRBP
VAV2,ATP7A
RIOK1,AQP3
RASD1,VCP
PTCD3,BRWD3
ENPP1,HECTD2
SLC29A2,43898
EDA,SLC16A9
NDST1,CRYL1
ARPC1A,REEP3
ZNF212,C10orf10
CYB5D1,RPUSD4
BAG3,NUDT5
EXOC3,DACT1
MAP1A,BEND7
BCAT2,PDZD8
PCYT1A,ZNF503
BANF1,FAM175B
KDM5A,NSD1
DOCK10,PMPCA
SLC25A20,SDCCAG3
MRTO4,TSC1
GABBR1,HPRT1
UBA2,FAM69B
GSDMD,RET
AIP,DDX21
PFKFB4,KIAA1462
CRK,BTNL9
PAN3,ZFYVE1
NDUFS2,HSPA12A
MTMR1,ISCA2
DICER1,RAPSN
LYSMD4,CLMN
ATP6V1A,ARL5B
AKAP12,TAF1D
RCL1,AMOTL1
JOSD2,TCP11L2
ETFB,SPRED1
TNFRSF12A,ADAMTS15
TESK2,RAB8B
RHOBTB2,RPUSD2
C11orf71,POLL
WDR1,BAG5
PAK1,DPCD
KLHDC1,LARP6
DAAM2,NOLC1
SRGAP2,ALKBH3
PIM2,SGPL1
TRPC4AP,FRS2
EPM2A,CCT2
ALKBH2,ZNF202
UTP18,PLEKHF1
PIGU,SYNPO2L
NCDN,USP54
UEVLD,ATP9B
LGALS1,PPFIBP2
TMED10,KIAA0355
PTDSS1,ST5
ZRANB2,CENPN
SIRT7,ATMIN
ZBTB34,TMEM41B
CCRN4L,LEO1
PGD,WEE1
SASH3,MCM7
PABPC1,ZNF3
GABPB2,TK2
DENND1A,SEC11C
SFXN5,NDEL1
TCF25,RRAD
PRDM2,TMPRSS5
NBL1,ZNF606
SMOC1,B2M
SBNO2,ZNF592
PPM1F,NNMT
MSRB2,SLFN5
CRIP2,CATSPER2
CLP1,LDHD
RNF144A,TMEM170A
CASP3,ANPEP
LHFPL2,NAV2
DSEL,DCTN5
RPS5,TERF2IP
PFKL,CLPX
ARID5B,ZBTB39
NASP,NAB2
HSD17B10,STAT6
PACSIN2,PIP4K2C
ANKRD54,YWHAB
NHSL2,MAPRE2
HECW2,NUDT21
RUFY1,TEF
DHDDS,PHB
SETDB2,SAMD14
PLIN4,GOLGA2
DHRS13,URM1
CASC4,CERCAM
G6PD,DOLPP1
REPS1,C15orf39
TLR4,CRK
CBX7,FBXO22
TRERF1,HDHD2
BACH2,ENGASE
CATSPER2,ART5
ACAT2,ZNF226
SERPINF1,PPP2R3B
MAP2K4,ZNF668
ST6GAL1,CA4
TTYH3,TPM4
HIVEP2,KLHL26
SIX2,CORO6
RGS19,TUBA1A
RBM45,ZNF528
FAM53C,ZNF701
CUTC,SERTAD3
PSME2,NCKAP5L
RAB3A,AXL
ZEB2,ZNF146
PSME3,ZNF283
C16orf72,PPP1R14A
ERLIN2,SEMA6B
ABI3,GLOD4
C1QC,MFSD3
TOMM40L,GPT
CSAD,SLC43A2
LRPAP1,RILP
PNPO,WDR81
IWS1,HSD11B1L
MN1,RCOR2
PLXNA2,ANGPTL4
CPVL,CD320
CD99L2,ZNF558
SLC7A1,NDUFV1
UBE2G1,TK1
RWDD2B,TMEM99
ELP2,ITFG3
PALLD,MLST8
AGAP1,E4F1
ADNP2,RAB3IL1
ZKSCAN3,ATG16L2
GPATCH4,CTNNB1
SLC16A3,SAC3D1
C3,BATF2
SLC35E4,MAP4K2
METRN,SCARA5
MTHFS,RNF187
CDK5,MAPK1IP1L
TCN2,UBTD2
ANO2,IRF2BP2
WDR33,PXK
RNASEL,IRF2
APOBEC2,CX3CR1
GLA,C8orf22
FAT4,XIRP1
NOL9,ARF4
SLC16A5,DTYMK
ACRC,TAP1
ADIPOR1,ING5
KLHL2,MLKL
CUL4A,CDC40
HIST1H2BD,BMP1
MIIP,POLR3D
WDR74,FEN1
IFRD2,ING2
PIP4K2C,TMEM223
ZBTB39,SLC20A2
INTS10,ADAM9
KHDRBS1,AXIN2
ALDH16A1,ZNF30
ENGASE,FAM84B
GOLPH3L,PKIG
ARMC1,SEMA4C
ZNF581,CNNM3
DUSP7,TET2
CASP2,TSPAN5
43893,SNTB2
EMD,STX18
PRKAR1B,ZBTB49
CHRNA10,USP39
RSBN1,TNIP2
MYO6,C2orf68
NDUFA7,TMEM150A
ANTXR2,LRRC28
EXOSC4,MAT2A
ARHGAP26,PLA2G4F
ITGAX,ZNF608
ARFGAP2,TMEM129
PHF10,SPRY3
C6orf89,CEP120
PDGFRB,FEM1B
MNAT1,COMMD8
SCYL3,COL4A3
TIE1,HNRNPH1
LYG1,IRS1
ITGB2,MECP2
FKBP2,UPF3A
PLCL2,DHRSX
CHCHD10,C8orf46
EXT1,HSPBAP1
UBN1,SLC25A6
CORO1A,FAM110B
KDM4B,XPO6
PLEKHO2,MN1
CCNDBP1,CD2BP2
EPHX1,RGS14
TPD52L2,RAB24
GRPEL2,CXCL10
NME7,PGM2
DOCK3,SLC33A1
ZNF746,SNUPN
CAB39,ARL13B
RYBP,PTK2
PTGFRN,MMGT1
RNF111,TM2D2
OSGIN1,CLIC4
WDR11,ZEB2
ARNTL,LUZP1
LFNG,HEXDC
AQP3,SPNS1
TGFBR3,LRRC45
NUDT21,STRA13
MYL5,AGPAT2
OTUD3,MT1E
IMMT,DUS1L
BYSL,LIMS1
ETS1,HNRNPF
CCDC84,CSGALNACT2
PLEKHF1,TM4SF1
RPLP0,OTUD3
ZNF516,KLF13
ZBTB16,ZFPM2
HUS1,ZNF764
SOD2,ZNF747
BATF2,ZNF768
PLEKHB1,ZNF35
OGFRL1,IFFO2
THNSL1,NIPA1
ACAP1,HNRNPA3
RASGRP3,RNF150
MAP1LC3A,VGLL2
SLC16A10,HOXD4
ST6GALNAC3,NANP
BAHCC1,PWWP2A
QSOX1,PDCD6IP
RNASET2,ZNF212
OCEL1,ZNF282
CNOT6L,GLB1
NINJ1,FOS
ITPRIP,SLC30A1
GCC1,DNAJC18
TSPYL2,SPATA24
OPLAH,NPAS2
HMG20B,PA2G4
CARD6,PFKFB3
LITAF,SERPINB9
ZNF580,STAT2
TEX261,ZNF16
PAFAH1B3,RNF34
SLC25A15,SOCS6
UBXN2B,AKAP13
GRWD1,HTRA3
GMCL1,LMOD2
SOCS3,USP32
PBX3,KBTBD2
DDX18,MINA
STAT3,KIAA0232
RPL37,RNF139
DPH3,TANC2
ABHD3,S1PR1
ABR,PYGO1
SFMBT1,TSNARE1
TRRAP,C11orf24
INSIG2,CCBL1
NUP85,INSR
SPTAN1,MFN1
DOCK9,PRKCE
CHCHD6,TADA3
C11orf54,SOCS5
SMYD3,C1GALT1C1
ZNF514,ZNF692
RFT1,RBKS
FOXO1,FAM98B
CENPV,ZNF440
KIF13B,PGAM1
LONRF3,CHD7
FHIT,ZNF524
DYNLL1,DSEL
CREB3L2,ASXL1
EZR,ZNF318
ANXA7,ZNF561
OSBPL2,LRRC8C
LSR,LRRC8D
NDUFS6,PTGER4
ACVR2B,CXXC5
MAML2,PIK3CD
ZNF766,SLC25A33
TXNIP,ENC1
THYN1,ZIK1
PCTP,PLEKHG5
KRT10,ATF7IP
CYB5A,RGS19
RGS10,TCEA2
EDEM1,SPATA5L1
TCIRG1,GATM
CELF2,BCL2
TTC9C,ZNF540
NCAM1,ZNF570
MPDU1,RNMTL1
AVEN,PTEN
UROS,PRNP
RCN3,TLN2
HACL1,ZNF217
SGCB,JMJD1C
SEC22C,SYNPO
ESRRA,ZNF554
MAP3K2,THOP1
FCGRT,USP19
DUSP5,KLF11
PUM1,EIF2AK3
EPC2,ID4
ELF4,NEGR1
WDR36,ZNF131
CENPH,MACROD2
VEGFB,BSG
C1QB,HINFP
ABCD1,POP7
DYNC1LI1,FAM195A
RBM17,GNG12
TNFRSF1B,AFF1
SH3PXD2B,BANP
PLCD1,CHCHD1
RPRD2,EFEMP2
NSUN2,TMEM134
SUOX,ZMAT3
MUM1,SLFN11
FAM131A,FUT10
IL32,MUS81
MAX,ZNF596
FYN,CFL1
FAM179A,TMCC1
ARVCF,HOXC5
PSMD3,PDP2
NUBP1,SP3
UBE2A,NADSYN1
GSDMB,MYD88
BCCIP,SH3RF3
RASA3,ZNF680
SESN1,ADCK5
TAGLN2,NOC3L
GTF3C1,ESRRA
CSF1R,RHOD
VMAC,PARP14
SEC31B,GLRX
PARP4,MMRN2
ANGEL1,PPP1R3B
TFPT,STOX2
UNKL,DAG1
MIPEP,SMARCC1
HNRNPL,PTPRM
HHATL,VEGFB
DSCR3,TNFRSF10D
FHOD1,TNFRSF10C
IKBKAP,SNX33
ADPRHL2,CHD2
PDE7A,CCDC106
KDM4A,NUDT4
ABTB1,AGFG1
NETO2,CNP
RNF213,PLK3
IMMP2L,ZNF791
CHST15,RBM4B
ZNF558,43893
RARG,TCAP
WDSUB1,CCS
H2AFY2,KLHL15
PYCR2,SLC25A30
CTSF,CD34
NDUFB11,CTSF
TOM1,LEMD3
B4GALT4,RGMB
SIN3B,CYB561D1
CCDC12,MGA
STOML2,PITPNA
C10orf54,DDX23
HIC2,ZBTB4
ACOT9,PODN
ERBB2,LIG4
PLXNA1,ZWILCH
SCAPER,C12orf76
MBTD1,DENND4A
C19orf25,PELI3
UBE2N,IL20RB
ADA,AKIRIN1
MRPL54,CMKLR1
ALOX5AP,KY
PAFAH1B1,SLC29A2
BDH1,TMEM167A
SRPX,NR1D2
MON1A,C4orf32
KCTD21,SRP72
SORD,PDE12
SNX29,GLMN
TCEA2,PTDSS2
MYL6,C3orf33
DOK3,FUT1
SYNCRIP,CTBP2
C5orf30,GK5
SYPL1,PDIK1L
MANBA,ZNF654
ZDHHC1,MARCKSL1
VPS52,SH3BP5L
SLC46A1,YPEL2
SEH1L,CSRP2
CXorf23,PARL
SLFN12,DDIT3
TSEN34,ZNF408
POLM,CTDSP2
TRIP4,ZNF519
G3BP1,SMAD2
ZNF814,ARL10
FAM122B,CCDC14
SF3B3,MCTP1
CACYBP,LONRF3
OLFML2B,UCP3
TJP2,UCP2
USP3,C11orf68
TRIT1,PAAF1
ALKBH3,ERCC4
PAIP2B,ZNF77
RAB27A,B3GNTL1
RPL10A,SLC35E3
MLH1,RUVBL1
PSMC4,PLEKHF2
STX6,DOK7
NOSIP,UBE2O
TRAK2,ORAI3
ATPAF1,DENND2C
CDKL5,TUBB6
LUC7L3,LYSMD3
ZNF385A,ZNF613
POLB,NUPR1
RABL3,MBLAC2
TNFAIP8L1,IP6K1
CASP8AP2,SSNA1
PELI1,YES1
HSDL2,CHMP6
YME1L1,TCP11L1
KIAA1191,CCDC57
PATZ1,MYPOP
MFAP1,LRRTM4
AMIGO1,DMRTA1
SLAIN1,SPRYD4
MNDA,SLCO3A1
GAR1,CCDC101
GTDC1,KIAA2018
KIAA1147,B3GNT5
DDX60L,RNF152
YPEL1,VSIG10
NME4,METRNL
GNLY,FAM91A1
PEX11B,C8G
GADD45A,MUC20
STK11IP,THAP4
OAS1,FAM89B
GNB4,DPP7
RNF144B,SMCR8
SLC11A2,MTX3
NCK2,FBXO46
MGAT4A,SLC38A9
PELI2,ACER2
ARRDC2,ANO6
GRAMD3,ULK1
SPRY2,PUS1
HMOX1,CHD9
MTMR12,TRIM72
SGMS2,ZBTB38
TPCN1,CCDC71
DCHS1,C10orf71
DDX24,TIMM22
C6orf106,HIC1
ANKRD36B,SAMD9L
LPGAT1,PAWR
SLC35A5,TGIF1
ZC3HAV1L,NR2C2
TMEM14A,ARIH2
SCRN2,CD163
TMOD4,ZNF491
NRD1,ACAD9
SAT1,DNAJC28
NUP37,FLII
C1orf162,YIPF7
ST3GAL4,CHID1
MED10,ZNF620
43895,ZNF518A
PRPSAP2,TMEM187
DERL2,MAMDC4
ENG,DMAP1
PSEN1,FAM26E
APEX2,ALS2CL
C2orf15,PRSS42
NCALD,DDX10
MFAP3,ZNF518B
EPHB4,KDELC2
CTSO,WDR6
CTNNBIP1,TMEM11
TIPARP,ZNF223
KIF13A,DTX3
NUP107,KLHL11
XPO7,CTNNBIP1
SAAL1,ERN1
PIH1D1,ZNF713
IP6K1,DHFRL1
POLR2J4,OPLAH
APRT,MSC
APLF,APOLD1
QTRT1,FAM101A
BMS1,PFAS
TBC1D1,C17orf62
PIGC,C3orf38
ERLIN1,RCC2
SUPV3L1,PER1
GARNL3,TMTC2
APOOL,SPTY2D1
NFATC2IP,ZNF664
SATB1,CALR
KIAA0753,LDLRAD3
NOTCH4,RAD23A
RBM4B,GADD45GIP1
NACC2,CLK3
PHYH,GATA2
UQCRFS1,PACS2
TAF5L,VWA1
SLC26A6,GEMIN4
LRIG1,C14orf28
BRCA1,SHARPIN
PCDH1,DNHD1
MLLT6,CIITA
TMEM2,CDC42EP4
SLC26A11,MAF1
POLE4,FCER1A
SPR,LRRC3B
ATP11A,ZNF784
RCOR3,C14orf119
PDE4A,BBS10
MPV17,ZNF771
ISYNA1,TSHZ1
SERAC1,SOCS4
PFN2,ZNF48
BCL6,TRNAU1AP
PSMB8,EXOC3
GDE1,LYNX1
DSE,ZNRF2
PARP3,FGD6
RING1,ZNF609
ITGA5,HMHA1
RTF1,ZNF571
USP10,HIST1H2BC
CCT3,ZNF594
CARD9,SHISA2
DYNC1LI2,GPR157
TBK1,ZDHHC20
PLOD1,ZFP3
EXTL3,HOXC9
INPP5D,D2HGDH
AMD1,PITPNB
ABCA5,AEN
EEF2K,FKRP
TMEM170B,SLC25A42
ZFP36L1,DDX60L
MID2,ZNF467
BCL3,ACBD4
TOPORS,MRPS23
CLU,HKR1
CEACAM1,ZBTB20
SCLY,C3orf58
FTH1,AMIGO1
NSMCE1,SLC9A9
PXMP2,RELL1
SLC9A1,RNF41
SNX30,SLC2A4
TALDO1,C5orf24
ROCK1,CHST15
MRPS25,DEXI
FAM89B,FAM89A
CCT8,P2RY8
AKR7A2,TSEN54
COX11,RGMA
SOS2,EXT1
ZNF789,ATP6AP2
NR4A1,BACE2
PFKFB2,TSHZ2
TMEM181,KPNA2
CDR2,FES
NAGPA,LIMK2
PAAF1,SATB1
PHACTR4,TSKU
FAM199X,ALG12
TRIM38,ZNF721
C12orf43,SPATA13
PSMG1,GJC1
DGAT1,CNOT10
RRP1B,ZNF662
ADCY4,CADM1
ARID3B,PYCR1
ZNF563,SPNS2
PLA2G15,GAS6
LXN,RUVBL2
MS4A6A,BCOR
CPPED1,KIAA2026
NAGK,FHL3
ATP6V0A2,SF3A3
PELI3,ASB7
MAPK7,MX2
PPM1K,PI4KAP2
C15orf52,FAM46C
LMBR1L,UTP11L
PPP1R12B,ACSM5
MGP,ZNRF3
ARV1,CCR3
APBA1,ZNF530
RNF157,KLHL25
MOSPD3,FAM101B
PPAP2A,TRIM52
PAOX,LHFP
NCEH1,CMTM4
NUP188,ZNF703
GNS,OLFML1
KIAA1143,LIN9
ESF1,TOB2
HDAC1,PRKX
SNAPC3,ST6GALNAC3
HN1L,DENND5A
FITM2,NIPSNAP1
INPP5E,SCFD2
CCDC101,SNRNP35
TAF8,ALDH1A3
RPL37A,CSF1
FAM60A,PLA2G6
CBY1,MAML2
SOX13,SS18L1
FAM171A1,COPB2
PHPT1,THAP7
MAGED1,FOXO4
TTC13,PROS1
THAP7,ZFP1
DOPEY1,SOCS3
PANK2,XPOT
IMPACT,TMEM173
CXCR4,PDE4B
PTGDS,ATL3
LENG8,UBE2G2
RARA,RBM33
OAF,SUMO3
EPHA4,FMNL1
PPM1D,NOC4L
CD164,SIVA1
CD276,BRI3BP
TNIP2,AP3M1
ZC3H7A,UBOX5
APCDD1,LRRC14B
SCN2B,SEMA4B
METAP2,MYADML2
FBXL8,HSF1
S100A10,PURA
EI24,NRBP2
RGL2,TNFAIP2
TSR2,WBP5
PHF19,PRMT3
GUCA1B,ZNF74
SLC1A7,KLHL33
MUSTN1,ZBTB37
DHX35,GAS2L1
ADAMTS1,TNFAIP8L1
ATP5G1,MAPK11
PDLIM2,SP140L
ARF3,FAM174B
CCDC130,C19orf68
SSU72,ROR1
FNDC3A,IRF7
GGA2,PRKG1
MED23,SP1
RABIF,PSMD13
STK19,ZFP36L1
ZNF281,BRWD1
WARS,SNAI3
PMVK,ZBTB3
SLC16A14,C16orf52
RPL15,ANKFY1
ABLIM1,YTHDF3
PSMG2,ZNF696
SLC38A2,CXorf38
TMOD3,KCNQ5
SERPINB9,ADAMTSL5
TCERG1,WDR53
HAPLN3,PCYT2
BCL9,EVI2B
KLF11,TRIM69
UGGT1,IFITM1
ATF3,KLHDC8B
PPIA,RTN4RL1
CASP9,ZNF267
ARHGAP25,IRS2
RPL24,RASA3
TNFRSF10B,ZNF284
POLDIP3,CYP2R1
LZTS2,ZBTB6
KPNB1,POLR3C
HBP1,ZNRF1
ANP32B,ZNF749
SMYD5,ZNF17
ZNF761,TOR3A
RAF1,ZNF75D
THUMPD1,ZNF501
EFNB1,GNG2
KRTCAP2,INSIG1
POLD2,ARHGAP30
HSD11B1L,SMYD4
PIGS,CEACAM19
TYK2,UBE2H
ASB11,KATNA1
TMEM134,FSD2
C11orf95,ARAP1
CDC42EP2,PDE2A
RRAS,ZFP91
TNFRSF21,BCDIN3D
BTN2A1,BCR
VPS37C,TNFRSF4
MFGE8,ZNF395
TMEM150A,PPARA
RRAGC,TEAD1
IARS,MITF
RCBTB2,RNF220
GRIPAP1,SESTD1
MAK16,MAGI2
FBXO32,COL4A1
KLHDC2,PTMA
STAM2,SIRT7
ECHDC2,ZNF286A
TPPP3,EXD3
MYOF,ZKSCAN4
UGCG,VMAC
FUZ,C2orf88
CORO7,THSD4
MRPL49,TCEA1
SIPA1,MCRS1
FAM103A1,FANCM
TSPAN14,ZNF70
ECH1,PEAR1
ELMOD3,C1orf168
EEF1DP3,RILPL1
LANCL1,PRSS45
BOLL,TMPPE
NUPL2,DCUN1D3
TTLL1,ZNF383
CEP120,PLSCR1
SPON2,SBK1
ZNF607,SLC38A3
ASXL1,SELL
PRIM1,PAQR9
C18orf8,PARVB
SH3BP2,ZDHHC9
TLE2,TMEM120B
LYST,NOXA1
RHOBTB3,PRELP
LSG1,ZNF548
MTA3,TMEM201
D2HGDH,LRRK2
MAP1LC3B,TRMT2B
TTC12,LRRC66
C15orf40,ADAT2
MRPS18B,ALKBH2
LPL,LITAF
STX3,ARID2
TM7SF2,UBE2Q2P1
MRPL51,ZNF527
FGF9,PCDH18
PPP2CB,BTBD8
STARD4,C15orf61
GPATCH2,LIN54
MVP,FAM53B
RPS20,KIAA0408
GALC,C8orf76
LRRC25,TDRD7
TADA2B,ZNF250
EPHX2,LCOR
POR,PPIA
TCEA1,ZNF836
PCBP4,NIF3L1
MGAT3,CD55
ZNF551,WDR5
ANKS1A,LONP1
ZNF747,ZNF34
OSBPL1A,EPHB4
CDKN2B,ZNF569
C7orf43,ZNF777
SUSD1,PIK3R4
HIST1H2BC,ZNF605
MCM6,ESRRG
ETFA,IPO4
IRF7,NCOR2
IMPA2,GDAP2
PRKCD,TPK1
NAA25,AFAP1
WDR3,MME
TSC22D3,CACNA1H
IL13RA1,SULF2
TMEM104,PLXNB2
TPST1,MYO6
TMEM55A,HDAC2
BCL2L2,ZKSCAN5
ADAT2,ERI2
TBC1D8,TRPV1
TP53INP1,VKORC1L1
ITGAV,ZNF418
SLC25A36,COL27A1
TCF3,GM2A
RBM18,CD47
ACADVL,TLE1
RGS14,MAML3
SLC40A1,ZNF239
NGRN,ZSCAN16
KIF3B,ADA
COPZ2,ARID5A
EDEM3,LAMB3
CCT6B,ARHGEF12
FOXJ3,FAM3C
NFKB1,CASP4
TMEM220,ZNF585A
RPL32,ZNF429
ZNF593,ZNF470
SAP30L,ZNF398
CDC42SE1,GMFB
SIRT2,ZNF420
CHMP7,ZMYM1
BCKDK,MAFG
TMEM79,SLC25A29
TMX4,PGAP1
GLRX2,ACSL5
ATPIF1,LRRC8B
BOK,SND1
NLK,ZNF785
LRRC57,SLC22A4
SCARB2,ENTPD4
C7orf50,C6orf141
SCT,FITM2
NXT1,ZNF720
MRPS21,LRP10
ZNF592,PELI1
FAF1,MRPL21
CHD7,ZNF786
KIF5B,SLC22A5
SOD1,C5AR1
ETV5,SHPK
NDUFB3,MAP3K5
BCAR3,STMN3
IFNAR1,ZNF628
CMPK1,MIB2
ACOX1,MYO5A
PPP1R15A,SIPA1L1
FBXL19,RAB40C
APBB1,HOXA4
CDC42SE2,ENPP1
C4orf46,FAR1
AIM1,C5orf42
PSMD9,MFAP5
SRP68,ZNF615
NDEL1,CXorf40A
PRKCA,CDC42SE1
ANAPC5,RPE
ABCG1,PSAP
KLRG1,HOXC6
SH2D1B,KLHDC1
TK2,ZNF81
NBR1,ZNF780A
HAVCR2,ATAD3A
GIPC2,FAM118B
ITCH,ZNF461
MRPS10,HIST4H4
DNAJC1,GPAA1
LRRFIP2,ZNF790
SMARCC1,TEAD4
IRF2BP2,ZNF823
UCP2,ZNF121
MTMR6,MBP
NCL,SNHG12
SASH1,NOL8
NUDCD3,IRAK4
ENTPD1,MRPL42
DPY19L3,ZNF273
SSR1,ZNF84
PNPLA6,MAK16
SORBS3,SIRPA
TMEM65,43895
DUSP10,ZNF649
GPX3,ZNF248
MAMLD1,MIER1
TST,MAN1A2
ENTPD4,ZNF251
ZNF519,ZNF607
IARS2,RPS6KL1
PDE9A,QRICH1
CIRH1A,UCKL1
BANP,ZNF485
SLC35A2,SDAD1
TRIB2,FAM109A
ZNF600,HOXC4
CDK4,PIM3
GOSR2,SPRED2
APEX1,ITSN2
RBM4,ZNF583
LIX1L,ZNF480
TMEM88,ZNF808
IFRD1,CNGA1
EIF3B,ZNF43
NFKBIA,ZNF627
PAPD7,KCNRG
PPP4R1,CTNND1
CADM4,NUDT16
RNF220,TLK1
CNPY4,C3orf35
PIGL,BAZ1A
TMEM71,NCOA6
ATP5A1,IPO9
VPS37B,FAM179B
TMLHE,DLL1
VSIG4,LDB1
EIF1AD,PPP1R14C
RGS2,SMOC1
INPP5K,ZNF652
CWF19L1,SLC5A3
ARFIP1,GPATCH3
STX11,LRIG2
RBM22,PNP
PER2,GK
KLHDC8B,UBE2J1
GSR,DUSP27
ANKRD13D,ARHGEF15
FAM162A,OSTC
RNF145,TSEN15
CYBRD1,SFMBT2
CEP78,SMC5
DCAF7,SHISA4
DDRGK1,TOP1
MPHOSPH8,MAP3K3
LIN7A,C1orf174
ARHGAP29,DCLRE1A
CC2D1A,ATG9A
ZFYVE1,TBKBP1
CXCL10,ZFP2
PRR3,L3MBTL3
CCNG1,SMG5
PPCDC,TGM2
SLC25A45,SGMS1
RUVBL1,C1orf95
RNF5,C1orf132
HOMER3,C6orf163
RFX1,FOXO6
C1QBP,TRAF3IP1
SPTLC2,RUFY2
ATXN10,NHSL2
C1QA,ZDHHC18
BEX4,TMEM57
MFF,ZDBF2
SETD4,DAXX
FRY,BMPR2
ZNF148,RXRB
BCORL1,PSMB8
BRD1,TAP2
USP19,AGPAT1
PLEKHM1,MRPL38
EPOR,EHMT2
DENND3,LAYN
ARHGAP32,MBD5
SFXN1,NFKBIL1
ZNF75A,ZNF805
PDK3,HLA-C
PPP1R2,C6orf136
HDAC3,EVI5
SMYD2,STOML1
WBSCR22,DNTTIP2
PLD6,RHOA
ZDHHC3,CBFB
MOAP1,HYAL2
GNPTG,IFI35
MTUS1,COASY
SLC44A1,PLEKHH3
TIPIN,ACSL4
HMGA1,REEP1
ZNF783,POLR1A
CTSD,SRBD1
PPP3CC,RASGRP2
FGR,PPP2R5B
FAM102A,MAST4
FAM124B,NUCKS1
MAEA,BCL3
SYNPO,RORA
LASP1,KIAA1107
RNMTL1,ATP1B3
PIGP,NEDD4
SYTL3,RAB27A
CHST12,CECR5
MXRA7,LRP6
ATP1A1,PHRF1
ITFG2,DAPP1
OGT,SLC44A1
SNRPC,EXOC5
USP33,DGCR2
CCDC109B,MNT
C11orf1,ZXDC
C19orf24,WIPI1
ATG2A,PABPC1
LDLRAP1,TESK2
CALCOCO2,RAD18
ZNF395,ATP2B1
C4orf3,MAP4K4
ZNF16,WDR1
EED,RPS6KA2
STON2,LMCD1
IL4I1,FAM3A
ARHGAP19,RDH11
SAMD1,ACTN1
REXO1,EPN2
PSMF1,LIMS2
CA4,LNX1
UBOX5,SREBF1
PSMD5,AFF4
TAOK2,UBE2D1
AP3M2,MPP5
ATP6AP1,RHOBTB1
NID1,CHFR
C1orf145,TRNT1
RNF126,ACADVL
NHEJ1,DERL2
MECR,PVR
LSS,XRCC1
ITPK1,ALPK1
XBP1,PDE8A
CHMP2A,NLE1
RNASEH2A,SDHA
PRDM10,SMARCE1
NFIL3,GSDMB
ALKBH6,PPP2R3A
HAUS5,FERMT2
RALGAPA2,MAP3K13
FKBP5,ST6GAL1
WDR61,FRY
ILF3,PICALM
ADPRHL1,MRPS34
MYLIP,EED
GTPBP4,MGLL
ZFP36L2,NUP37
PPP1R16B,SEMA3C
LIMK1,FNDC3B
TNFRSF10C,FOSL2
ACSL4,FRYL
RPL23A,EXOSC7
GBA2,MCM6
CCDC106,RBM7
GLIPR2,KLHL20
DDIT3,ANKRD13A
RBM3,PAG1
CXCL2,NT5C2
CISD3,MCAM
RAB9A,MAP2K7
TNRC6B,DGKD
FUBP3,TOP2B
L3MBTL2,TM9SF3
ZFP91,NFKB2
PHLPP1,IL4R
FLVCR1,SNRPA
BOLA3,EXOSC5
USP15,FBLN1
TMEM128,ITGA8
ECHDC3,PIAS2
CLIP1,AMPH
OCIAD2,ARAF
UBTF,ACER3
ESD,UBE2K
TBC1D23,TULP3
LGALS3BP,ADCY2
HIPK2,TNRC6C
PRICKLE4,CBFA2T2
CS,MYH7B
LDLR,RUNX1T1
SHISA2,OSBPL6
RAB2A,SLC1A3
CAPN3,XRCC5
CANT1,RAPGEF3
EIF3E,CEACAM1
PRRT2,SENP1
CSE1L,KIF22
FHL3,KEAP1
CNOT2,RFX3
RERE,SLC4A4
SLC25A1,SMARCA2
KIAA0513,SESN1
TMCC3,COL5A3
CCDC28A,KIAA0020
PIK3C2B,PSEN1
PHIP,CLDND1
PRDM15,RBL1
PUS1,CXCL2
DPY19L1,COL4A4
C3orf18,OSTM1
EIF3M,PTPRC
POLR2H,PKP1
TXNL4B,AACS
ECD,PHLPP1
FES,FYB
SAMD8,BZW1
PRKCQ,C1QTNF3
NHP2,FAM135A
APC,COBLL1
AGK,GEMIN5
C15orf41,NFE2L1
GTF2IRD2,ITGB5
HIP1R,BCKDHB
BCS1L,ZCCHC6
AK2,PLOD1
EPRS,DIS3
TBC1D2,PIBF1
WDR92,PDS5B
PNPLA7,RRAGB
ACYP1,ZNF671
BPHL,ZNF416
DNAJC3,ZNF446
CCPG1,FAT1
RASL11A,YTHDC1
DEDD2,SMAP2
USP12,ZMPSTE24
ZBTB24,REST
RAB11A,TXLNA
GUF1,AGBL5
ITPKB,EFR3B
BIRC2,KIF3C
HP1BP3,FCN1
CCNG2,MECOM
KLHL3,HACE1
SLC4A4,SEH1L
SDAD1,WDFY1
GIMAP5,SLC25A24
ANKS6,RRN3
CD163,DDHD2
ACVRL1,EPS15
FBRSL1,USP40
GPRASP1,DNAJA1
TET1,MRPL28
SPAG9,ITPKC
HLA-DPB1,RBM22
GLIPR1,ALG9
RUNX1,MTMR2
ABCE1,PPP1R15A
MME,ACHE
TRA2A,NLK
MYO5A,PGS1
CREBBP,SH3BP2
TNFRSF25,NOP14
ATXN3,ADD1
ADK,NID2
DBP,ERGIC2
CNN3,ALG6
COG2,DDX18
ERP29,GNA11
TMF1,REM1
ZCCHC6,DOCK9
CHKA,ANKRD10
ZNF662,DOCK3
VKORC1,CRLS1
PPHLN1,ATRN
HSPD1,SIGLEC1
WWP2,FKBP1A
CNNM2,C20orf194
MKNK1,XRN2
ASTN2,DYNLL1
GNPNAT1,SLC23A2
NEDD9,SIRT4
HCG27,TRMT6
MRPL52,FXYD5
SERINC5,GRAMD1A
PILRA,GMIP
TUBB,PCBP4
ST3GAL3,YPEL3
SLC25A26,NUDC
CSF3R,ICAM1
HOXA10,LYZ
TTL,MUL1
NUP50,TFAP4
ZNF548,DNAJB11
C12orf65,THPO
APOL3,USP48
TBC1D20,EFNB1
RGS3,TNRC6A
GAMT,RBM27
TXLNB,CMTM6
ZNF251,RAPGEF4
FAM104B,SEL1L3
DGUOK,CDV3
GNRHR2,SPAG7
RPL36,ZC3HC1
GATA2,ANGPT2
GTPBP3,TMEM101
KDM2B,HNRNPC
BBS2,TOX4
SESN2,TRPM7
MRPL9,SNAP23
TBL1XR1,TBX15
SLC25A32,UNC13D
PXN,MFSD11
DSN1,TGFB2
KIAA0319L,GPATCH2
RIN3,COMT
DHX40,HLA-E
TMEM53,ZNF616
CARS2,TBC1D8
SNURF,AKT1S1
MEAF6,TRIM27
FBXW4,ZBTB48
ZNF69,ZNF155
WIZ,ZNF425
NDUFV2,TRIM13
SLC44A2,SLC35B4
CTTNBP2NL,ZBTB10
SLC35E3,PSMB10
SEC63,VIT
AKIRIN2,PDE7A
XKR8,TMEM170B
TMEM127,PRR13
VEZT,MT1A
CDON,MT1M
PDGFC,SAMD9
ZDHHC9,HMGN1
MRPL4,LCMT1
LMO7,LIN52
TANC2,ITPRIPL2
TMEM87A,NYNRIN
DNAJC16,HCP5
NBEAL2,HCG27
MAST3,VGLL3
IGSF9B,PRSS50
METTL13,METTL6
RNF10,DIO2
WNK1,STK38L
KIAA0232,SACM1L
LPIN2,ZNF254
KCNMB4,GIMAP1
PELP1,C6orf165
PISD,DNLZ
DAPK2,QTRT1
CNPY2,CHUK
CRIPT,LCAT
WDR91,PVRIG
SSX2IP,RBMXL1
AGGF1,SRA1
TIAM2,TMEM110
LSM4,TMX2
ARL2BP,HEXA
DUS4L,NCKIPSD
ZNF33B,CLIC1
SERINC3,ZNF134
FARS2,CSNK1E
MCAM,IRF9
SLC25A17,NUDT19
RAN,CARKD
PKN2,GANC
HLA-DMA,TSPAN4
GNB2L1,CPNE1
VPS72,MYCBP
SKP2,FIS1
AP3S2,STARD10
LMAN1,IFRD2
TRIM25,ZBED1
JARID2,SMTNL1
TP53I3,FASTKD5
STK17A,HOMEZ
PIAS2,DDX3X
PAPSS2,TMEM167B
MAPKAPK3,SLC35E2
SNRPD2,IFI30
RAB5C,FNIP1
DBN1,CKLF
ACP1,ZNF579
DDO,NBPF1
PRPF4B,EBF2
SUCLG2,AP4M1
PABPC4,APOL6
EIF3H,PPT2
AOC3,NSUN5P1
SLC25A12,ATXN1L
NIPSNAP1,NPY6R
TPP2,C14orf132
SOAT1,KRT8P12
SLC4A2,EEF1DP3
RCN1,ZNF688
PCYT2,SEC22C
PRPS1,HDAC6
PFDN1,CBX5
MIF,FMO2
MARK3,MAP3K1
MAN2A1,DHPS
ID2,ARCN1
GOT2,SH2D3C
GOLGA1,NANS
GLRX,BTAF1
DPP4,CREM
SLC31A2,NUBP2
ATP1B3,FKBP5
HSPB1,SIRT1
EIF2S3,SYDE2
DHCR7,ERMP1
DARS,RAB18
CTBP2,NRP1
LDB2,TSPAN15
CHUK,H2AFY2
ARG2,BCL7C
TUBGCP5,CIRBP
BEND7,PRKY
TMEM91,NDUFB7
HTATIP2,CDC34
GNRH1,POLR2E
NET1,POLRMT
CRCP,ARVCF
C16orf13,TRMT2A
ZNF717,SNAP29
MRI1,LZTR1
PLAA,CECR2
VEGFA,P2RX6
TSPAN4,PES1
FAHD1,PPM1F
RCCD1,SLC35E4
S100PBP,CYTH4
TM9SF1,CARD10
PLIN5,SLC25A1
RPS8,ADRBK2
CCBL2,SH3BP1
SLC41A3,PIK3IP1
NHP2L1,PATZ1
LEPR,TFIP11
IGF2R,POLR2F
HMGCR,PICK1
BCL2,TCF20
TAP1,CBY1
TP53,XBP1
HEXA,TIMP3
GALNS,RHBDD3
ARSA,TTLL1
NPC1,TOM1
MTR,HMOX1
GAA,MCAT
ESR1,RASD2
CYP1B1,CBX7
CYBA,SYNGR1
CREBL2,TAB1
AGMAT,MTMR3
SSPN,APOL1
FMR1,TXN2
BCKDHB,SGSM3
SNRPE,CSF2RB
ENO2,ACO2
CD38,HDAC10
PARP1,ABHD4
PDK1,PRMT5
PRDX1,NIN
HSPA9,PYGL
ATP7A,GNPNAT1
LAMP2,DDHD1
GOLIM4,KIAA0586
SYAP1,SPTLC2
NUDT5,DHRS7
CHD6,HIF1A
ELOVL1,ZFYVE21
LMO4,SMEK1
TCF7L2,YY1
ILF2,ACIN1
DAP3,CHD8
FAM89A,NFKBIA
ASL,BRMS1L
MRPL37,PNN
CPT1A,PCIF1
PLAGL1,GSS
APLP2,PYGB
SCARA5,ABHD12
SCNM1,NINL
COX5A,CD40
PA2G4,ZMYND8
HSPBAP1,NDRG3
RAB32,STK4
SAP30,SLCO4A1
ICAM2,DIDO1
CDK14,EEF1A2
AKR1C3,CDC25B
TCEA3,RNF24
MAP2K5,ARFRP1
EMB,RASSF2
LRRK2,CDS2
POU6F1,HCK
ABCD3,POFUT1
SRRT,MAPRE1
DENND4A,JAG1
NOV,DHX35
ZNHIT6,DNTTIP1
EIF4B,CDH20
CALM1,ADNP2
ST8SIA4,SMCHD1
HSBP1,ST8SIA5
LDHB,RNF125
PHKB,ANKRD12
ATP6V1E1,MIB1
NACA,PSMD10
ZFR,PGRMC1
UBA52,POLA1
ANKRD32,ALG13
HIC1,AMMECR1
ITM2A,WDR13
USP7,ATP11C
VDAC2,ELF4
ARL8B,TAZ
RHOQ,UBL4A
CCT7,RP2
PXMP4,TIMP1
RPL7,GABRE
PLEKHA4,SYTL4
DYRK2,GLA
DNMBP,KLF5
TRIB1,STK24
EIF3K,DNAJC3
STAT6,SGCG
VAMP3,FLT1
SH3PXD2A,DGKH
STAU2,INTS6
UTRN,DHRS12
RPS6,CLN5
RAPH1,MSLN
PLBD1,ZNF629
TPR,HSF4
INPP5B,CORO1A
YIPF3,NFAT5
HGSNAT,ARL2BP
DCTN5,CTCF
FBXO3,POLR2C
PARM1,ZNF821
INCA1,MMP15
C21orf59,SETD6
INPP4A,SLC38A7
MSL3,AXIN1
PSIP1,MLYCD
ALKBH8,HSDL1
CPD,NAGPA
USP53,COTL1
TPM3,CRISPLD2
MPI,ZNF500
GK5,NME4
DOCK5,NARFL
NDUFB5,CLCN7
CDC25B,SLC7A5
ENPP5,METRN
SLFN5,FBXO31
ANKRD36,STUB1
RIC3,ZNF174
DHRS4,CPPED1
AVIL,DNAJA3
RBMX,BFAR
MAN2C1,STX4
ZNF528,RNF40
FGD6,HERC1
NUDCD2,MTFMT
KLHL8,RASL12
NIPAL3,IGDCC4
TFRC,RAB11A
HEMK1,TTC23
SMAP2,RPAP1
GDAP2,HOMER2
ARAP2,EHD4
H2AFY,TMEM87A
TMEM63A,DTWD1
NDRG2,FAM189A1
COPZ1,TJP1
EFHD2,DMXL2
MRPS14,DNAJC17
RBM23,VPS18
STARD3NL,SGK3
FAM118B,BRF2
CRISPLD2,RIPK2
PIGV,IMPAD1
ENY2,UBE2W
RNF170,POP1
C11orf58,STK3
DYSF,NDRG1
ZNF844,TRPS1
EPDR1,UBR5
TRAPPC10,GSDMD
SMAD4,EEF1D
CD40,INTS10
MRE11A,ERI1
STX7,SLC39A14
SEL1L,LEPROTL1
CDK2AP1,TNFRSF10A
PTGES3,UBXN8
NUMA1,BNIP3L
UBE2E3,GYS1
FNIP2,ECH1
SLC25A33,HNRNPL
SPOCK2,KCNA7
TNRC6C,SNRNP70
ZWILCH,RELB
ADRM1,PIH1D1
DDX56,ARHGEF18
SPTBN1,RGS5
ATP6V1B2,FAM133B
RQCD1,JRK
RBM5,PPP1R3E
ENOSF1,ZBTB22
DYNLT1,ZBED5
FNBP1,RGL2
CLOCK,C9orf69
CAMK2G,RBM14
ZNF720,ALKBH6
CCDC69,GATS
RPL11,PSMB9
TCEAL4,RPL23AP7
IL6ST,CRCP
TMEM8B,PDXP
PCNX,INMT
HNRNPM,PLEKHO2
NMT2,C8orf58
SFT2D1,PISD
PDS5B,ARFGAP3
RAC1,ZNF709
TDRD7,TICAM2
PITPNA,JMJD7
EPS15,MRPS6
FBXO6,RBM12
PTPN11,TWF2
MAPRE3,ADH1C
C1orf131,ZNF324B
SRRM1,ZNF564
STK39,ECSCR
SLK,TRMT1
APOL2,TBC1D17
CLYBL,SGTA
IQSEC1,MED25
TNFAIP3,TIMM44
MARVELD1,IL27RA
SNCA,AKAP8
PTPRB,ZNF419
LMBRD1,SYDE1
NDFIP1,ANKRD27
LRSAM1,PLD3
RPS6KA2,CCDC94
HSPG2,SLC1A5
INPPL1,CCDC9
SKP1,BBC3
TJAP1,ETFB
NAP1L4,CDC37
PREX1,RABAC1
TSHZ3,ZNF175
QDPR,DBP
TM2D1,RASIP1
IMP4,BCAT2
ANXA2,PLEKHA4
SRD5A1,GCDH
FTL,PRPF31
S1PR1,ARRDC2
PFKFB3,PIK3R2
G3BP2,RAB3A
SEMA3C,COPE
ALDH2,USF2
PFKP,FKBP8
PSAP,HPN
CAPZA2,ZNF14
LBR,ERF
SDC4,ZNF574
CFLAR,TFPI2
ANKRD10,NAMPT
RBM33,HBP1
ABHD6,SP4
RAB11FIP1,WDR91
KIAA0586,CBLL1
CCND1,MTPN
BTG3,MPP6
IGFBP7,ZC3HAV1
PPID,MET
MEX3C,LMBR1
PKIA,DNAJB6
TNPO1,HOXA6
PDLIM7,TSPAN12
LZIC,ABHD11
PARN,FKBP14
SLC9A8,PLEKHA8
ANKH,GARS
MTMR3,IMPDH1
INADL,AGFG2
TOMM20,AP1S1
NUP214,NRF1
SEC62,ZNF862
NFATC1,MEST
OTUD5,MEOX2
YBX1,ANKMY2
ABCA11P,AHR
ABHD2,PRKAG2
HIST1H2AC,POLD2
FAM63A,SLC1A1
TRAF3,FKTN
HNRNPC,TGFBR1
ZNF362,TLE4
REEP5,AKNA
PPIL4,CDC37L1
HEATR5A,TBC1D13
ATG4A,KDM4C
SLC38A6,DOCK8
OAZ2,DDX58
MFAP4,GLIS3
RSBN1L,SHB
RRM2B,EXOSC3
ZNF134,ZFAND5
NPL,DVL1
RILPL1,CCNJ
TEX2,RAB11FIP2
TARSL2,MAPK8
MXI1,NSMCE4A
MTX3,BMPR1A
DPH5,MINPP1
ALDH5A1,ACTA2
UNC93B1,C10orf2
UBE2D2,LZTS2
WFS1,FBXW4
CD1D,TNKS2
CLEC10A,PITX3
ATP6V1D,FBXL15
BNIP3,SUFU
HOXC9,GTPBP4
KIF3A,MAP3K8
SNX21,SHOC2
PAICS,CCNY
QPRT,UBE2S
NOP56,ZMIZ1
THEM4,NUFIP2
STX10,FBXL20
BTG1,UBTF
LAGE3,MTMR4
HINT3,TUBD1
RAB24,KPNB1
TMEM99,PNPO
FAM168A,MED13
MDN1,RASD1
ERGIC1,GOSR1
STMN1,MED31
CEP63,DRG2
CDK6,SMARCD2
ZMYND11,ICAM2
KIAA1468,SYNGR2
CABLES2,UTP6
TNFSF10,DDX5
43899,C17orf75
GRK6,PSMD11
MYCBP,MLX
SUMO3,CNTNAP1
OBSL1,ABI3
ECT2,EZH1
RTN4IP1,PPP1R9B
KPNA2,SGCA
POLR2L,LRRC59
NFYC,CACNG1
TMEM204,EFTUD2
CYHR1,HLF
KIAA2013,PRKAR1A
FOS,MMD
DHRS7B,WSB1
DAB2,NAT9
CIAPIN1,TNFAIP1
CIAO1,CDR2L
SEC23B,PMP22
DNAJB11,SUPT6H
NOB1,TMEM33
F2R,SLAIN2
EEF1G,USP46
TXNDC12,CHIC2
SULF2,NFKB1
ANGPTL1,UBE2D3
SPCS1,ELF2
CD55,TBC1D9
MAP3K3,ZNF330
TTC38,GAB1
PHTF1,KLHL2
SLC15A4,GAR1
LRTOMT,AADAT
RRN3P2,DHX15
CHN2,STIM2
IRF1,BST1
RPS6KA5,UGDH
ETV6,PPARGC1A
ADCY7,CTSC
HSP90AA1,ZBTB16
POLR3E,SNX15
ALDH6A1,EHD1
ZNF250,OSBP
BRD9,SUV420H1
ZNF449,FOXRED1
ZNF583,CCDC86
MEIS1,CHORDC1
FGD4,CBL
TRIOBP,MADD
CBX3,NAA40
ARRB1,CARS
TOP2B,NUP98
PXK,NDUFS8
ATP8B2,HPS5
ELL,GTF2H1
PCBD2,VWF
BRWD1,CLEC2B
ARMC8,CORO1C
HSPA5,CAPRIN2
EPB41L2,BIN2
LILRB2,BCL7A
ST6GALNAC2,MYF6
IPO5,ACSS3
USP36,METAP2
ZNF330,MAGOHB
MPPE1,PARP11
FUS,DUSP16
PPP2R2A,ACAD10
SHC1,CDKN1B
LRRC8C,LTBR
CHD3,OGFOD2
UBR2,OAS3
PHLDB2,OAS2
PANK1,DDX55
AAK1,C12orf49
IDS,CAND1
NAP1L1,NUP107
SELPLG,CPSF6
PDK4,GNPTAB
C3orf62,PTPN6
MDH2,SUDS3
KLF4,GOLT1B
ZNF529,PRKAB1
C1QTNF3,RAB35
F11R,RIC8B
TSPAN6,NEDD9
ZNF518B,ASF1A
HNRNPD,RNGTT
PYGM,NCOA7
IPO9,MTRF1L
SHMT2,KCTD20
TUBA4A,STK38
ATG4C,CDK3
GORASP2,GLI4
IREB2,SEPP1
MRPL17,ABCA11P
SYT11,PCDHGB6
MCCC2,PCDHGA6
NUCKS1,PCDHGA8
ATXN1L,UTP14C
FBXW2,PCDHGA10
OGFOD1,ZNF260
TNRC6A,LYN
NAA15,FPGT
GLOD4,ZNF432
EXOSC9,ZNF10
FGFR1OP,ZNF225
ACAP2,ZNF350
PCMTD1,ZNF253
SPTB,KIAA1147
DNAJA1,DIO3OS
PLEKHM1P,ITGB3
BRWD3,BOP1
TNFAIP2,PECAM1
TUB,PCDHGA9
ST7L,MRPL12
ICAM3,OTUD7B
FOXP1,SOD2
UBAP2L,MCM3
SNTB1,ICK
TMEM33,FBXO9
CFD,CD83
CSRP1,BACH2
BZW2,RBM24
PCF11,E2F3
NIPBL,ASCC3
TCF12,AIM1
NCOA4,GMNN
SRP54,EYA4
HMGN1,TRIM38
PPP3CB,ZBTB24
SFPQ,PHF1
SRF,QKI
GATAD1,TFEB
PARP8,CCND3
SNX33,BYSL
SCFD2,TBP
C14orf159,GUCA1B
PLXDC2,MRPL2
TM2D2,DUSP22
HSPA8,TMEM30A
CTAGE5,VEGFA
UACA,PRPF4B
PAPOLG,BTN2A1
VPS33B,CLIC5
B4GALT5,ERBB2IP
SETD8,HARS2
KARS,MAN2A1
EGLN1,HMGCS1
CRNKL1,BRD8
LRBA,HBEGF
UBE2J1,HMGCR
ASF1A,FAF2
PRELID1,LMNB1
NFS1,SUB1
BID,FAM172A
NSFL1C,PDE4D
NADK,SLC12A7
ZMIZ1,ST8SIA4
WHAMM,PPP2CA
IFNGR1,NR3C1
MDFIC,C9
ATPAF2,SEC24A
TRAPPC3,H2AFY
INVS,CSNK1A1
GTF2IP1,CPEB4
CRYZL1,ZNF346
GNAQ,SMC4
NENF,ACTR8
ZDHHC17,BCL6
ABCA7,AMOTL2
XPO4,OGG1
OSBPL5,PCCB
ANKRD50,SLC25A36
LATS2,XRN1
ZMPSTE24,PDCD10
CLUAP1,WNT5A
ARMCX2,HES1
REV1,ACAP2
ARHGAP5,ECT2
RASSF2,TFG
TUBA1A,TUSC2
NF1,CBLB
ZBTB10,BBX
SUPT4H1,GNB4
GALT,GBE1
CSNK1E,NCBP2
PHC1,SNX4
ITGAM,FRMD4B
ZNF341,SLC41A3
NDUFB9,ATP6V1A
SNTB2,ABTB1
PCSK6,KLHL18
SYNJ2BP,CISH
LTB4R,ACVR2B
CIRBP,COMMD2
,GORASP1
,ABCC5
,SSR3
,NKTR
,FOXP1
,INO80D
,RTKN
,PIKFYVE
,ACTR1B
,ACTR3
,STAM2
,GPD2
,TANC1
,NRBP1
,ITGB6
,IFIH1
,GCA
,MOGS
,PCGF1
,SPTBN1
,CCDC88A
,WDR75
,STAT1
,GLS
,UNC50
,IGFBP2
,USP34
,EFHD1
,CCT4
,EHBP1
,COQ10B
,CHST10
,KDM3A
,IL1R1
,ABCB6
,STK25
,TPO
,TAF1B
,WIPF1
,PNO1
,PLEK
,RND3
,ATF2
,THADA
,AAK1
,TRAK2
,ARID3A
,NFE2L2
,EPHA4
,ALMS1
,GPX7
,RALGPS2
,FAM20B
,LRRC42
,QSOX1
,PHF13
,CAPZA1
,S100PBP
,RNF19B
,SFPQ
,RHOU
,ARHGEF2
,MEF2D
,C1orf21
,IVNS1ABP
,KIAA2013
,MFN2
,NCF2
,GADD45A
,RGS2
,TROVE2
,CTH
,OLFML3
,PLEKHM2
,ZBTB17
,CD58
,TMEM9
,ADPRHL2
,C1orf109
,RRAGC
,LGALS8
,RLF
,ZNF684
,ETV3
,UAP1
,CTBS
,SSX2IP
,ZNHIT6
,GBP3
,GBP1
,HMGCL
,CD46
,APH1A
,B4GALT2
,PIK3R3
,BLZF1
,SLC19A2
,CNN3
,F3
,VAMP4
,RCAN3
,RCOR3
,DHDDS
,NSL1
,STX12
,OSBPL9
,CD3EAP
,MESDC2
,CTSD
,STK11
,ATF6
,B4GALT6
,FILIP1
,FBXO30
,TNFAIP3
,SGK1
,RNF146
,MED28
,SLC16A7
,TMEM5
,FOXO3
,TGIF2
,PPL
,CCND2
,ELL2
,GTF3C3
,KLF9
,TJP2
,PIGZ
,HEATR1
,WDR34
,PHF19
,NEK6
,HDHD3
,NR4A3
,CSF3R
,KDSR
,VPS4B
,PGF
,DNAL1
,TTLL5
,ABCD4
,TGFB3
,ESRRB
,COQ6
,ZNF410
,SUPT7L
,DNMT3A
,ATAD2B
,AFTPH
,SLC17A5
,OGFRL1
,FAM178A
,IFIT3
,IFIT2
,CUTC
,PPP1R3C
,C10orf88
,TCTN3
,RNF115
,SEC22B
,TXNIP
,BAHCC1
,RASSF5
,GDF10
,AARSD1
,TMEM185A
,EGLN2
,LUC7L2
,SRXN1
,MMP28
,LIX1L
,AGAP11
,NUDT3
,DOC2B
,DCP1A
,TAF9
,MLLT6
,SMEK2
,NUDT18
,AATF
,DUSP14
,ORAI1
,PCDHGB5
,STAG3L2
,GPIHBP1
,PGM5P2
,DDX52
,GGNBP2
,DHRS11
,GNA13
,DUSP1
,PANK3
,TEK
,RCL1
,CD274
,PLEKHG1
,MYCT1
,CENPL
,SEC16B
,GORAB
,SLC10A7
,NUDCD1
,UFM1
,ELF1
,HSPH1
,ETF1
,TGFBI
,SIL1
,MYOT
,EGR1
,SERP1
,ZFP30
,UTP20
,SOCS2
,TNFRSF10B
,SORBS3
,PTK2B
,RNF170
,UBIAD1
,RDH10
,AKAP1
,COIL
,TRIM25
,SPOP
,TBX2
,FAM117A
,PAPD5
,ECHDC2
,PSPC1
,ZNF549
,ZNF211
,PDZRN3
,RNF2
,POPDC2
,B4GALT4
,NAA50
,CRY2
,PILRB
,ZMYM2
,TBC1D15
,PIK3CA
,PDS5A
,CPXM2
,ZSCAN20
,CXCR4
,OCRL
,MYOG
,KIAA1191
,ANXA11
,RWDD3
,RPAP2
,PQLC1
,PMS2
,EEPD1
,KLHL7
,HERPUD2
,HNRNPA2B1
,FKBP9
,POLM
,RAMP3
,GLIPR2
,DCAF10
,TRIM24
,C7orf49
,PLAU
,SRGN
,VPS26A
,RBM19
,ACADS
,BHLHE41
,ITPR2
,PRDX4
,WDR83
,ATP7B
,NR4A1
,CDK2
,SMUG1
,KBTBD4
,AMD1
,USP45
,NMI
,SLC36A1
,LPGAT1
,G0S2
,MXD4
,CKS2
,ACSL3
,DNPEP
,MOGAT1
,FAM124B
,PREX1
,NCOA3
,PARD6B
,PLCG1
,ZNFX1
,RAB22A
,RNF114
,NEURL2
,FASTKD3
,IQSEC2
,VAMP7
,STAMBP
,NAGK
,SNRNP27
,HIF3A
,ZNF45
,TRERF1
,MRS2
,WRNIP1
,AARS2
,MOCS1
,MAD2L1BP
,KLHDC3
,CDKN1A
,RREB1
,SSR1
,RIOK1
,EEF1E1
,C16orf70
,RAP2A
,TM9SF2
,IRF1
,FAM193A
,ARMC7
,GTF3C4
,CHCHD5
,POLR1B
,CCDC93
,ALKBH7
,MED1
,TRIP10
,VASP
,SYMPK
,GPCPD1
,CD93
,RBCK1
,STK35
,RRBP1
,BMP2
,ZNF133
,FLRT3
,TCF15
,HNRNPR
,MAX
,NECAB3
,PLAGL2
,TMEM115
,HECTD3
,F10
,PCID2
,LRFN3
,THRA
,NR1D1
,FRMD8
,PRR12
,STAT5A
,AHDC1
,EMG1
,ZBTB1
,TRMT5
,SGPP1
,RHOT1
,AIF1L
,FAM78A
,AVPR2
,HNRNPH2
,CPSF3L
,ZNF484
,FGD3
,HIVEP3
,TRAF2
,ABHD8
,RAP1B
,TSPAN8
,BEST3
,PTPRB
,PIN1
,FBXL12
,KLF2
,GFER
,WDR24
,RNF6
,PTPN12
,STYXL1
,STEAP4
,ZNF780B
,ZFP36
,KDR
,PPAT
,TUBGCP6
,YWHAH
,TMBIM4
,HSP90AB4P
,PAPD7
,MGAT3
,MPST
,TST
,APOL2
,RAC2
,DOCK4
,POT1
,PRKRIP1
,FOXP2
,MKLN1
,SMO
,MYO1B
,HOXD3
,EIF2AK4
,MYO5C
,TMOD2
,TTBK2
,ALDH1A2
,CLN6
,LOXL1
,SPCS3
,MYOD1
,E2F8
,RPAIN
,USP6
,CD68
,FXR2
,PHF20L1
,CCNT1
,PUS7L
,MTUS1
,ADCY4
,RAB2B
,PARP2
,EGLN3
,NRL
,CDO1
,RHBDF2
,MAP7D3
,ASH2L
,ART1
,KLF16
,LBP
,CBFA2T3
,PHF10
,SAT1
,SH3BP4
,ECSIT
,LDLR
,PVRL2
,GADD45G
,SAFB2
,SLC27A1
,NSUN5
,USHBP1
,ARPC1B
,CACNG6
,ZSWIM6
,MAP1S
,PGPEP1
,HRC
,TRPM4
,UBAC1
,ZBTB46
,TUBGCP2
,PNPLA7
,OSBPL2
,EXOSC2
,UCK1
,TRIM28
,TMEM160
,LRRC47
,MED18
,C19orf66
,ZNF331
,LRP3
,C12orf65
,UBE4B
,PRRG1
,AKAP12
,RBM39
,COX4I2
,ZNF341
,ZNF428
,ZNF141
,NFATC1
,RLIM
,MRPS25
,SH3BP5
,TBC1D5
,GFPT2
,TUBG1
,PSME3
,ACLY
,DIAPH1
,TMEM204
,IL13RA1
,WDR44
,ZCCHC9
,PEX11B
,MCCC2
,ZNF132
,CHSY1
,GCH1
,RFX1
,DCAF15
,TRIM21
,SPATA6
,LRRC41
,MRPL35
,PER2
,RAMP1
,PTPRE
,PRKAA1
,CARD6
,SERPINF1
,UBE2G1
,TBC1D14
,ANKRD17
,ITGB4
,TRIM47
,XAF1
,VPS13B
,REEP2
,FLOT2
,PRMT7
,NIP7
,HSPA12B
,BTBD3
,NXT1
,POLR3F
,ARHGEF11
,DCAF8
,IGHMBP2
,CTNNBL1
,ZSWIM3
,ZMYM5
,USPL1
,XPO4
,CDK8
,ALOX5AP
,MYH10
,PIK3C2B
,TMCC2
,EPSTI1
,RFXAP
,STARD13
,FAM104A
,BTBD2
,SUV420H2
,ANKRD32
,CNDP2
,MACROD1
,MED10
,LARGE
,SLC2A11
,AGAP3
,BTG1
,C12orf29
,ATP13A3
,KRAS
,IPO8
,SWAP70
,ARNTL
,AMPD3
,ZFC3H1
,DUSP26
,C14orf1
,EIF2S1
,ADAM20
,MBD2
,IRAK2
,BHLHE40
,TSPAN2
,SORT1
,AP4B1
,NAPG
,ARF3
,TMEM106C
,SLC38A2
,YWHAQ
,ROCK2
,IL6ST
,CDC73
,FBXO18
,ANKRD16
,ECHDC3
,IL15RA
,CCNH
,EMP1
,RERG
,ACP2
,PUM1
,YARS
,PHC2
,GNL2
,CYP2J2
,PRPF38A
,RNF138
,DTNA
,DAGLA
,SLC43A3
,DHX34
,CLOCK
,PDGFRA
,ARGLU1
,ERCC5
,ETS1
,TMED7
,APC
,WDR36
,OSTF1
,TMEM2
,GOLM1
,FAM189A2
,ADAM19
,HAVCR2
,TAOK3
,USP30
,TBX3
,DMTF1
,CCDC146
,PNPLA8
,SRPK2
,TES
,SYNCRIP
,SNX14
,NT5E
,NAT10
,CAPRIN1
,DNAJC14
,RDH5
,COQ10A
,PAN2
,ZC3H10
,HNRNPA1
,LTV1
,AHI1
,HEY2
,STX11
,TEC
,CCT7
,CCDC142
,KCNMB4
,GNS
,MDM2
,KLHL36
,MPHOSPH6
,URB2
,COG2
,GLUL
,RNASEL
,DHX9
,CEP350
,PIGC
,RC3H1
,SP110
,CHRND
,DOCK10
,USP37
,ITM2C
,CAB39
,REV1
,MFSD9
,EPC2
,SCYL2
,CKAP4
,PLXNC1
,APPL2
,DRAM1
,FLNB
,TBC1D4
,PHF11
,LMO7
,LCP1
,C7orf25
,TNS3
,RAPGEF5
,KDELR2
,ZDHHC4
,TBRG4
,HUS1
,TTYH3
,TTC5
,NMT1
,TEX2
,LIMD2
,TRA2B
,TANK
,SKIL
,VPS45
,RPS6KC1
,WDR33
,SAP130
,IMP4
,STAM
,ABI1
,ODF2
,TOR1B
,SMC2
,KLF4
,FAM129B
,SLC31A1
,TLR4
,ZNF189
,TEX10
,TSTD2
,XPA
,NCBP1
,MYC
,IL33
,IL11RA
,RNF38
,CNPY3
,PPIL1
,KLC4
,PIM1
,YIPF3
,FRS3
,TJAP1
,BPHL
,TCF19
,FLOT1
,PGBD1
,VARS2
,TAF8
,NUMA1
,CREBZF
,SULF1
,SDCBP
,DDX60
,SORL1
,YAP1
,PPP2R1B
,FXYD6
,CASP1
,CTDSPL2
,THBS1
,NUSAP1
,ITGA11
,TMEM62
,ADAM10
,CCBL2
,ARHGAP29
,ADCY3
,PNPT1
,CYP1B1
,RAB1A
,ACTR2
,PREB
,PREPL
,CENPO
,TRIM54
,LOXL4
,LBX1
,ATAD1
,TACC2
,DUSP5
,ARL3
,KIF20B
,PLCE1
,DBR1
,TET1
,AOX1
,SMARCAL1
,SSB
,NAB1
,HECW2
,IDH1
,ABI2
,SLC35A5
,DIRC2
,COX17
,PARP9
,SECISBP2L
,GLCE
,APH1B
,CILP
,PPCDC
,FAM13A
,AP1AR
,RASGEF1B
,SEC31A
,AGPAT9
,BMPR1B
,RAP1GDS1
,NUP54
,G3BP2
,SCARB2
,EGF
,RGS3
,RNF185
,ETV6
,GABARAPL1
,CPNE8
,ALG10
,FAM60A
,AEBP2
,ETNK1
,C1RL
,43899
,INHBE
,GLIPR1
,PHLDA1
,LGR5
,TMTC3
,LUM
,TDG
,GLTP
,NUPL1
,SLC46A3
,LNX2
,SUOX
,TARBP2
,N4BP2L1
,LMBR1L
,C12orf10
,ESYT1
,ANKRD52
,ZNF740
,LPAR6
,VPS37B
,RHOF
,MBNL2
,ABHD13
,RAB20
,GRTP1
,TMX1
,RAB15
,WDR89
,STON2
,JDP2
,WARS
,SLC12A6
,TCF12
,ZSCAN29
,CDAN1
,HMG20A
,NEIL1
,MAN2C1
,IGF1R
,ARRDC4
,PML
,ADAMTS17
,HAPLN3
,POLG
,ABHD2
,DET1
,ZNF710
,FURIN
,GLYR1
,PMM2
,ITGAX
,IGSF6
,TXNL4B
,NLRC5
,KIFC3
,NOL3
,MAP1LC3B
,OSGIN1
,RPL3L
,MED9
,ZNF287
,KSR1
,CIRH1A
,RANBP10
,GFOD2
,UNC45B
,PCTP
,C17orf80
,TOB1
,ARSG
,CLTC
,PTRH2
,TAF4B
,AFG3L2
,IMPA2
,ESCO1
,NPC1
,ARRB2
,TP53
,TTYH2
,EIF4A3
,ANAPC11
,NARF
,TRIM65
,ELAC1
,MBD1
,PMAIP1
,PNMT
,IGFBP4
,SAMD1
,CCDC97
,SIRT3
,IFITM3
,IFNAR1
,SCYL1
,URB1
,EMP3
,ADAMTS10
,MYO1F
,ZNF787
,EVI5L
,CTU1
,NOSIP
,EPHA2
,EFHD2
,SH3BGRL3
,KIAA0319L
,WDTC1
,BCL10
,CYR61
,CYP4B1
,IGSF3
,CTTNBP2NL
,CD53
,ATP1B1
,POGK
,TMCO1
,POU2F1
,MGST3
,PPOX
,FCGR2A
,ISG20L2
,ABL2
,XPR1
,RGS16
,RORC
,ZNF687
,TARS2
,SETDB1
,MCL1
,PIP5K1A
,FAM63A
,ARNT
,DYRK3
,TAF1A
,DUSP10
,TP53BP2
,ADAM15
,S100A8
,CREB3L4
,KCNN3
,RIT1
,C1orf131
,TTC13
,NVL
,DEGS1
,CDC42BPA
,PYCR2
,SOX13
,PLEKHA6
,EML4
,CALM2
,ETAA1
,SFXN5
,NPHP1
,RALB
,SLC20A1
,PKP4
,HSPD1
,ANKMY1
,COPS7B
,VGLL4
,RAB5A
,FAM134A
,CTDSP1
,GRIP2
,EAF1
,CSRNP1
,CAND2
,PTPRG
,TMF1
,LRIG1
,NFKBIZ
,ADPRH
,SRPRB
,TMEM108
,OSBPL11
,VPRBP
,MANF
,CCDC39
,FIP1L1
,ATP10D
,DDIT4L
,TIFA
,NAF1
,PDGFC
,OSMR
,PLK2
,PIK3R1
,LHFPL2
,SSBP2
,GIN1
,BDP1
,SLC30A5
,ARHGAP26
,RNF145
,C1QTNF2
,GFOD1
,KLHL3
,TRIM41
,DOK3
,NFKBIE
,PNRC1
,PM20D2
,RARS2
,RNF217
,RSPO3
,TMEM181
,WTAP
,WASH2P
,RBAK
,CREB5
,EGFR
,MDH2
,CCT6A
,TRIM50
,ZNF92
,ATXN7L1
,TMEM168
,ASB15
,GIGYF1
,TMEM209
,TMEM140
,CASK
,KDM6A
,MSN
,ZNF182
,NDUFB11
,ZMYM3
,OGT
,RBMX
,MFHAS1
,FBXO25
,SLC25A37
,PROSC
,TACC1
,PPAPDC1B
,TRIM55
