KID,LIV
Huwe1,Wars
Wars,Mrpl52
Hbxip,Ctbp1
Dlg1,Dlg1
Ube2r2,Polr2f
Copg,Copg
Rragc,Rfk
Canx,Dhrs1
Snrnp27,Tbl3
Eif5,Gbf1
Nmt1,Itch
G3bp2,Zc3h11a
Tmem234,BC031181
Vta1,Ppm1a
Cox18,Psph
Hdac5,G3bp2
Arfgef1,Rab7
Nat15,Zkscan3
Cfh,Cox18
Eef1g,Apoa1bp
Timm21,Hdac5
Zfp429,Anapc1
Sap25,Ddb1
Kdelr2,Derl1
Nkain1,Nat15
Tmlhe,Raet1c
Scamp5,Eef1g
Echdc1,Ost4
Klhl2,Snrnp40
Rpe,Kdelr2
Arhgap5,Pglyrp2
Mta3,Irgm1
Numa1,Echdc1
Gtpbp10,Rps7
Dstn,Tpsb2
Zcchc10,Mta3
Cdk5rap2,4930544G11Rik
Eif4ebp3,Slc12a4
Stt3a,Numa1
Pigg,Dstn
Rap1gap,Thop1
Plek2,Zcchc10
Mgat4c,Cdk5rap2
Hnrnpl,Iws1
Plekhm1,Eif4ebp3
Cckar,Tifa
Cpeb1,Hnrnpl
Derl2,Plekhm1
Gm7092,Col10a1
Cks1b,Haao
Med21,Cpeb1
Sclt1,Os9
Wdr93,Zmat5
4930506M07Rik,Tm6sf2
Npr2,S1pr5
Kif3a,Mtmr6
Pparg,Slc47a1
Far1,Dennd5b
Fam48a,Zranb1
Klhl28,4930506M07Rik
Dnase2a,Npr2
Afap1l1,Gch1
Tsr1,Pafah1b1
Kdr,Rec8
2410066E13Rik,As3mt
Coq10b,Fam48a
Gimap8,Dnase2a
Efna3,Kdr
Fam189a2,Coq10b
Cnot2,Nde1
Vill,Cnot2
Gcnt2,Slc25a28
Trdmt1,Enpp4
Mme,D730039F16Rik
Hnrnpul1,B130006D01Rik
Zfp277,Gcnt2
Gm6588,Snx15
BC003331,Neu3
Akap1,Mme
Lamb1,Hras1
Trim25,Hnrnpul1
Faf1,Zfp277
Hist2h3c1,Snrpa
Lpar4,Akap1
Vasn,Ptov1
Eif2c1,Hist2h3c1
Pacsin3,Dhx9
Cmbl,Vasn
Scnn1a,Cmbl
Bag3,Scnn1a
Ncbp2,Grb10
Plat,Ncbp2
Mat2b,Prodh2
Rilpl2,1810030N24Rik
Vamp5,Myo18a
Aspn,Gtse1
Slc23a2,Slc23a2
Cxxc1,Lipg
Tspan8,Uvrag
4933427G17Rik,Cxxc1
Prss48,Dcbld2
Cbx5,Cbx5
Tmem135,Tmem135
Pdgfd,Vldlr
Ptges,Zbtb6
Prdm11,Cpsf1
BC027231,3830406C13Rik
Brpf3,Apba3
Spink8,Lsm10
5330426P16Rik,Mcm4
Hadh,Brpf3
Lsp1,Hadh
Slc25a30,Rora
Cetn2,Ldlrad3
Itpr1,Rpl9
Tmem9,Ceacam3
Vmn1r35,Unc93a
Vopp1,Kmo
Ptprs,Itpr1
Esam,Ptprs
Gipc2,Psmd14
Mosc2,Med12l
Psmd14,Degs1
Degs1,Rrp1b
Ndst1,Letm1
Serpinh1,Ndst1
Katna1,Katna1
Zfp40,Wdr34
Ndrg2,Nt5dc2
Wdr34,Dyrk1b
Nt5dc2,Rela
Brms1l,Myl12a
Dyrk1b,Serpinf2
Akap12,Grk4
S100a11,Zfp207
Myl12a,Arl6ip5
Gm3893,Gstm7
Pnpla7,Fabp1
Arhgef5,Rpl15
Eng,Pnpla7
Mkln1,Arhgef5
Nup188,Scamp4
Zfp36l1,Grem2
P4ha2,Zfp36l1
Erp29,P4ha2
Serpina3c,Erp29
Ttc26,Lcmt2
Myo5b,Mlh1
Taf7,Tmem173
Prex1,Gm10106
Myc,Cyp4a12a
Hspa5,Atp6v0b
0610012H03Rik,Sap130
Ace,0610012H03Rik
Arf5,Itih3
Ext2,Arf5
Abhd14b,Ext2
Cir1,Cir1
Rcn2,Zc3hc1
D10Wsu102e,Hnrnpk
Tubb2b,Spon2
Hap1,P2ry4
Ppp2r5c,S100a5
Sgsh,Ears2
Mdm1,Atp5k
H1foo,Kynu
Kynu,Wbp2
Ogg1,Mrps5
Pde1a,Pigh
Arhgef6,Dclre1a
Pigh,Arhgef7
Arhgef7,Dpy19l1
Hk1,Tgfbr2
Dpy19l1,Ncapd3
Tgfbr2,Parp16
Fmnl1,Pabpn1
Cdc25a,Fh1
Vdac3,F7
Agbl2,Acy1
Zfp750,Paqr3
Cav2,Clec16a
Ints8,Dcaf7
Prpf4b,Rps27a
Parp16,Anxa9
Pabpn1,9130011J15Rik
Acy1,Clasrp
Srsf9,Erf
Defb22,Sun1
Ap3b2,Cct2
Paqr3,Scamp1
Dcaf10,Aifm2
Scrib,Lrp6
Tmem47,Bag6
Apob,Gas6
Slc25a10,Mff
Rpa3,Tmed5
Ticam1,Zfp605
Tmem171,Eid2b
Cttnbp2nl,Grn
Erf,Nr2f6
Cct2,Tcl1b3
Rsl1d1,Tbc1d19
Rab11fip1,Gnb1
Slc34a3,Dpysl2
Bag6,Adora1
Wbp5,Pex11a
Dnahc12,Tada2a
Tbc1d8b,Rac3
Eid2b,Eif1b
Ddx3x,Epha1
Nr2f6,Tpr
Coro1a,Eif2d
Dpysl2,Abtb1
Pex11a,Tbc1d14
Tada2a,Pigx
Eif1b,Cyp2f2
Epha1,Mxd1
Tpr,Zfp879
Ppp3cb,Kptn
Eif2d,Trp53bp1
Abtb1,Alms1
Slc6a4,Hps5
Tbc1d14,Fbxl3
1700026J04Rik,Cd2ap
Calcrl,Sema4c
Synpo2l,Slc25a5
Cd40,Atpbd4
Zfp58,Trh
Pigx,Zfp326
Aldh18a1,Bbs9
Mxd1,Nf1
Hmha1,Capn8
Alms1,Supt4h1
Cd300lg,Zfp219
Hps5,Slc20a1
Fbxl3,Ifitm2
Cd2ap,Inmt
Bag1,Cul2
Sema4c,Parp2
Atpbd4,Ihh
Bbs9,Soat2
Nf1,Ngrn
Olfr740,Wasf2
Lrtm1,Naa50
Slc6a18,Adss
Ipo4,Acsm5
Olfm4,Zfhx2
Gnai3,Adipor2
Supt4h1,Khnyn
Slc20a1,Klf11
Atl1,Pars2
Ifitm2,Ankmy2
Inmt,Agap1
Cul2,Cct3
2700081O15Rik,Polr2h
Acsm5,Urod
Rap1a,Dhrs9
Trim23,Ppp2r1b
Selenbp2,Bmp1
Lsm7,Tmem170b
Adipor2,Gse1
Klf11,Prdx3
Pten,Serpina7
Ankmy2,Ulk1
Cct3,Scn3a
Zfp354c,Hars2
Rnf128,Rab11fip4
Ppp2r1b,1110038D17Rik
Khdrbs2,Ahcyl1
Cacna1a,Dazap2
Prdx3,Spink5
Plin1,Arap1
Tmx1,Scamp3
Large,Dusp12
Ulk1,Krcc1
Rab11fip4,Smc5
1110038D17Rik,Hist1h2bm
Ahcyl1,Gpcpd1
Cacnb3,Shprh
Dazap2,Lsr
Arap1,Ptcd3
BC030499,Phka1
Pzp,Smarca4
Dusp12,Alkbh4
Clip4,Rad51l3
Plac9,Usp6nl
Itga6,Arf6
Tmem169,Nars2
Luc7l3,Stk38
Gpcpd1,Sertad1
Tex24,Lman2
Fabp4,Rqcd1
Lsr,Srprb
Phka1,Zfp78
Apex2,Hlcs
0610007P14Rik,Atxn3
Apobec2,Cby1
Smarca4,Abcg5
Lbr,Eif2s3x
Arf6,Zmiz1
Nars2,Afm
Stk38,Fbxo38
Lman2,Anxa7
Rqcd1,Magohb
Sft2d3,Ivd
Srprb,Ciz1
Sp4,Cask
Alg2,Ttc17
Ntn4,Bre
Cacna1d,Psmd11
S1pr3,Fam116b
Tha1,Rsad1
Eif2s3x,Lrp12
Nexn,Nfix
Zmiz1,Dclre1c
Afm,Leo1
Anxa7,Rabepk
Slc6a20a,1110008P14Rik
Mga,Dpp9
Cask,Ghitm
B3gnt8,Pomp
Nol11,Olfr77
Bre,Vipr1
Psmd11,Ndufa13
Rsad1,Tacc2
Gorasp1,Loxl4
Dclre1c,Golt1a
Leo1,Rxra
Pcyox1l,Gm2a
Plcg2,Mest
Rfc1,Cenpl
Rab1,Abca8b
Ghitm,Tmem63b
Hrasls5,Dcakd
Loxl4,Ppl
Creg2,Ndufb2
Gtf2h5,Wwp2
Abca8b,Tmem56
Rabgap1,Fam20a
Nlrx1,Zfat
Tmem63b,Pcyt1a
Penk,Lmod2
Wwp2,Ubxn2a
Tmem56,Slc25a37
Fam20a,Homez
Pcyt1a,Lnp
Kcnj10,Erlin2
Gpr35,Zbtb26
Ubxn2a,Card10
Lnp,Med24
Erlin2,Srr
Zbtb26,BC024978
Card10,2210016F16Rik
Med24,Arhgap21
Fam160a2,Esr1
Ap3b1,D2hgdh
Srr,Nudt9
Esr1,Klhdc7a
Prkg1,Snrpb2
Camsap2,Gm14296
Pkn2,Inhbb
Fam101b,Pkn2
Nktr,Vmo1
Chic1,Cecr5
Tnfrsf13c,Chic1
Nup205,4930523C07Rik
Tmem248,Chkb
Gm5887,Nup205
Pde3a,Tmem248
Cxcl10,Gm5887
Lad1,Puf60
Zfp738,Dhx35
Eif4ebp2,Cyp2d37-ps
Aif1l,Cxcl10
Ccrn4l,Lad1
Timm8b,Rab5a
Gmps,Tubb1
Greb1l,Ccrn4l
Ola1,Timm8b
Hebp2,Bbs2
Ccdc50,Slfn9
Ncstn,Atic
Prune,Rbmx
Ptges3,Ift172
Arhgap6,Ola1
Uxs1,4930447C04Rik
Olfr742,Wdr41
Tmem8b,Pofut1
Fam132a,Ccdc50
Ccdc101,Cyp26a1
Snrpe,Aldob
Lgals4,Arhgap6
Dpy19l3,Csf2rb
Angpt1,Uxs1
Dnaja1,Arfgap2
Ssbp4,Klf7
Cyp2j6,Ccdc101
Pde4b,Snrpe
Il1r1,Fam167a
Pop4,Ing1
Stxbp2,Dnaja1
Fkbp15,Slc22a18
Bhmt,Bdh1
Lgals12,Pop4
Ufm1,Stxbp2
4930579F01Rik,Scp2
Aoc3,Il1rn
Rps12,Fkbp15
Tle3,Bhmt
C1qtnf2,Dera
Ccdc108,Atp11c
Bcas3,Gpr19
Usp2,Tle3
Npat,Bcas3
Prkar2a,Usp2
Tomm34,Smc4
Orc2,Prkar2a
Lamtor1,Tomm34
Nras,Mipep
Tmem27,Lpgat1
Sdcbp,Lamtor1
Sesn3,Yy1
Ppp6c,Atp6v0a1
Tyw1,Ino80b
Dpp8,Kcnv2
Csrnp1,Bend7
Osgin2,Cdhr5
Cdc25b,Tnip2
Hpgd,Osgin2
Dmrt2,Lrrc8c
Dhdds,Pex5
Zfp706,Zfp706
Senp2,Mbp
Acvr1b,Phf14
Ipmk,Slc6a9
Taf1c,Trpd52l3
Eef2k,Tbck
Serpina1f,Med16
Aprt,Dsg1c
Phf14,Tjp3
Slc6a9,Rhoj
Cnpy2,Plp2
Tmem71,Dopey2
Med16,Sipa1
Klk1b1,Fam107a
Tjp3,Ift46
Rhoj,Ablim3
Ift46,Slc2a5
Slc2a5,Mettl25
Fam173b,Rere
Mettl25,Exosc9
Rere,Rab7l1
Art1,Aagab
Exosc9,Tm4sf1
Pcm1,Gm10716
Usp24,Plin3
B9d1,Ndufv3
Mettl4,B3galt1
Adamts5,Asnsd1
Hist2h3c2,Hist2h3c2
Cyyr1,Cyyr1
Mtor,Wipf2
Pgk1,Mtor
Sfrp2,Srpk1
Zfp692,Pgk1
Pgam1,Zfp692
Tbl1x,Pgam1
Olfr1340,Slc38a2
Amdhd2,Tbl1x
Arrdc3,Amdhd2
Flot1,Arrdc3
Trim8,Flot1
Zfand6,Rnf111
Tpd52l2,Fam108c
Fam108c,Opalin
Nt5c3,Mapre2
Mapre2,Rgs5
Spcs2,Spcs2
Pank3,Atg2a
Osbpl6,Arpm1
Atg2a,Sprtn
Rnf141,Rnf141
Hdgf,Hdgf
Ypel2,Wdr81
Ganab,Psmd3
Sfswap,Ypel2
Ugdh,Ganab
Manba,Sfswap
Vnn1,Ugdh
Kpnb1,Manba
Rnf186,Vnn1
4930512B01Rik,Kpnb1
Man2a1,Rbbp4
Gm53,Tulp4
Tm9sf4,Styx
Slc12a9,Man2a1
Cct6b,Tssc4
Kdm4b,Galt
Gm4788,Tsc22d4
A4gnt,Nfs1
Sec61g,Srgap3
Sec23b,Znrf1
Tmem214,Tmem214
Spata1,Podxl
Cd209f,Thg1l
Podxl,Gfm2
Sik1,Klb
Thg1l,Zmiz2
Gfm2,Phf20
Epb4.1l2,Fcer1g
Gfpt2,Gfra1
Zmiz2,Ap2b1
Parg,Krt18
Ctsh,Gphb5
Gfra1,Psma3
Peli2,H3f3a
Ap2b1,Nme1
Rpl24,Mettl2
Psma3,Clcn5
Nme1,Ppdpf
Clcn5,Atf3
Atg3,Bclaf1
Rnf38,Arl6ip4
Znrf3,Znrf3
Slc22a22,Mocos
Rnaseh2b,Rnaseh2b
Tasp1,Eif4b
Stk19,Foxo3
Eefsec,Zfp418
Eif4b,1700009P17Rik
Foxo3,1300002K09Rik
Zfp418,Serpinb9
Noc3l,Usp38
1300002K09Rik,Ski
Evl,Mrpl19
Bcl7b,Plxna2
Adra1a,Cars
Tceal8,Cpeb2
Serpinb9,Desi2
Sdha,Rtp4
4930453N24Rik,Tsc22d3
Fgfr1op,Shroom2
Pard3,Abcg2
Uba3,Akr1d1
Syna,Lsmd1
Hif1an,Tubb6
Pqlc3,Pgap1
Tmem91,Fbxl20
Spire1,2810428I15Rik
Desi2,Cc2d1b
Tsc22d3,Eif2b3
Abcg2,Marveld1
Vmn1r44,Sec61b
Cftr,Slc10a5
Cldn8,Tmem208
Pgap1,Pln
Fbxl20,Lamtor2
Dock10,Ddx3y
Bdp1,Pdia4
Ctcf,Rab40c
Wdr74,Tnfrsf1a
Zswim7,Jph3
Marveld1,Arsg
Pdia4,Cdcp1
Arsg,Yars2
Cdcp1,Psmc2
Yars2,G6pd2
Col4a4,Rab22a
Adamts12,Apon
Fam59b,Acsl5
Rab22a,Mink1
Fam84b,Ccbp2
Adra2b,Atp11a
Myo9a,Aspg
Smchd1,Adamtsl4
Npepps,Ear6
Acsl5,Stxbp4
Hsdl2,Cldn1
Aspg,Cks2
Fam134a,Fgf1
Stxbp4,Rfx1
G0s2,Etfa
Cldn1,Ppp4r4
Cks2,Tpd52l1
Fgf1,Cep97
Cd8b1,Snrnp48
Etfa,Tmem62
Fam124a,Nrbp1
Ppp4r4,Actr3
Polb,Etnk2
Snrnp48,Gckr
Vmn1r7,l7Rn6
Erp44,Zfp563
Actr3,Reps1
Etnk2,Abcb11
Lrch4,Aldoa
Ntf3,Npc2
l7Rn6,Fam134c
Zfp563,Fam195b
Fam134c,Cyth3
Rbm48,Sel1l
Ptgs1,Hapln4
Sel1l,Hoga1
Hoga1,Hdac11
Hdac11,2700062C07Rik
Cck,Ppp1ca
Slc35a4,Mtmr9
Dgkb,Nat6
Tmem198b,Apoc3
Thap2,Tmem238
Prmt3,Zfp617
Sod2,Adprh
Sox7,Thap2
Gsdma3,Prmt3
Smarcad1,Sod2
Cdc42bpg,Arhgap19
Tnfrsf14,Gpn3
Tor1aip2,Tep1
9530068E07Rik,Rpl7
Bhlhe41,Nfkb1
Syngr1,Cnst
Bloc1s5,Sub1
Ptprd,Adap2
Smg7,Tor1aip2
Mtdh,9530068E07Rik
Hnrnpd,Npas3
Atxn7l3b,Bhlhe41
Tgm2,Bloc1s5
Praf2,Ptprd
Tinagl1,Ly96
Brox,Fam171a1
Mapk14,Tdp1
Alkbh7,Tmed10
2310030G06Rik,Leap2
Ap1g1,Hnrnpd
Itga1,Prkaca
Rassf6,Atxn7l3b
4831426I19Rik,Tgm2
Trpc1,Lrp10
0610009B22Rik,Praf2
Dst,Rnf135
Gm5595,Mterf
Letmd1,Nr2c2ap
Pter,Kdm5b
Cd6,Mapk14
Clcn2,Higd2a
Tor3a,Alkbh7
Ptgfr,Ap1g1
Tbc1d13,Myst4
Upp2,Rassf6
Atp13a3,4831426I19Rik
Rbm4b,Lpar6
Stag1,0610009B22Rik
Sirt3,Dst
Myh14,Ppp2cb
Itih2,Wdr11
Gprc5b,Chaf1b
Snd1,Letmd1
Adcy4,Pter
Papd7,Zscan21
Ablim2,Tor3a
Slc38a3,Upp2
Gm6505,Egr1
Arhgap12,Sirt3
Tlr2,Itih2
Mtmr4,Lcp2
Armcx4,Snd1
Pla2g4d,Papd7
Tsen15,Dap
Nusap1,Slc38a3
Ttc32,2010011I20Rik
Ptgfrn,Gpi1
Atf1,Mtmr4
Glrx,Fam160b1
Tsga14,Tsen15
Sytl5,Ankrd13a
Nudt22,Smarce1
Pot1a,Nusap1
Sars2,Epsti1
Sec61a1,Grlf1
Ift80,Bmp7
Stk40,Pex10
Rasgrp1,Aktip
Pgm2,Glrx
Trp53bp2,Tsga14
Mogat2,Zrsr2
Anxa3,Mzt1
Crebl2,Acadsb
Prnp,Nudt22
Fbxl21,Pot1a
0910001L09Rik,Sec61a1
Olfr1394,Ift80
Erbb2ip,1810013L24Rik
Ppp2ca,Stk40
Entpd5,Pgm2
Gdap1,Trp53bp2
Reps2,Dars2
Col4a3bp,Palld
Gpam,Galnt13
Cdkl4,Cadps
Aqp8,Arl4a
Nt5dc1,Crebl2
Trim11,Gak
Lclat1,Prnp
Yeats4,Fbxl21
Rasip1,Shq1
Tanc2,Rhoa
Ndel1,Erbb2ip
Fkbp7,Rnf19b
4930402H24Rik,Col4a3bp
Slfn4,Arhgap23
Plec,Hal
Fndc3b,Tmem184c
Med1,Gpam
St3gal4,Aqp8
Men1,Alg11
Gsta4,Bag4
Ddc,Lclat1
Mtr,Rps18
Cbr4,Cdv3
Dnahc9,Wdr37
Sppl2b,Yeats4
Mreg,Mtfmt
Rdh11,H2-T23
Meis1,Ndel1
Hdac2,Fkbp7
Ctnnb1,4930402H24Rik
Shank3,Plec
Cmip,Fndc3b
Cd47,St3gal4
Kpna3,Arl5b
Klf9,Men1
Nek2,Gsta4
2210011C24Rik,Ifi47
Efhd1,Top3b
Tex2,Vrk1
BC025920,Itpk1
Zfp295,Elac2
Plxnc1,Ddc
Uba5,2810432D09Rik
Frk,Zfp821
Pdk4,Sppl2b
Kif3b,Mreg
Skiv2l,Rdh11
AB041803,Meis1
Itfg1,Hddc2
Thoc1,Cmip
Xbp1,Cd47
Afap1l2,Klf9
Msto1,Txn2
Mfhas1,Lrpprc
Dock1,BC032203
Fyn,Tex2
Fermt2,Zfp295
Slc12a2,Pip4k2b
Nipa1,Plxnc1
Tapt1,Lgals9
3110052M02Rik,Frk
Kif27,Pdk4
Nanp,Ptpn9
Pik3r3,Pld6
Hmgxb4,Ccdc94
Itm2b,Skiv2l
Fmo4,Rimkla
Ppme1,Ufsp2
Porcn,Fut8
Polr1d,AB041803
Tmem50a,Arpp19
Samd9l,Mfhas1
Hao2,Cops6
Gata1,Srrm2
Sdc2,Dnajc24
Uba6,Mprip
Atp1b4,Lin7c
Tia1,Fermt2
Art3,Slc12a2
Tmie,Phf12
Kcnt2,Bud13
Gja1,Kpna4
Nhp2,Junb
Mchr1,Nipa1
Ptp4a2,Tapt1
Gm8258,Metap1d
Hnrnpa3,Nanp
Mthfr,Pik3r3
Ndrg3,Hmgxb4
Zfp26,Porcn
Hey1,Tmem50a
Sec11a,Slu7
Egflam,Nfkbia
Map2k6,Samd9l
Phldb1,A230050P20Rik
Rdh7,Vkorc1l1
Slc41a1,Rmi1
1110059G10Rik,Sdc2
Gabpb1,Plekha3
Ppp2r2b,Uba6
Car9,Cyb5r1
Pou6f1,Ankrd44
Eef1b2,Tmie
Irak2,Adck1
Tnfsf15,Mmab
Dcaf8,Cyr61
Selk,Zc3h12d
Arhgap24,Mthfr
2700094K13Rik,Zfp26
Dhdh,Serpinc1
Dusp19,Tox
Tgm7,Sec11a
Thbs1,Map2k6
Arhgap27,Akr1c6
Otx1,Rdh7
Abca9,Gabpb1
Synrg,Zfyve1
Naprt1,Pir
Pole4,Trap1
Creld2,Pou6f1
Nup160,Trip6
Ints9,Eef1b2
Kcnh1,Irak2
Acad11,Bhmt2
Myo5c,Dcaf8
Aqp6,Selk
Spred3,Arhgap24
Ahctf1,Nepn
Trip12,Dhdh
Pfn2,Dusp19
Swi5,Phlda2
Bzw1,Thbs1
Sox12,Tigd2
Dnase1,Mtfp1
Hint3,Alyref
Hsp90aa1,Stx6
Entpd7,Synrg
Elmo3,Naprt1
Hexim1,Pole4
Slc25a46,Creld2
Lancl3,Cbfb
Ccdc132,Rprd1b
Slc35b1,Pcbp2
Ept1,Ints9
Hdac4,Rbl2
Rdh8,Rassf8
Pcnxl4,Rictor
Xpo1,Tymp
Ceacam1,Ahctf1
Acox3,Phkb
Adh1,Tmem43
Mtrr,6430573F11Rik
Arf1,Arpc5
Tnxb,Secisbp2
Pdxk,Abt1
Prpf39,Tpst2
Tmtc1,Neil1
Srp68,Fam63a
Rbm25,Rab32
H1f0,Dynlrb1
Klf15,Myo1c
Pkd1,Hsd3b7
Mrpl10,Cbr1
Rin2,Snrpn
Tsen34,Nudt3
Skil,Nod1
Atxn7l2,Gprasp1
D630039A03Rik,Hint3
Rps12-ps3,Hsp90aa1
Tnfrsf21,Elmo3
Kansl3,Hexim1
Zfp467,Gpd1
1700112E06Rik,Slc25a46
Tmem8,Slc35b1
Mmp14,Ube2u
Sntb1,Ept1
B4galnt3,Zscan20
Fgd4,Xk
Mrps6,Cdh4
Atp6v1h,Ppp1r3g
Hba-a1,Mgea5
Kcnj1,Pcnxl4
Il4ra,Orai1
Cox10,Xpo1
Ywhag,Ceacam1
Tgm1,Akr1c20
Prr12,Adh1
Cdc20b,Krt20
Pak6,Rin3
Gprin3,Trim14
Pgm3,Mtrr
Brf2,Arf1
Chd9,Pdxk
Mcm10,Ing4
Lgmn,Tmtc1
Antxr2,Fbxo31
Cdk2ap1,Rbm25
Tfec,Prkd2
Cdc73,H1f0
Ksr2,Klf15
Exoc1,Fubp3
Rbm45,Tmem14c
Tubb2a,Mrpl10
Tnfsf12,Kctd12b
Hist2h4,Rin2
Calr,Tsen34
Rps20,Skil
Aacs,2310033P09Rik
Lfng,Flrt2
Nuak1,Ankrd28
Nt5e,D630039A03Rik
Galnt11,Bap1
Pomgnt1,Setdb1
Hmx1,Anpep
Celf1,Zmat2
Vmn1r19,Tmem8
Ppp6r3,Sntb1
Lass4,Serpinb1a
Snx6,B4galnt3
Pskh1,Fgd4
Usp15,Sdccag8
Ifrd2,Bsg
5730419I09Rik,Mrps6
Acot11,Nr0b2
4930432K21Rik,Hba-a1
Rap2c,Il4ra
B3galnt2,Cox10
Fcgr2b,Ercc3
Entpd8,Ywhag
1700104B16Rik,Pnpla8
Tesk2,Agpat6
Zfp35,Eml4
Zmym6,Tgm1
Serp1,Dpf3
Usp46,Smpd4
Dennd1b,Gprin3
Aip,43164
Bphl,Brf2
Gatsl3,Hspa8
Pde8a,Cstf2t
Osbpl9,Chd9
Erc2,Mcm10
Ptplad1,Leprotl1
3010026O09Rik,Grik5
Efemp1,Prkar1a
Nfxl1,Scmh1
Nars,Antxr2
Akr1c14,Cdk2ap1
Pms1,Mat1a
Peg3,Vps37b
Gmcl1,Pex11c
Papola,Rwdd4a
Rbm3,Tfec
Plscr2,Snrpc
Pa2g4,Mrpl33
A630007B06Rik,Crim1
Slc16a1,Exoc1
Ddx17,Rbm45
Acss3,Tubb2a
Ube3b,Nadk
Sf3b3,Myeov2
Sec61a2,Tnfsf12
Pmpcb,Hist2h4
Gstm4,Calr
Heatr5a,Aacs
Gps2,Gvin1
Cda,Nt5e
AA960436,Rd3
H2-Q6,Ppp6r3
Zfp788,Dact2
Gramd4,Snx6
Fez2,Colec10
Cutc,Rpl28-ps4
Col27a1,Gm4953
Spata30,Sphk2
Slc1a2,Prim2
Aspa,Eif2c2
Arhgef33,Tmem102
Slc35c1,Ifrd2
Rplp1,Acot11
Snx13,Abcg8
Bcar3,Myo6
Abcc1,Sar1b
Apex1,B3galnt2
Arl6ip1,Fcgr2b
Atp9b,Dlat
Fmn1,Entpd8
Wdr62,Cyp4f14
Mtcp1,Zmym6
Ccr2,Serp1
Stx7,Usp46
4930505A04Rik,6530401N04Rik
Fis1,Ccdc6
Kif16b,Bphl
Lrrk2,Erc2
Mpp6,Dnajc10
Pikfyve,Gnas
Morf4l2,Hsd11b1
Ccbl1,3010026O09Rik
Vgll3,Ccdc130
Cxxc5,Akr1c14
Haus1,Pms1
Ncor1,Tbc1d24
Dgcr8,Peg3
4732418C07Rik,Akap13
Tmem181a,G6pdx
Npas2,Rbm3
Sema3d,H60b
Nub1,Pfkl
Add3,Lta4h
Myo10,Mrpl30
Bet1l,Cacna2d1
Skiv2l2,Wdr33
Malt1,Slc16a1
Ifngr1,Trabd
Slco2b1,Gm7293
Tacstd2,Trub1
Lilrb3,Ddx17
Jam2,Acss3
Fggy,Brk1
Myef2,Lcn12
Hspbp1,3200002M19Rik
Elovl7,Laptm5
Cab39,Sf3b3
Terf1,Pigr
Slc7a4,Gstm4
Lmbrd2,Wdr76
Nfic,Irgq
Fzd1,Rbm22
Wnt5b,Ddx28
Phf5a,Mnd1
Exph5,Heatr5a
Ppm1e,Gps2
Vps41,Cda
Dbp,Fam73b
Fastkd1,H2-Q6
Nek4,Dbf4
Rnf167,9030612E09Rik
Arhgap17,Tmem242
C330021F23Rik,Gramd4
Slc43a3,Mul1
Otop3,Lrp11
Ache,Mtmr7
Sash1,Cutc
Rtl1,Col27a1
Wapal,Mrpl24
Gtl3,Slc1a2
Sdhaf1,1600012H06Rik
Unc5c,Aspa
Cited2,Ptprf
Slc7a8,Cenpb
Dusp7,Slc35c1
Myof,Pml
Ceacam20,Hs1bp3
A530016L24Rik,Rab20
Krt80,Ftsj1
Ndufaf1,Bcar3
Hdac1,Arl3
Dctn5,Apex1
2700049A03Rik,Bzw2
1810011O10Rik,Arl6ip1
Mkl2,Mtcp1
Tomm40l,Zdhhc16
Igsf8,Rad21
Hsd17b14,Lmf1
Prdm1,Stx7
Hmgb2,Tec
Hspa12a,Ppp1r3c
Tmem184a,St3gal5
Slc33a1,Fam193a
Olfr920,Dlgap2
Fgfrl1,Ccdc90b
Hspb1,Dnajc14
Pik3cb,Lrrk2
Abcd2,Dck
Akap11,Ssfa2
Nav2,Inpp5e
Chmp5,Morf4l2
43165,Ccbl1
Adhfe1,1810019J16Rik
6720456H20Rik,Cxxc5
Ppm1h,Vps51
2410002O22Rik,Tlr8
Cadm1,Tmem216
Fech,C77080
Afmid,Tmem181a
Dpagt1,Npas2
Bmp2,A230046K03Rik
Etfb,Lepre1
Clrn3,Tctn2
Calr3,Marcksl1
Dap3,Cox5a
Stt3b,Malt1
Wee1,Slco2b1
Ano8,Gm10768
Ube3c,Gpr180
Mrpl51,Mospd3
4931414P19Rik,Csrp3
Samd8,Myef2
8430410K20Rik,Pdhb
Tgif1,Zfp512
Endod1,Hspbp1
Tfap2a,Nfic
Arntl,Sema5a
Adamts16,Wnt5b
Arl2bp,Ofcc1
Fam98a,Phf5a
Kdelr1,Exph5
Myh10,Olfr798
P4ha1,Dexi
Rps25,Cd52
Irf6,Hbs1l
Spen,Vps41
Pigo,Cad
Rnf213,Dbp
Tob2,Setd1b
Ncoa4,Nek4
Dnajc7,Rnf167
Zfp449,C330021F23Rik
Atad2,Bai3
Fam179b,Sash1
Myom2,Fbxl15
Apln,Nacc1
Mfap3,Trp53
Tmem92,Zbtb7a
Rnpep,Sdhaf1
2510009E07Rik,Nhej1
Mst1,Cited2
Eri2,Slc7a8
Tuba1b,Dusp7
Wdr1,Myof
BC005624,Ndufaf1
Ints2,Nhsl1
Zfand5,Dctn5
Cdk17,1810011O10Rik
Ttyh3,Mkl2
Eri1,Igsf8
Zfp959,Caskin2
Cstf3,Prss43
Srebf2,Tmem184a
Eci2,Ankrd54
Glb1l3,Slc33a1
Ehd2,Arl10
Atp1b1,Fgfrl1
Eps8,Fam111a
Ssr3,Hspb1
Ndufs7,Pik3cb
Lmo4,Abcd2
Kdelc2,Ppm1d
Ogn,Akap11
Twsg1,Uck2
Ldoc1l,Chmp5
Cdkal1,43165
Prodh,Adhfe1
Nim1,Tube1
Klhl9,6720456H20Rik
Nck2,Cebpb
Usp10,Coro1b
Col4a2,Afmid
Cops2,Foxa2
Dgke,Il2rg
Cyb561d2,Irx3
Ddost,Rpusd2
Avpr2,Calr3
Pdcl,Stt3b
Gfer,Wee1
Spast,4931414P19Rik
Fasn,Fam198a
Kcnj15,8430410K20Rik
Eif4g1,Tgif1
Psmd1,Arntl
Polr1b,Adamts16
Hsd3b3,Arl2bp
Plekha4,Zfp358
Agrp,Tbc1d22b
2700089E24Rik,Fam168a
Mmp15,Myh10
Bloc1s6,Luc7l2
Zfp507,P4ha1
Rpn2,Irf6
Kdm3a,Ggcx
Rpl6,Mblac1
Gm129,Dpm3
Cd34,Stat3
Alyref2,Dnmbp
Gabra3,Pigo
Pinx1,Rnf213
Cript,Tob2
Sh3bp5,Ncoa4
Rbm12b2,Zfp449
Med28,Nup93
Cyld,Uqcr10
Hunk,Mfap3
Eif1,Serpina3k
Olfml2b,Zdhhc21
Hlf,Rnpep
Trrap,Zcchc8
Tubd1,2510009E07Rik
C1qtnf3,Cnppd1
Anxa2,Tuba1b
Txndc9,Adrb3
Inpp5k,Atf6b
Arl5a,Mrgpre
Stk38l,Ints2
Abcc10,Sumo2
Hoxd8,Zfand5
Sdf2l1,Zfand4
Smyd2,Cdk17
Fbxo45,Ttyh3
Zfp462,Cep57l1
Ror1,Cd276
Syap1,Map2k5
Gga2,Srebf2
Marcks,Eci2
Cd79a,Atp1b1
Fam177a,Rpl36al
Atp6ap2,Gsdmd
Map2k7,Ssr3
Det1,Acp2
Sh3tc1,Hapln1
Klf3,Ndufs7
Dgka,Tmbim4
Rbm39,Twsg1
Heg1,Clptm1
Plxdc2,Cdkal1
Slc10a2,Prodh
Snapc3,Mafk
Smek2,Dad1
Mak16,Oxnad1
Tmem140,Snx33
Prpf40a,Med22
Athl1,Ptpra
Glul,Brd9
Rtel1,Col4a2
Crbn,8430419L09Rik
Rab8b,Icmt
Wdr36,Cd300ld
Ralgapa1,Gfer
Pcyox1,Ston1
Rpn1,Fasn
Nfyb,Eif4g1
Emg1,Psmd1
Ralyl,Sf3a2
Col4a1,Tor1b
Rbm43,Polr1b
Rasl11a,Sp1
Naa25,Hsd3b3
Tagln2,2700089E24Rik
Arl4d,Mmp15
Psip1,Bloc1s6
Rasgrp3,Hs6st1
Zfp229,Zfp507
Cbx7,Chd3
Tars,Kdm3a
Rev1,Rpl6
Prss23,Gm129
Plekhf1,Nsun6
Med7,Cd34
Trim2,Alyref2
Abhd4,Fam134b
Ipcef1,Gtpbp3
Sap30,Rdh9
Commd4,Sh3gl1
Grid1,Pinx1
Tmed7,Ppfia1
Itgb6,Nup62
Mmgt2,Ick
Paox,Micu1
Mapkapk2,Sh3bp5
Commd6,Rbm12b2
Tmem67,Med28
Zfp637,Ccdc15
Rnf44,Mblac2
Adrm1,Hunk
Acy3,Hlf
Cys1,Tubd1
Nt5c2,Gm9962
Cacybp,Irf2
Ppig,Eno1
Rock1,Txndc9
Snrpb,Inpp5k
Loxl1,Stk38l
Ebag9,Gpr30
Adipoq,Abcc10
Clcn6,Sdf2l1
Glis2,Smyd2
M6pr,Parva
Ctnnal1,Gga2
Efhd2,Fam177a
Timmdc1,Map2k7
Intu,Det1
Ms4a4c,D2Wsu81e
Rab11fip5,Gm7075
Hip1,Fam155a
Wdr27,Dgka
Lig4,Rbm39
Zfp575,Prelp
Dhps,Fam47e
2610002M06Rik,2510002D24Rik
Rnh1,Slc10a2
Cdc42ep5,Mrp63
Slc28a1,Mtbp
Cnnm3,Prrc2b
Tmem86b,Snapc3
Ttll13,Smek2
Dcaf15,Lzic
Ccdc88c,Upf1
Pnpla2,Tmem140
Ubxn7,Prpf40a
Exoc3,Rnd1
Zfp282,Rnf103
St7,Athl1
Xpnpep3,Cnot6l
Cdc123,Steap3
Aven,Ap2s1
Rfwd2,Glul
Nol8,Hist3h2ba
Ccndbp1,Crbn
Slc35d2,Map4k4
Gng2,Rnf4
Hmga1,H2-Ob
1700052N19Rik,Wdr36
Mapk1,Pxmp4
Srd5a1,Pcyox1
Psmd12,Rpn1
Lpp,Col4a1
Layn,Hist1h4h
Rgnef,Naa25
Sema4d,H2afb1
Dctd,Tnfaip1
Fam189b,Gstt1
Scn7a,Yipf2
Anapc13,Rasgrp3
Ninj1,4930444A02Rik
Rab11a,5730469M10Rik
Lmtk3,Cbx7
Maob,4430402I18Rik
Fbln5,Tars
Tubb5,Scand1
Hist1h2be,Rev1
Cct7,S100a16
Arfip1,1190003J15Rik
Pak1,Plekhf1
Zfp945,Chchd1
Heatr6,Qdpr
Glyat,Fgf12
Nolc1,Trim2
Wdr91,Fktn
Zfp719,Abhd4
Timm23,Pigt
Kcnj16,Rer1
Cdc42ep3,Tmem20
Wasl,Mmgt2
Zfp317,Mapkapk2
Derl3,Commd6
Mb,Tmem67
Sos2,Rdh13
Lrrc33,Zbtb7c
Nfia,Zfp637
Dcdc2a,Rnf44
Rab14,Dak
Adck3,Arhgap10
Araf,Cys1
BC025446,Nt5c2
Tmed2,Cacybp
Aqp11,Tjap1
Echdc2,Snrpb
Dhx15,Rad50
Cul7,Loxl1
Phactr2,Rnps1
AI316807,Clcn6
Vti1b,Gabarap
Glmn,Plekha8
Pkp4,Foxn3
Rab3gap1,Fam126a
Mki67ip,M6pr
Cmtm6,Efhd2
Larp1,Tdo2
Slc36a2,Timmdc1
Klhdc2,Fam83h
Hiat1,Enthd1
Lama5,Cdc42ep5
Tchhl1,B4galnt1
Coq5,Rnf5
Tmco1,Cnnm3
Cog6,Tmem86b
I0C0044D17Rik,Dcaf15
Rhbdd2,S1pr1
Dctn3,Pnpla2
Isoc1,Exoc3
Cyp4b1,Tgoln1
Steap4,Xpnpep3
Top2b,Ccndbp1
Islr,Hmga1
Il13ra1,Sec22c
H2-Q7,Srd5a1
A1cf,Psmd12
Tmem41a,Lpp
Tmod3,Zdhhc23
Stbd1,Ddah1
Cd28,Cyp2c68
Pdp2,Anapc13
Plin4,Qser1
Sel1l3,Ninj1
Fah,Rfxank
Hnrnpa2b1,Maob
Tsta3,Tubb5
Tmem220,Hist1h2be
H2-K1,Rps19bp1
Itpr3,Cct7
Snx24,Dpm2
Pcbp4,Zfp945
Zfp238,Vps33b
Anks4b,Nolc1
Csrp2,Wdr91
Tnk2,Abcb10
1110007C09Rik,Mettl1
Zfp808,Zfp667
Zfp458,Wasl
Utp11l,Actn1
Pdk1,Rgs1
5031425E22Rik,Shkbp1
Kctd20,Npc1l1
Agtpbp1,Kncn
Ctc1,Lyrm4
BC030336,Rab14
Psmd2,Adck3
Trappc12,BC025446
Esco1,Tmed2
Gdpd1,Aqp11
Nr1h2,Sbf2
Mtpap,Rab9
Usp45,Emc4
Atp6v1d,Dcun1d4
A830080D01Rik,AI316807
Mpst,Parp12
Katnb1,Vti1b
Rgs16,Fam46a
Plekhm3,Cmtm6
Opa3,Mug1
Chchd3,Larp1
Asxl3,Flnb
Pdzd11,Hiat1
Aqp3,Mapk1ip1
Herpud1,Fzd7
Vwf,Rrbp1
Ipo11,Otud5
Cct5,Coq5
Ppil6,Rhbdd2
Elmod3,Serpina3f
Mboat1,Isoc1
Sp110,Ccdc109a
Cyp2s1,Cyp4b1
Aldh1a1,Steap4
D6Wsu163e,BC056474
Lin7a,Flcn
Hsd17b11,Il13ra1
Api5,Ufc1
Lrtm2,Gatad2b
Ankrd27,Ctsb
Csnk1a1,Tmem41a
Idh1,Cpn2
Cog7,Bcl2l11
Gadd45b,Foxb2
Kpna1,Tmod3
Vps39,Stbd1
Dedd,Pxdc1
Usp39,Pbrm1
Nqo2,Mllt3
Gldc,Sel1l3
Cgn,Pbx3
Atp2b4,Slc25a23
Ngef,Zbed3
Ibtk,Trmt112
Ggct,D18Ertd653e
Aldh1a3,Zbtb22
Akap2,Msmp
Cachd1,Snx24
Pex11b,Wbscr22
Parp8,Pcbp4
Gm13301,Dyrk2
Hpca,Anks4b
Ssr1,Csrp2
Rab8a,Tnk2
Wdr6,Papss1
Surf1,5031425E22Rik
Evx2,Atf6
Inpp5j,Ift140
Il7r,Agtpbp1
Zfp426,Mgll
Fst,Hsd17b2
Rbm44,Ctc1
Galk1,Gtf3c6
Skida1,Xylt2
Galnt10,Uprt
Uchl3,Psmd2
Slc25a36,Trappc12
Gm10749,Gmeb2
Rhpn1,Gdpd1
Sgms1,Nr1h2
Slc12a6,Olfr1348
Lrrc4,Atp6v1d
Cln5,Mpst
Nccrp1,Rgs16
Sssca1,Nr1i3
Plk4,Opa3
Golph3,Pdzd11
Chid1,Mcts1
Pmepa1,Herpud1
Agtr1a,Prkdc
Slco3a1,Ipo11
Nr1h3,Cct5
Copg2,Elmod3
Serpinb8,Fbxo4
Bmp6,Aldh1a1
Pik3r1,D6Wsu163e
Abca4,Slc30a9
Klf12,Ndfip1
Leprot,Ormdl2
Yipf5,Naa30
Slc16a7,Ube2cbp
5730455P16Rik,Ankrd27
Scaf1,Ruvbl2
E2f6,Kpna1
Lrp2,Kcnma1
Ttll1,Dedd
Dzip3,Usp39
Col18a1,Nqo2
St7l,Gldc
Jam3,Ube4a
Slc4a3,Cgn
4632434I11Rik,Atp2b4
Spred1,Mlxipl
Tbxas1,Ngef
Fv1,Ggct
Uhrf1bp1l,Olfr332
Cdc42se1,Slc6a13
Atp2c1,Ssr1
A730049H05Rik,Gpr89
Psme3,Sgpl1
Klhl24,Rab8a
Tm9sf1,1500032L24Rik
Rab2b,Wdr6
Ccdc150,Fxr1
Fpgs,AY702102
Zdhhc17,0610011F06Rik
Chrna4,Vwa8
Angel1,Zfp426
Atp6ap1,Wfdc11
Lphn1,Galk1
Prkd3,Galnt10
Fads6,BC031353
Gsta3,Nfx1
Kcmf1,Ccdc162
Ubqln4,Gas2l3
Ehd3,Zfp828
Jmjd4,Sgms1
Ap2a1,Maz
Gtf2ird1,Pramef8
Lss,Fads2
Cd38,Bex1
Eif4e3,Maml1
4921524L21Rik,Wwox
Phka2,Chid1
Fam69a,Dync1h1
Ddr2,Agtr1a
Hoxa7,Slco3a1
C2cd2,Nr1h3
Zfp110,Tnfrsf1b
Srsf5,Copg2
Nampt,Prmt6
Dnajc13,Pik3r1
Tmed1,Klf12
Gpbp1l1,Psma4
Zfp874a,Ppfibp2
Slc24a2,Leprot
Lrrc8d,Slc16a7
Fam149b,5730455P16Rik
Fkbp4,E2f6
Rtn4,Ttll1
Mpp7,Wdyhv1
Hvcn1,Tm9sf3
Fgr,Tectb
Gmpr,Col18a1
Sash3,Jam3
Insig1,Tacr3
H6pd,Fv1
Zfp109,Plxnb2
Hectd1,Thoc3
Tceb1,Zfp825
Fbxw5,C2cd2l
Hgf,Smyd1
Myo7b,Thpo
Pi4ka,Cdc42se1
Btg1,Hspb8
Fscn1,Psme3
Boc,Klhl24
Prex2,Scoc
Hmox1,Fpgs
Dcxr,Camkk2
Naif1,Chrna4
Gnb2,Atp6ap1
Rwdd3,Stk16
Ddx10,Prkd3
Rusc2,Olfr692
Neu1,Gsta3
Polr3a,Rps11
Dkk2,Spryd3
Eif5a2,Trim24
Dazap1,Serpina5
Adnp2,Galm
Krt74,Mxd4
Brwd3,Ubqln4
Dr1,Pgap2
Neurl4,Rexo1
Bod1l,Pom121l2
Rbm47,Ehd3
Crtc2,Mfsd4
Pigy,Ccdc53
Pla2g5,Ap2a1
Llgl2,Gtf2ird1
Galnt3,Lss
Dcaf4,Cd38
Vwa1,Phka2
Hmcn2,Fam69a
Sytl2,C2cd2
Cd274,Srsf5
Fmnl2,Rnf39
Slc25a33,Nampt
Cct4,Dnajc13
Strbp,Tmed1
Rnf14,Gpbp1l1
Trappc8,Med8
Socs4,Ankrd34c
Kdelc1,Zfp874a
Rfx3,Lrrc8d
Cdx2,Gtf2h4
Igfbp1,Fam149b
Eml2,Fkbp4
Fbxo3,Fitm2
2010300C02Rik,Rtn4
Fmo1,Mrpl32
Tm7sf3,Mpp7
Arhgap18,Clpp
Lyrm7,Ctsf
Id4,Gmpr
Phf17,Map3k13
Trmt10a,Insig1
Cant1,H6pd
Rundc3a,Zfp109
Egln3,Hectd1
Ccbe1,Eif3f
Oxt,Oas1c
Zfp97,Cc2d1a
Btaf1,Nat10
Ppm1b,Pum2
Akap7,Thrap3
Cpvl,Dll1
Il15,Rffl
Uap1,Pi4ka
Magi2,Btg1
Mri1,Prex2
Pdlim4,Timm9
Engase,Pla2g12b
Zfp846,Slc30a10
1700019G17Rik,Syt3
D19Ertd737e,Eif5a
Slc25a42,Naif1
Fam136a,Whsc2
Efnb1,Gng12
Psmc3,Gnb2
Man1a,Clpb
Atp6v0a2,Ube2f
Akt3,Rwdd3
St8sia6,Rcbtb2
Slc9a3r2,Rusc2
Ezh2,Lsm2
Glrx3,Plbd2
Tmem218,Zbtb37
Thbs4,3110040N11Rik
Srpx,Acot7
Sp3,Dazap1
Zdhhc5,BC029214
Amd1,6430548M08Rik
Patz1,Nsmce2
Oxsr1,Il4i1
Acsm1,Crtc2
Fbxl2,Pigy
Oma1,Phlpp1
Lcmt1,Ppp1r9a
Cdkn1c,Llgl2
Ptpn2,Dcaf4
Osbpl7,Olfr597
Ptger3,Tbc1d20
Pigq,Mrps24
Cyp4f13,Tpm1
Cyp2a5,Fmnl2
Id2,Slco1a4
Dek,Rad23b
2810408A11Rik,Tmx2
Vim,Trappc8
Dgat2,B3galt5
Trim12a,Kdelc1
Gab1,Eml2
Mlst8,9030418K01Rik
Cdc42ep4,Fmo1
Camk2d,Txndc5
Slc22a30,Arhgap18
Ldb1,Lyrm7
Unc119,Phf17
Uhrf2,Orai3
Nfe2l2,Tsen54
Kitl,2310035K24Rik
AK129341,Aasdh
Etfdh,Nsfl1c
Sptlc1,Tnfrsf19
Zbtb20,Rbm8a
Polr3g,Ppm1b
Dcaf6,Cpvl
Zhx3,Agpat5
Ube2v2,Shroom1
Kdm5c,Hax1
Lipa,Psmb2
Cpne3,Rfx4
Ap1s3,Agap2
Rbm28,D19Ertd737e
Ankrd33b,Slc25a42
Fubp1,Efnb1
Dna2,Fam96b
Mfsd3,Pign
Prr15l,Rpl27
Cops7a,Psmc3
Prickle2,Mrgprg
Jagn1,Atp6v0a2
Stard4,Ebp
Gtf2f1,Zfp148
Cd97,Pla2g15
Akip1,4930407I10Rik
Prr5,Ezh2
43167,Tmem218
Gm906,Tmem126a
Bend5,Pop1
Pja1,Ercc5
Nme6,Zdhhc5
Cidec,Amd1
Tmed6,Oxsr1
Zc4h2,Tmem206
Rttn,Cldn25
Gm10567,Fpr-rs4
Acn9,Ndufc1
Bcl2l1,Nfkbib
Tmem33,Oma1
Stk35,Extl1
Cds2,Hsd3b5
Mrpl50,Alox5ap
Ajap1,Lcmt1
Golga4,Suv39h1
Top1,Lilrb4
Lep,Spryd4
Tnfrsf25,Cyp2a5
Slc29a1,Tex261
Slc16a3,Id2
Wdtc1,Vps52
Stx3,Poldip3
Car13,Dgat2
Nkrf,Slc38a4
BC030307,Trim12a
Dgkd,Mlst8
Nat8l,Cdc42bpb
Vac14,Snta1
Ube2w,Xpot
Nop10,Nsdhl
Ube2g2,Gm16493
Rfesd,Camk2d
Tmsb10,Ldb1
Smarcc1,Helz
Amt,1700020N15Rik
Ube2j1,Kitl
Mkks,Atp6v1e1
Myct1,Apoc2
E2f5,Etfdh
Cdc42bpa,Zbtb20
D430042O09Rik,Polr3g
Arsj,Dcaf6
Tarsl2,Rnf157
Gnpda1,Zhx3
Dse,Lipa
Ctdspl,Bloc1s3
Fam82a1,Zfp59
Bcl6b,Ankrd33b
Crls1,Hist1h3f
Tnnc1,B3gnt3
Ints3,Fubp1
Nfyc,Uox
Eltd1,Capn5
Stra13,Bcl10
Srsf2,Cops7a
Disp1,Enpp5
Capn12,Jagn1
Ascc3,Myl6
Smap1,Stard4
Narf,Gtf2f1
Fam63b,Akip1
Sec14l1,Ttll3
Qprt,Tmcc1
Slc2a12,Dpp7
Kcng1,Mapre3
D14Abb1e,43167
Rtp3,Ahdc1
Tead1,C2
Nnat,Ect2
Entpd1,Nufip1
Pank1,Zc4h2
AI314180,1810030O07Rik
Nvl,Pyroxd2
Agpat1,Tmem33
Helq,Fbxo6
Txk,Stk35
Unc50,Top1
Caprin1,Psmd4
Dtnbp1,Tmem22
Ttc33,Zfp444
Mbl1,Slc29a1
Ids,Wdtc1
Zfp239,Fam53b
Tbl2,Eral1
Arl15,Shf
Calb1,BC030307
Zfp180,Dgkd
Sec63,Vac14
Dhrs3,Ube2g2
Spnb3,Rfesd
Glod4,Tmsb10
Acot12,Gpx4
ORF61,Sh3bgrl3
Grk5,Prkci
Ppp4r2,Cars2
Rnpepl1,Eepd1
Rnpc3,Plrg1
Foxk2,Amt
Syvn1,Sparc
Tmigd1,1810009A15Rik
Baz1b,Mkks
Mettl22,D430042O09Rik
Mterfd1,Tom1l2
Osr1,Arhgap1
Ddo,Gnpda1
Wdr67,Ddx60
Isoc2b,Phospho1
Eid1,Crls1
Osgin1,Tnnc1
Sult1c2,Pigb
Gpr112,Mrpl34
Slc17a4,Ints3
BC051142,Eltd1
Cit,Pon2
Ggnbp1,Pvrl1
Hcls1,Stra13
Tpmt,Srsf2
Dyx1c1,Narf
Mfsd1,Pim2
Osbpl3,Sec14l1
Lpcat1,Qprt
Hsf2,D14Abb1e
Tcf25,Rtp3
Oaz3,Gm1614
Orc4,Nudt16l1
Ptpn4,Arid1a
Slc37a3,Dctpp1
Ppm1l,Pank1
Adcyap1r1,Agpat1
Wnk4,Gnat1
Slc7a10,Unc50
Dgat1,Ptbp2
Zbtb40,F5
Nbeal1,Caprin1
Rpp30,Dtnbp1
2410131K14Rik,Jazf1
Pck1,Mbl1
Ppil3,Atxn7l1
Acsl4,Fam53a
Ttc3,Tbl2
Fam198b,Arl15
Hnrnpr,Dhrs3
Lix1l,Spnb3
Paip2,Pros1
Ptplb,Pde4a
Ccdc148,Mcm8
Mpp2,Acot12
Ubiad1,Ppp1cc
Ebf1,Tma7
Pcx,Grk5
Prm1,Spint3
Hp,Fmo5
Rnf181,Cmas
Kras,Tmem189
Acaa1a,Get4
Slc6a17,Baz1b
Zfp322a,Ddo
Gpm6b,Pithd1
Tmem57,Sfxn1
Pdlim5,Deptor
Etl4,Magix
Larp7,Lect2
Eif4ebp1,Zfp341
Mapt,Nomo1
Gpt2,Eid1
Zfyve16,Osgin1
Tmem39a,Sult1c2
Slc18a1,Slc17a4
Anxa1,Gins3
Wwc1,Ptk7
Acp6,Mfsd1
Chic2,Ncam2
Zmat3,Lpcat1
Msn,Prr16
BC028528,Apoa4
Coq10a,Gale
Bcl7c,Xrcc1
Actb,Tcf25
Bola1,Slc31a2
Fastkd2,Gabbr2
Wdr61,Ermap
Mll1,Nfe2l1
Zfp592,Ppm1l
Grpr,Ptdss1
Scrn2,Sod1
Ahnak,Mdh2
Egfl7,Wdr89
Hpcal4,Cpn1
Ccnjl,Spata13
Spg20,Dnttip1
B3galt2,Creg1
Rnf169,Cdh1
Phospho2,Pck1
B230307C23Rik,Rasl11b
Kcnd3,Cox19
Aqp2,Pou2f1
Rp2h,Acsl4
Ano5,Cybasc3
Zfp367,Cblb
Chrac1,Hnrnpr
Mcrs1,Ptplb
Tk1,Mrpl1
Nudt4,Fam176b
Chn2,Dus2l
Ube2e1,Rpl18
Tgfb1,Pomt2
Stam,Pcca
Slc15a4,Ndufa5
Svop,Gde1
Svil,Rnf181
Pik3c2g,Kras
Sigmar1,Tmem180
Actn4,Acaa1a
Pld1,1110003E01Rik
Fam108b,Tmem57
4933434E20Rik,Etl4
Fbxw9,Larp7
Bckdk,Dnmt3a
Cdpf1,Pex1
Cdo1,Gpt2
Inca1,A130010J15Rik
Mknk2,Map3k1
Inpp5b,Serpine2
Msl3,Acp6
Txnrd1,Chic2
Psmc6,Zfp688
Pcmt1,Rnf185
2310067B10Rik,Uck1
Crot,Msn
Tex10,Coq10a
Tmpo,Bcl7c
Hspd1,Znrf4
Mgl2,Actb
Clip2,Tle1
Ran,Ghdc
Ogfrl1,Gusb
Erbb4,Bola1
Klhdc5,Mll1
Mad2l2,Adh6-ps1
Erap1,Zfp592
Alg12,Surf6
Acan,Ccnjl
Tmem174,Zmym5
Mrfap1,Spg20
Mpzl1,Rnf169
Tbpl1,B230307C23Rik
Ripply3,Pklr
Gnao1,Ttc18
Siae,Tenm3
Rell1,Gfod2
Cacnb4,Rnase4
Ranbp17,Exosc10
Tpst1,Zfp367
Magt1,Chrac1
Rnf130,Tk1
Gcnt1,Chn2
Cep250,Aaas
Dmtf1,Pycrl
Flrt1,3110001D03Rik
Nrip3,Mettl10
Vasp,Ryr2
Pipox,Adamts9
Prx,Stam
Snap29,Svil
Trmt5,Pik3c2g
Cygb,Sigmar1
Ppp5c,Actn4
Prr14,Wrnip1
0610010K14Rik,Pld1
AU019823,Ift81
AW554918,Nfkb2
Rab11fip2,Fam108b
Angptl2,Fbxw9
Mboat2,43353
Abce1,Cdpf1
B3galnt1,Cdo1
Cep19,Map2k3
Plau,Inca1
Sulf1,Mknk2
Micall1,Inppl1
Psma1,Inpp5b
Tmc7,Wdr26
Serbp1,Msl3
Ptprj,Thoc6
Cul9,Rabac1
Tmem106b,Txnrd1
Runx1t1,Psmc6
Psmb6,Crot
Als2cr12,Rab9b
Kcnj8,Gas7
Lurap1l,4921524J17Rik
Cops3,Tmpo
Slc13a2,Hspd1
Hephl1,Ahr
Atp1b3,Ran
Slc44a2,Wdr38
Mrpl2,Erbb4
Blvrb,Rims3
Usp7,Crebbp
Slc19a3,Mon1b
Eif4g3,Eif2c4
9430016H08Rik,Eif4e2
Tspan4,Tecpr2
Ppa2,Hsbp1
Zbtb24,Mad2l2
Pdia5,Gm20731
Wdr44,Alg12
Slc48a1,Gm10800
Slc16a5,Kif13a
Rnase9,Hnrnpc
Nfat5,Prcc
2310016G11Rik,Tbl1xr1
Wdr31,Mpzl1
Gm13139,Siae
Ankrd13c,Rell1
Gm10684,Tpst1
1110031I02Rik,Magt1
1700010B08Rik,Slc41a2
Grpel2,Dmtf1
Rab28,Camsap3
Osbp2,Cflar
Pdcd6ip,Brd7
Spg11,Rxrg
Med6,Isg20
BC003266,Trmt5
Ptgr1,Nsun3
Mbd1,Eif3j1
Tubgcp4,Slc39a2
Zmynd8,Prr14
Mfsd9,0610010K14Rik
Ptk2,AW554918
Slc2a10,Lipt1
Tdrd7,Lrit1
Epm2aip1,Adat2
Ranbp6,Abce1
Tmem175,Cep19
Slc6a15,Plau
Ogfod1,Gm20449
Saal1,Psma1
Kirrel3,Gm10801
Cbx4,Tmc7
Cep70,Ptprj
Car12,Cul9
Ntrk3,Tmem106b
Rapgef3,Pea15a
Tln2,Tpi1
Ap2a2,Ptpla
Zfp644,Tgtp1
Tgds,Ripk2
Adal,Lmln
Ube4b,Gstt3
Alas2,Slc13a2
Ninl,Dennd3
Adam10,Ripply1
Dhrs11,Atp1b3
Ccar1,Slc44a2
Tbce,Tmem37
Atm,Micall2
Tjp2,Blvrb
Srek1,Setd8
Exog,Gm13152
Tra2a,1190002N15Rik
Dnaja2,Tspan4
Mrap,Cd9
Hmgb3,Ppip5k1
Ywhab,Gpaa1
Nr1d2,Pdia5
Igfbp5,Slc16a5
Aass,Stard3nl
Tbp,Tubg2
Glipr1,Bcl9
Capza2,Tas2r136
Cxadr,Gm13139
Fuk,Mrpl23
Mustn1,Acot3
Bola3,Zdhhc2
Sh2d3c,BC021614
Eed,Grpel2
Reck,Rab28
Stap1,Pdcd6ip
Mks1,Nabp2
Abhd5,Med6
Pus7,Cables1
Cirbp,Crem
Nop2,Ptgr1
Hes6,Mob3a
Tdrkh,Tubgcp4
Slc2a1,Glrx5
Gfm1,Zmynd8
Chmp4c,Hbp1
Klhl13,Gmeb1
1700022I11Rik,Zfp111
Slc6a11,Rmnd1
C1galt1c1,BC002230
Igsf21,Mfsd9
Mical3,Avl9
Nagk,Rgl3
Fa2h,2210404J11Rik
Mxd3,Epm2aip1
Adamtsl2,Ranbp6
Rab11fip3,1700029H14Rik
Homer3,Tmem175
Timm44,Ppap2c
Sult1d1,Ctf1
Myo1e,Ogfod1
Zfp653,Sec14l4
Erbb3,Ring1
Clcn7,Kirrel3
Serpini1,Slc17a3
Tomm20,Rfc3
Zfp74,Tmco3
Acr,Atad5
Fam38b,R3hdm2
Megf9,Impact
Rasd1,Ntrk3
Bgn,Tln2
Atp8a2,Ap2a2
Gltscr2,Vmn1r58
Lonrf3,Ube4b
Sema5b,Depdc5
Nr2e1,Rnf145
Stk39,Alas2
Zdhhc13,Cd163
Strn3,Slc22a23
Fahd1,Dhrs11
Fxyd1,Tbce
Ccne2,Tjp2
Lhpp,Utp14a
Angpt2,Saa4
Snx8,Ubap2l
Dnajc5,Spata26
Pdgfra,Rit1
Furin,Tmem132d
Cerk,Hist1h2al
Col6a6,Tra2a
Rab30,Dnaja2
Tmem141,Emc7
Gpr125,Mrap
Ypel5,Hmgb3
Zhx2,Ugp2
Cd209a,Blcap
Kdm1b,Nedd4l
Apobec1,Ywhab
Mtch1,Cdh2
Gstt2,Nr1d2
1110037F02Rik,Paqr9
Ppp2r1a,Igfbp5
C330018D20Rik,Ndufa6
Dennd1a,Cxadr
Slc23a1,Fuk
Impa1,Mustn1
Frs2,Ncoa2
Purb,Bola3
S100g,Sh2d3c
Cmklr1,Reck
Car3,Inhbc
Otor,Pah
Vps35,Mks1
Tcf19,Slc25a3
Anxa6,Mtnr1a
Tcp11l2,Abhd5
Vwce,Pus7
Abcb8,Ppapdc2
Gpt,Cirbp
Hbegf,Nop2
Myo19,Hes6
Prorsd1,Tdrkh
Gm10787,Slc2a1
Gtpbp8,Lyrm1
Casp6,Pam16
Armc9,Gfm1
Npl,Gypc
Ptpn12,Abcd1
Ezh1,Wdr5b
Lynx1,Ccdc104
Phf3,Ube2l6
Atad1,Vhl
Syngr2,Zc3hav1
Reep5,2810405K02Rik
Stard13,Mre11a
Cuedc2,2810021J22Rik
Zdhhc15,Wbp11
Als2,Gne
Chm,Ssh2
Birc3,Clybl
Abca13,Med11
Ckb,Spata2l
Cybrd1,Sult1d1
Pdk2,Myo1e
Tmem167,Fam136b-ps
Ush1c,Erbb3
Ttc4,Cisd1
Mypn,Slc31a1
Mdn1,Elmo1
Fbn1,Tomm20
B630005N14Rik,Acpp
Fancb,Ndufb11
Ston2,Cage1
Ednra,Zfp74
Stc1,Fam36a
Hn1l,Ctps
Mob1b,Megf9
Nmral1,Gltscr2
Gabpb2,Lonrf3
Pgls,Sema5b
Mrpl36,Prmt5
Tbx10,Mtmr10
Gpbp1,Zdhhc14
Krr1,Gtf2b
Whsc1,Zdhhc13
Nae1,Ccdc28a
Dync1i2,Fxyd1
Nmrk1,Ccne2
Wnk2,Lhpp
Pafah1b3,Snx8
Fgfr1op2,Dnajc5
Cradd,Tmem98
B230120H23Rik,Pard3b
Ak1,Furin
Pxdn,Cnot3
Stx2,Stk11
Zfp523,Ppp1r7
2610507B11Rik,Med13l
Slc7a7,Gpr125
Trpv4,Ypel5
Hoxb4,Zhx2
Gc,Kdm1b
4732465J04Rik,Gchfr
Nid1,Apobec1
Rnf144b,Mtch1
Ctso,Dnajc30
Nploc4,Gstt2
Gadd45a,N4bp2l2
2610301G19Rik,Ppp2r1a
Zfp672,Mea1
Amfr,Zfp37
Dom3z,C330018D20Rik
Lrrc56,Dennd1a
Gipc1,Ndufaf2
Fcgrt,6430550D23Rik
Riok2,Gstm5
Kif5b,Ptk6
Ripk1,Clcf1
Edn1,Polr2b
Folr1,Car3
Ocln,Abcb4
Gfpt1,Reep4
Dedd2,Snrpg
Cdc14b,Tacc1
Ier3,Mcm2
Tex13a,Tcp11l2
Thumpd2,Gtf3c1
Slc35f3,Lrrc28
Cml2,Thyn1
Sugt1,Gan
Thbs2,Chfr
Dkc1,Myo19
Josd2,Supt7l
Adra1d,Pdgfc
Lin37,Gtpbp8
Tcn2,Casp6
Ephb1,Prepl
Atp5g2,Oasl1
Gm10608,Armc9
Prss8,Tspan7
Cndp1,Ptpn12
1200011I18Rik,Ezh1
Fam46b,Eif4a1
Ide,Palmd
Tcf7,Dmp1
Txndc11,Syngr2
Ttc39a,Reep5
Irak1bp1,Ugcg
Zranb2,Stard13
Slc22a8,Cuedc2
Naga,Als2
Fbxw17,U2af1
Akap10,Foxred1
Jsrp1,Rpp21
Cntd1,Tsc22d2
Napepld,Ptbp1
Srsf6,Pigs
Tfeb,Fbn1
Ern2,Mapk1ip1l
Dtymk,Hist1h2ak
Bbox1,Pfkfb1
Hhat,Ston2
Mrps30,Znrd1as
Ifitm1,Hn1l
Ppfibp1,Mob1b
Cdc5l,Dcun1d3
A230083G16Rik,Nmral1
Gm128,Pgls
5830473C10Rik,Mrpl36
Mapk12,Gimap5
Tfcp2,Rpl11
Fuca2,Acbd5
Mutyh,Aasdhppt
Kif12,Dync1i2
Xrn2,Nmrk1
Prss35,Cradd
Cyb5d2,B230120H23Rik
Hsp90ab1,Pxdn
Cyp2d26,Mtmr12
Ell3,Adamdec1
Cfd,Taco1
Rnf11,Stx2
Stag2,Ndufa2
Srm,Commd10
Bco2,2610507B11Rik
Khdrbs1,Slc7a7
Zfp60,4732465J04Rik
Ttf2,Nid1
Gucy1a3,Rnf144b
Rnf6,Gadd45a
1700056E22Rik,2610301G19Rik
Cp,Amfr
Tpd52,Lrrc56
Micalcl,Rfc4
Nxf1,Atp5s
Mmp11,Hist1h4j
Tbrg1,Usp18
Trim65,Riok2
Gatsl2,Rab5b
Ppbp,Dhfr
Clpx,Ocln
Zfp52,Dedd2
Acaca,Ybx1
Med14,Cdc14b
Yaf2,Thumpd2
Slc22a5,4933417A18Rik
Nup37,Lrrc20
Slain2,Evi5
Tceal1,Tnpo1
Ripk4,Jph1
Fbxo11,Eri3
Zfp809,Ift122
Trnau1ap,B4galt1
Amotl2,Mpi
Ntsr1,Josd2
Rhod,Arhgef18
Slc17a1,Xrcc4
Nat9,Tcn2
AB124611,Mpzl2
Gorasp2,Scyl3
Rangap1,Atp5g2
Prpf38a,43352
Ttr,Isy1
Wdr45,1200011I18Rik
Clec2h,Tmem194
Ptpn11,Lmo7
Rhob,Ide
Utp6,Prkd1
Taf9b,Adra1b
Cstf2,Elp2
Ccnj,Abca2
Igf1r,Tmem101
Slc25a11,Zranb2
Trim7,Srms
Cirh1a,Akap10
Ehd1,Gstm1
Zfp266,Slc17a2
Vps26a,Napepld
Slc35d1,Egln2
Zfp704,Tfeb
Trim32,Sox9
Tap1,Odf3b
Mrps15,Dtymk
Strap,Lhfpl2
Gnaq,Gatad1
Vangl2,Bbox1
Phlpp2,Adam11
Slc25a16,Baat
Slc9a8,Ly6a
Epb4.1,Cldn2
Ddit4l,Hmg20a
Sc4mol,Slc39a11
Snap23,Gle1
Vcl,Hhat
Ubxn2b,Ifitm1
Zfp760,Ppfibp1
Edem1,Bri3
Ncor2,5830473C10Rik
Cmtm7,Dhx37
Ablim1,Zfx
Elmod2,Fuca2
Trpm4,Tmem109
Lyrm2,Papd4
Acbd3,Xrn2
Fam83b,Cyb5d2
Coro2a,Bfar
Gpr39,Hsp90ab1
Rgs22,Fntb
2010015L04Rik,Cuta
Syt14,Srm
Sorbs2,Bco2
Zbtb38,Khdrbs1
Csgalnact1,Ttf2
Acap3,Rnf6
Mgmt,Ddx1
Osta,Mb21d2
Ints10,1700056E22Rik
Qrsl1,Cp
Scap,Ipo5
Lap3,Micalcl
Setbp1,Hddc3
Becn1,Cntn2
Gdi2,Met
Taf6l,Gabra1
Gm10032,Tbrg1
Fgd2,Amdhd1
Scpep1,Krt19
Sc5d,Trim65
Slc50a1,Gatsl2
Fam102b,Pbld2
Dpy19l4,Clpx
Mtx2,Acaca
Paip1,Dpm1
Ppwd1,Med14
Ralgps2,Cln6
Tmem9b,Yaf2
Rhobtb3,Gtf3a
Cryz,Klhdc7b
Ncbp1,Nup37
Mrps27,Tceal1
Atg2b,Ripk4
Dpp4,Zfyve27
Rbck1,Zfp809
Ppt2,Mlkl
1110018J18Rik,Trnau1ap
Tbca,Cebpe
Gm9949,Mecom
Hist1h2bc,Cyp2c67
Pon3,Rhod
1810063B05Rik,Slc17a1
Fam168b,Nek9
Elovl5,Tipin
Lman2l,Smad9
Fam175b,Rangap1
5031439G07Rik,Ttr
Strc,Wdr45
Alas1,Clec2h
Bok,Gstk1
Plekhg1,Wash
Dusp1,Ptpn11
Ehd4,Actr1b
Eif5b,Ccnj
Cpne9,Mcee
Ivns1abp,Ndufs3
Kdm6b,Slc25a11
Nptx1,Mrpl35
Angptl7,Lrrc61
Gnai1,Catsper2
Fpgt,Marveld3
Zfp36,Trim7
Map4k2,Rnf34
Plod3,Ehd1
Dennd1c,Ece1
Zfp407,Clec4a3
Ccdc75,Slc35d1
Pltp,Zfp704
Fam188a,Fbxo8
Mapkap1,Tap1
Zkscan1,Strap
Herc3,Psme2b-ps
Wbscr17,Epb4.1
A2ld1,Ddit4l
Ddah2,Slc39a8
Gm17655,Tra2b
Fbxw15,Mta1
G6pc,Sc4mol
Tfdp1,Snap23
Gdf15,Wdr46
Pfkp,Lrp5
Avpi1,Vcl
Trnt1,Ubxn2b
Pak1ip1,Zfp760
Mcm7,Edem1
Cldn18,Ncor2
Mrps9,Capns1
Per3,Ptpn1
Agxt2l1,Sidt1
Snx16,Ablim1
Nudt5,Elac1
Fam76a,Hnrnpa0
Sorl1,Zfp772
Osmr,Lyrm2
P2ry1,Dusp11
Vps4b,Gpr39
Dtx3l,Rgs22
Bmf,Trappc3
Morn4,Sorbs2
Trak2,Ccdc43
Atg4a,Gpr97
Baiap2,Ints10
Mettl7b,Scap
Cacnb1,Lap3
Schip1,Chsy3
Serpinb6b,Dpp10
Sfrp1,Taf6l
Ssh3,Gm10032
Vsig4,Cd33
Pnrc2,Scpep1
Sft2d1,Sc5d
Hexdc,Slc50a1
Armc8,Mtx2
Kif2a,Ppwd1
Bach1,Csl
BC004004,Ncbp1
Slc2a9,Mrps27
Lpin1,Fnbp1
Pnkd,Ppif
Ndufa7,Cdc34-ps
Ccdc91,1110018J18Rik
Ccdc127,Hist1h2bc
Sptlc3,Pon3
Dleu7,Trex2
Aak1,Ddhd2
Prosapip1,Sh3pxd2a
Slc38a6,1810063B05Rik
Hnf1a,Fam168b
Hyou1,Elovl5
Zkscan14,Lman2l
Pmp22,Fam175b
Appl1,Gm4980
AW209491,5031439G07Rik
Bank1,Elovl3
Il2ra,Adarb1
Tob1,Alas1
Gemin7,Gltpd2
Vbp1,Bok
Ube2z,Dusp1
Kctd10,Ehd4
Zfp942,Ercc2
1190005F20Rik,Ivns1abp
Cxcl16,Synj2
Rarb,Gna11
Tnfrsf10b,Casp2
Coro7,Slc35e2
Tnfaip2,Bckdha
Slc13a3,Acad8
Fitm1,Fgb
2010002N04Rik,Plod3
Mzt2,Dennd1c
Arglu1,Polr3b
Blmh,Gm11168
Thoc2,Ccdc75
Fem1c,Fam188a
Cd53,Zkscan1
Ggta1,Herc3
Cnot6,Olfr1261
Rbpms2,Plekha6
Tlcd1,A2ld1
Irf3,Nt5c
Tnc,Gm17655
Iffo2,Plcb3
Asph,Cdk8
Ankrd23,Fmo3
Eif1a,Avpi1
Csnk1g2,Lin9
Dixdc1,Xrcc6bp1
Mef2c,Mcm7
Nat2,Pex14
Raver2,Mrps9
Hif1a,Zfp30
Dgkg,Per3
Igf1,Fam76a
Des,Sdc1
Pola1,Vps11
Mgat5,Rpl10
Dnaja4,Cyp21a1
Creb3l1,Wdr47
Sv2a,D330012F22Rik
Ckap5,Mbnl1
Smarca2,Gm17535
Hbb-b1,P2ry1
Col1a1,Lrrc57
Caprin2,N6amt2
Cap2,Vps4b
Pllp,Pygb
Mdm4,Trak2
Ccs,Atg4a
Ralgapb,Baiap2
Clk1,Rbms2
Asb13,Tsx
Slc15a3,Mettl7b
Igsf3,Serpinb6b
Prdm5,Rbpj
Pdia6,Atoh8
1110017D15Rik,Dhrs7
Txndc17,Fn3krp
Ubxn1,Stx4a
Snrk,Pfn4
Lmcd1,Slc35b4
Ralgds,Lyplal1
Comt,Vsig4
Ms4a1,Fbxo44
Zfp442,Pnrc2
Mid1ip1,1700020O03Rik
Sarnp,Fam57a
Rhobtb2,Sft2d1
Col8a1,Mfsd2a
Rheb,4632428N05Rik
Hccs,Bach1
Gria1,Ndufa9
Dnajb9,Slc17a8
Clec14a,Zfp275
Gjb2,BC004004
Tfpi,Nrxn3
Rpp14,Nagpa
Nol6,Arpc1a
Veph1,Rps27l
Sdc4,Slc2a9
Fam96a,Lpin1
1110002L01Rik,Pnkd
Cxcl13,Bcap29
Maoa,4933403F05Rik
Dcps,Lrp3
Vimp,Hnf1a
Peo1,Mybbp1a
Zfp27,F11
Plscr4,Hyou1
Dis3,Syne2
Tmem184b,1700010I14Rik
Loh12cr1,Appl1
Cnn3,Terf2ip
Rnf183,Sec22a
Dnajc21,Slc1a4
Fgfr1,Mrps34
Tmem25,Ubl5
Sidt2,1190005F20Rik
Cd37,Skp2
Jak1,Vip
Dagla,Cxcl16
Vmp1,Rarb
Foxc1,Tnfaip2
Nxpe3,Lypla2
Dnajb2,Rps16
Ndufaf4,Hspa9
Uggt1,Timm10
Renbp,Hipk3
Dnalc1,Pgcp
Fip1l1,Slc13a3
Olfr1033,Ireb2
Acot1,Arl14ep
Pcyt2,Elp6
Zfp799,Ubr5
Strada,Fbxl17
Art4,0610010O12Rik
Oat,2010002N04Rik
Ubqln1,Cul3
Slc29a3,Smad4
Dnajb12,Blmh
9030624J02Rik,Gpsm2
Gys1,Fem1c
Calm1,Snupn
Eml5,Clstn3
Galnt6,Zfp187
Tram1,Sdr9c7
Ewsr1,Tlcd1
Gm5617,Adamts6
Akr1c19,Dhx58
Eif4a2,Iffo2
Copb2,Creb3
Ube2e2,Ifit1
Slc5a12,Ankrd23
Gprc6a,Eif1a
Arf3,Tppp
Nbeal2,Cdkl2
Cdk5rap3,Nat8b
Spg21,Sdhb
Fundc1,1110034G24Rik
H2afz,Chst13
Cnnm2,Nos1ap
Smox,Ptma
Ddhd1,Ifrd1
Dock8,Igf1
Hspbap1,Cyp17a1
Cox16,Wdr66
Ddb2,Ggt6
Chchd4,Abi1
Lace1,Mgat5
Bhlha15,Ndufb4
Rdh14,Dnaja4
Nutf2,Zfp192
Cltb,Tecr
Flt4,Ckap5
Tinag,Ormdl3
Ncoa1,Smarca2
Card6,Hbb-b1
Fam98b,Cyp2g1
Klraq1,Gm9966
Mast4,Tmem66
Zfp81,Ap3m1
0610007P08Rik,Caprin2
Vstm4,Tdp2
Fam114a2,Asap3
Tifab,Cyp2d40
Gdpd4,Ly6e
Smyd5,Fadd
Smtnl2,Grb14
Adi1,Pllp
Rps6ka4,Clk1
Ctsz,Atp4a
Kif1b,Pdpr
Ankrd13b,Asb13
Macf1,Slc15a3
Fmo2,Prdm5
Azin1,Trib3
Stk32b,Txndc17
Ddr1,Ankrd9
Srgn,Ubxn1
Cobll1,Pcgf1
Bckdhb,Snrk
Exoc6,Comt
Rnf152,Zfp442
Sbsn,Mid1ip1
Zfp608,Zfp106
Mthfd1,Sarnp
Extl2,Gm10250
Parn,Pgm5
Ccdc37,Blnk
Hhla1,Tfpi
Nid2,Oit3
Aurkaip1,Cox7a1
Mif4gd,Apoa2
Tcp1,Fam96a
Zbtb4,Cnp
Rtkn,Pgpep1
Tspyl1,Peo1
1700025G04Rik,Loh12cr1
Ppp1r1b,Cnn3
Meis3,BC026585
Sgk1,Ndufs6
Kremen1,Fgfr1
Endou,Tmem25
Ifi203,Sidt2
Il33,Pkp2
Fkbp5,Ikbkg
Gm10030,Flt3l
Igfbp3,Vmp1
Coasy,Abcf2
Usp47,Dnajb2
Ccdc66,Ndufaf4
Zer1,Uggt1
Kcnmb1,Lin7b
Rab18,Tmco4
Tmem221,Olfr1033
Zfp386,Acot1
Zfp160,Srsf3
Dag1,Pcyt2
Pvalb,Strada
Cdkn2c,Oat
Fdft1,Clta
Vapa,Ubqln1
Sh3gl2,Slc29a3
Tpra1,9030624J02Rik
Hspb6,Gys1
Rragb,Calm1
Vstm2a,Eml5
Sertad2,Tram1
Tnn,Trmt6
Sec24d,Gm5617
Zc3h15,Zbtb7b
Olfr750,Akr1c19
Thra,Eif4a2
Rbm27,Ube2e2
Memo1,Uqcr11
Zdhhc20,Arf3
Vegfa,Ubl4
Fndc3c1,Nbeal2
Tst,Spg21
Slc25a19,Fundc1
Gpx8,Necab1
Arrb1,H2afz
Lypla1,Nudt1
Cep57,Bbs4
Prmt2,Polr3c
Grin3b,Spc24
Mier1,Hist2h2bb
Dll4,Ppp1r15b
Ankle2,Ddhd1
Tbc1d1,Hspbap1
Serpine1,Pef1
Fbxo28,Lace1
Tfb1m,Cyc1
Fgfr2,Rdh14
Slc17a5,Gm4793
Plk5,Nutf2
2310061C15Rik,Fads3
1700003H04Rik,Zdhhc18
Sbf1,Cltb
Zcchc9,Chuk
Epb4.1l5,Cgrrf1
Cbr2,Klraq1
4930452B06Rik,Mast4
Mob1a,Zfp775
Cpt2,Lnpep
Pi4k2b,Dync2h1
Tspan5,2610528J11Rik
Timp3,Fam114a2
Pgs1,Rsu1
D3Ertd751e,Kif1b
Immp1l,Ppp2r5b
Gm16494,Polr2c
Senp8,Fmo2
Zfp125,Azin1
Rnf122,Srgn
Med13,Stim2
Ppargc1b,Ctnnbip1
Akr1c21,Mavs
Slc2a4,Cobll1
Ankrd49,Cdca4
Pcnxl3,Prdx2
Ahcyl2,Rnf152
Foxk1,Ndufv1
4930550C14Rik,Lipe
Vcp,Mthfd1
Mbnl2,Dpys
Tmem177,Vmn2r1
0610009L18Rik,Guk1
6030419C18Rik,Nid2
Foxq1,Ddt
Trappc2l,Mif4gd
Lpar3,Asprv1
1200014J11Rik,Tcp1
Slc25a21,Zbtb4
Mfge8,Rbpms
Itga9,Kremen1
Cplx2,Fkbp5
Fam50a,Lrrc3
Tnfaip8,Scrn3
Per1,Idnk
Immt,Ccdc66
Fbxo36,Mtl5
Wisp3,Slc9a9
Abhd6,Cntrob
Phf1,Dag1
5730559C18Rik,Fdft1
Asl,Myd88
Egln1,Sh3gl2
BC030476,Tpra1
Rrm1,Tlcd2
Dpp3,Prpf31
Ctdsp2,Hspb6
Figf,Itga5
Usp1,Sertad2
Atp6v1b2,Adam9
Tbc1d22a,Sbds
Epha7,Med30
Mlx,Sec24d
Ndrg1,4930455F23Rik
Gp49a,Zfp414
Usp34,Mmrn2
Gpr116,Thra
Plod2,Memo1
BC048355,Rbms1
Mfsd7a,Zdhhc20
Terf2,Vegfa
Slc35e1,Tst
Map3k5,Arrb1
Gabpa,Mecr
Dtwd1,Cep57
Elavl1,Cyp4a14
Khdc3,Slc22a28
Ranbp3l,Mier1
Arrdc1,Zfp71-rs1
Clock,Dll4
BC018242,Abca6
Glo1,Tbc1d1
Nabp1,Dusp16
Bspry,Serpine1
Rprd1a,Tfb1m
Hgsnat,Fgfr2
Stx18,Ift20
2700029M09Rik,Ifitm6
Snx5,2310061C15Rik
Zfyve26,Nudt8
Kif20b,Pptc7
Mx2,Epb4.1l5
Aqr,Btd
Il22ra1,Azi2
Tor1a,Cpt2
P2rx7,Ifih1
Pmf1,Faf2
Sbk1,Pi4k2b
Naa38,Timp3
Ptpn22,Pgs1
4930556J24Rik,Syde2
Mfi2,Snx7
Pfkfb3,Sepw1
Aplnr,Tatdn2
Use1,Med13
Zfp7,Ppargc1b
Ttc37,Tbc1d7
Emb,Csnk2a2
Rpl28,Ankrd49
Psmd5,Tcta
Timd2,Ahcyl2
Ank3,4931406C07Rik
Rbfox1,Epha6
Rtf1,Atf5
Ankrd29,Smcr7
Tpm4,Rogdi
Fam49b,Vcp
Tbc1d17,Mbnl2
Msh6,Tmem177
Hn1,Ocrl
Eml3,Trappc2l
Tor2a,Slc25a47
Npepl1,Cd46
Zmynd10,1200014J11Rik
Traf3,Slc25a21
Rpf1,Adcy9
Nr1h4,Arhgap39
Hoxb3,Anapc11
Ppara,Dusp10
Top1mt,Per1
Sgk2,Plk1s1
Cd164l2,Snrpd3
Ccdc141,Fbxo36
Nif3l1,Pstpip2
Rras,Fzd4
Rab34,Trp53i11
Mtap7,Pik3c3
Fam171b,Abhd6
Pde9a,Phf1
Strn,Ppapdc3
Ncoa5,Asl
Gpr4,Egln1
Ltbp1,Mpnd
Atf7ip,Dpp3
Enpp1,Ctdsp2
Pno1,Figf
Mgat4a,Cdkl3
Fam118a,Atp6v1b2
Ogt,Uros
Prkab1,Ccny
Zswim3,Pvr
Lims1,Mettl20
Gtf2a1,Mlx
Zic5,Ndrg1
Zfp932,Gp49a
Acox2,Mus81
Bcat1,Ppt1
Phf6,Zfp935
Mcc,Exoc8
Cdx4,Gpr116
Thrb,Yif1b
Rnf138,BC048355
Slc10a7,Mfsd7a
Ube2a,Slc35e1
Nme7,Map3k5
Tmed4,Tcf4
Fam20c,Nup85
Rad51c,Gabpa
Dnm1l,Dtwd1
Fam40a,Mlec
Ctbs,8030462N17Rik
Nek5,Ranbp3l
Itgb1,Clock
Casr,Stub1
Coa3,BC018242
4930579K19Rik,Glo1
Ing2,Bcap31
Vps45,Nabp1
Ddx21,Tpp1
Fam49a,Lats1
Rexo4,Rprd1a
Yme1l1,Hgsnat
Nol3,Enpp2
Wdr72,Ankrd46
Fzd3,Stx18
Tnpo3,Ccni
Zfp72,Kcnc3
Nek3,Slc30a1
Leng9,H2-Q10
Baiap2l1,Zfyve26
Adc,Lama3
Slc6a12,Aqr
Ube2q1,S100a10
Cenpa,Tor1a
Gna14,Mrto4
Slc20a2,Pmf1
Il15ra,Sbk1
Aco2,Pbx4
Ccnl1,Gnb2l1
Rabgap1l,Fbxo16
Arrdc4,Pfkfb3
4933426M11Rik,Banf1
Adam22,Ccdc142
Crybg3,Rpl28
Slc26a1,Psmd5
1700017B05Rik,Timd2
Ntrk2,Ints4
Tnks1bp1,Ank3
Tmem127,Tfcp2l1
Scyl1,Qpctl
Frmd4a,Tbc1d17
Scnn1b,Hn1
Mt2,Eml3
F2rl1,Tpo
Twf2,Cpa4
Man2b2,Rpl34
Bbs7,Eln
Armc12,Traf3
Rab3il1,Nr1h4
BC065397,Hoxb3
Brap,Ppara
Tln1,Top1mt
Anapc7,Sgk2
Ank,Cnih4
Abca17,C1qbp
Orc3,Nif3l1
Gls,Rras
Tmem231,Mtap7
Hook3,Pde9a
Alpk1,Ddx39b
Ppap2a,Commd7
Il6st,Ncoa5
Rpain,Ntpcr
Wdr7,Sfxn5
Ar,Ccl9
Pigl,Atf7ip
Spp1,Enpp1
Akr1e1,Pno1
Ube2q2,Fam118a
St3gal3,Gfral
H2afj,Nnmt
Ccdc102a,Fam173a
Scamp2,Lims1
Kcne4,Gatc
Th1l,Gtf2a1
Cyp2r1,Snx21
Hoxc6,Zfp932
Sp100,Wdr8
Cacul1,Ado
Gsk3b,Acox2
Maf,Synj2bp
Pde4d,Phf6
Klhdc1,Mcc
Ehmt2,Thrb
Psat1,Ube2a
Ephb4,Nme7
D5Ertd579e,Acadm
Fmr1,Fam20c
Tmem168,Rad51c
Bik,Dnm1l
Ccl28,Fam40a
Galnt14,Acss2
Pnpt1,Itih1
Rapgef6,Itgb1
Bnc2,Tnfrsf22
Pcmtd2,Casr
Prdm10,Coa3
BC049715,Abtb2
Med23,Lsm12
Cntfr,Dnmt3b
Ghr,Vps45
Rbbp6,Actr6
Trpc3,Fam49a
Defb34,Pla2g12a
Pqbp1,Elf1
Jmjd8,Rab17
Ifi27l2a,Hagh
Lrrc72,Agl
Bmpr1a,Tnpo3
Pan2,Zfp72
Ttc14,Nek3
Ift43,Baiap2l1
Ppil1,Pcbd1
Akirin1,Cd81
Sell,Adc
Tspan15,Pgm2l1
Slc25a15,Ube2q1
Homer1,Cenpa
Phyhipl,Slc30a6
Fam40b,8430408G22Rik
Mina,Slc20a2
Cnksr1,Il15ra
Tef,Aco2
Psmb4,Szrd1
Pmvk,Bcl2l12
Ddx46,Ubr3
Etv6,Rabgap1l
Rsph4a,Rcan1
Bicc1,Crybg3
3110043O21Rik,Mmp19
Ctsa,Manbal
Fli1,Ttll12
Dhx34,D0H4S114
Vmn1r18,1700017B05Rik
Tmem72,Tnks1bp1
Ndufv2,Epg5
Rbl1,Scyl1
Spred2,Arnt
Sytl1,Recql
Xdh,Mgrn1
Hmgb4,Spry4
Fanca,Nipal3
Fyttd1,Shpk
Sema6b,Rab3il1
Dnahc7a,Raet1d
Armc10,Tubgcp2
Msh2,Brap
Elovl1,Armcx6
Plxnb1,C80913
Rufy3,Orc3
Msh3,C330006K01Rik
Stk4,Ppap2a
Cd82,Il6st
Fam195a,Olfr600
Eif2c3,Als2cl
Rrp12,Ubac1
Sec14l5,Txndc15
Rad1,Pigu
Enox1,Cox6b1
Mms22l,Pigl
Mark2,Akr1e1
Srp54a,St3gal3
St8sia1,Orm3
Hsd17b12,Parp1
Slc26a11,Nceh1
Ppp1cb,Scamp2
G2e3,Ass1
Papd5,Dvl1
Dpt,Slc41a3
P2rx4,Mfn1
Mllt6,Mia2
Kank3,Gm839
Lyst,Cluap1
Rps29,Sirt4
Tmem50b,Cyp2r1
Rgs9bp,Pde4d
Ncoa7,Rnase13
Atp6v1g3,Cebpa
Hspa13,9130023H24Rik
Gpnmb,D5Ertd579e
Lnx1,Pdcd2l
Slc22a14,Spef2
Ptprb,Fn1
Rab43,Tmem168
Slc30a2,Hsf4
Emp2,Dennd4a
Sae1,Reep3
Notch4,Cyb5b
Popdc3,Pnpt1
Hspa4l,2810006K23Rik
Pls3,Fbxl18
Ccr4,Btc
Sec14l2,Pcmtd2
Fam120a,Prdm10
Fbxo46,Wdr70
L3mbtl3,Ctdsp1
Fhit,Morn2
Dynll2,Med23
Ces1d,Cntfr
Pds5a,Myo1b
Mmachc,Tnrc6a
Stxbp6,Lrrc14
St6galnac5,Trafd1
D6Wsu116e,Pqbp1
Tprkb,Btg2
Zfp944,Masp1
Slc12a7,Jmjd8
H2afv,Lrfn3
Gnl1,Pan2
Cept1,Ttc14
Dnajb14,Tirap
Tmem55a,Kif13b
Cry1,Ube2l3
Sord,Ppil1
Wdfy3,Trib1
Gphn,Sel1l2
Pusl1,Slc25a15
Egf,Lect1
Ostb,Nkiras2
Sec13,Mmp27
Afp,Homer1
Hmgn3,Iqsec1
Nptn,Ccdc151
Cdca7l,Wars2
Clic4,Bloc1s2b
Srgap2,Mina
Pdia3,Atp5sl
Zfp273,Letm2
Plekha5,Kbtbd3
Fibp,B4galt7
Arhgef37,Tef
Cml5,Pmvk
Ube2k,Ddx46
Tlr4,Etv6
Tbccd1,St6gal1
Ppil4,Rbl1
Zfp455,Spred2
Pias2,Prep
Nrip1,Xdh
Pcdh12,2510003E04Rik
Por,Enoph1
Tm2d2,Fbxl12
Smcp,Tk2
Asb9,Elovl1
Actg1,Slc25a44
Dda1,Coq2
Mal2,Ubb
Chchd7,4921508M14Rik
Tspan33,Stk4
Rilpl1,Wdr35
Krt1,Cd82
H2-T24,Fam195a
Vps13a,Snx2
Idh3g,Eif2c3
Zfp420,Rrp12
Spint1,Sars
Nudt16,Acbd4
Tenm2,Xkr9
Aars,Rad1
Slc5a8,Mms22l
Gabarapl1,Mark2
Hipk1,Myt1
Fam163a,Cyp4f15
Cryaa,Hsd17b12
Rcor1,Lage3
4931417E11Rik,Unc45a
Cpsf6,Slc35b2
Cfc1,P2rx4
Mettl3,Lyst
Tpp2,Rpl5
Hook2,Scarb2
Etohi1,Zfhx4
Ptpre,Mcm5
Prcp,Rcl1
Actr2,Esyt1
Tcte3,Gpnmb
Tmx3,Zfp618
E130309F12Rik,Lnx1
Trim63,Slc44a1
BC034090,Ptprb
Casp9,Atf4
Alkbh3,Pemt
Ift74,Rab43
Fbxl5,Xkr8
Farp1,Sae1
Mertk,Eif6
Ano6,Kcnk5
Rabl6,Fancf
Pex3,Hspa4l
Spsb3,Btbd8
Fam13a,Tmem125
Ccdc167,Perp
Pttg1,Sec14l2
Mettl15,Fam120a
Mmd2,Mfsd7c
Lox,L3mbtl3
Emcn,Ccdc57
Ralb,Ces1d
Cnih,Pds5a
Avp,Mmachc
Plin2,Stxbp6
Ccdc64,Zfp810
Noa1,D6Wsu116e
Odf2,Rhou
Ino80,Zfp276
Pip5k1c,Crlf2
Bace1,Gnl1
Bpifc,Ranbp10
Them4,Cept1
Ccdc80,Dnajb14
Ptcd2,Rpl21
Pyhin1,Cndp2
Fam164c,Cry1
Tenc1,Gja10
Pola2,Sord
Hist1h4f,Alkbh2
Bet1,Gphn
Gm904,Sec13
Slc25a26,Nptn
Osbpl5,Akap17b
Klhdc8a,Clic4
Fam19a5,Mr1
Prkar2b,Ttpal
Spata17,Clk4
Olfr1396,Rbbp5
Lmtk2,Zfp273
Mmaa,2810021B07Rik
BC023829,Arhgef37
Scfd1,Otud6b
Tmem108,Cml5
Fam176a,3110003A17Rik
Ndufab1,Ube2k
Ppat,Anp32e
Coq4,Ap1ar
Ppard,Ctnnd2
Ttc7b,Odc1
Il5ra,Nrip1
Atp6v1b1,Por
Usp14,Edem2
Plekhm2,Rpl29
H3f3b,Smcp
Sox17,Insr
Sema6a,Ddit4
Slc46a3,Abcb1a
Atp2a2,Nr4a2
Dock2,Sys1
Fam13b,Mal2
Brd4,Chchd7
Samd12,Tspan33
Zfp948,Clmn
Zfp677,Ccl25
Tmem69,H2-T24
Zfp146,Vps13a
Pex2,Ccdc107
Cdk2ap2,Bivm
Pddc1,Cnpy3
Nfib,Nudt16
Pou3f3,2900097C17Rik
0610030E20Rik,Gabarapl1
Mitf,Swsap1
Dip2c,Bcs1l
Ap1s2,Rcor1
Tubg1,Galnt2
Olfr570,Fam123b
Gspt1,Sirt5
Svs3a,Mettl3
Sgpp1,Acacb
Tmem229a,Dsg1a
Parp10,Pdlim1
Tsku,Dnajc9
P4hb,Hook2
Npnt,Etohi1
Tmem70,Prcp
Plcb1,D17Wsu92e
Pnpla3,Magea6
Iqcf5,Casp9
Plekhf2,Ccdc138
Krtap13-1,Alkbh3
Blm,Nhlrc2
Kat5,Gpn1
Csad,Homer2
Elk3,Atg10
Lrif1,Mertk
Pcbp3,Ano6
Mpp4,Mdp1
Gk5,Echdc3
Tmem45b,Rabl6
Fam102a,Fgf10
Rnmt,Tcp11l1
Erbb2,Pex3
Zfp182,Spsb3
Arhgef10l,Med31
Preb,Kifc3
Golga1,Atp5h
Tbc1d10a,Ccdc167
Capn1,Pttg1
Creb1,Mettl15
Sumo3,Nap1l1
Sema4a,Emcn
Car2,1110018G07Rik
Rnf43,Prss53
Nek8,Cnih
Dennd4c,Tcea3
Rps10,Cherp
Rnf144a,C6
Cep290,Plin2
1810008A18Rik,Noa1
Dgkh,Med15
Acot4,Ino80
Nckap5,Bace1
Syt1,Atp5d
Dnajc3,Aldh1a7
Per2,Cyp3a25
Ahsa2,Pias1
Nadsyn1,Rabgef1
Nfatc3,BC068281
Krt7,Tenc1
Abcc8,Irs2
Vdac2,Slitrk1
2310044G17Rik,Hist1h4f
Gm17305,Camk2g
Acer3,Bet1
Dnpep,Zfand3
Fat1,Plscr1
Clns1a,Tmem120b
Pknox1,Cep72
Hnrnpa1,Ttc23
Rnf32,Slc25a26
Trim46,Osbpl5
Sult1a1,Maea
Kctd2,Klhdc8a
Apoo,Rgp1
Cebpg,Mmaa
Fbxo10,Usp54
Nbr1,BC023829
Oscp1,Lpl
Cav1,Fam176a
Nup35,Ndufab1
Acnat2,Ppat
9430097D07Rik,Atg12
Prpf18,Coq4
Ttc39b,Aldh1b1
Dnajc12,Lasp1
Rorc,Ppard
Igf2bp2,Ttc7b
Mars,Il5ra
Rtn4ip1,Col4a5
Arhgap29,Myst2
Stoml1,Fkbp1a
Fcho2,H3f3b
Gdf7,Slc46a3
Zfp518a,Atp2a2
Rad17,Slc22a15
Cd164,Tnip1
Hsph1,Fam13b
Cabin1,Ranbp1
Pik3ip1,Usp25
Sirpa,Tmem42
Khdrbs3,Tefm
Dirc2,Ptpn23
Dhtkd1,Tmem69
Lgalsl,Gabra6
Zfp143,Cdk2ap2
Ifnab,Cdc42ep2
Tmem59l,Pddc1
Wsb1,D19Ertd386e
Wfdc16,Sec23a
Susd3,Fbxo25
Acat3,0610030E20Rik
Pfkfb2,Lipc
Csnk1g3,Hmgcr
Cxx1a,Mycbp2
G6pc3,Mitf
Hdac6,Ccnf
Sdhd,Tubg1
Litaf,Timm8a1
Ndufb3,Gstm3
Tmem192,Sgpp1
Adrb2,Kank1
Tmub2,Parp10
Hdhd3,Dram2
Adap1,Tsku
Rchy1,Npnt
Bpnt1,Plcb1
Tspan12,Hacl1
Atp1a1,Pnpla3
Wisp2,1700048O20Rik
Tmem53,Chmp2a
Aamp,Plekhf2
Cyp24a1,Blm
Alg6,Wwp1
Polh,Kat5
Zfp770,Tmem87a
Gart,Elk3
2010012O05Rik,BC006779
Fjx1,Abat
Shmt1,Mthfd2
Slc35a1,Mpp4
4932438A13Rik,Ndufaf5
Srebf1,Baat1
Ftsjd1,Trp53inp2
Fads1,Fam102a
Daam1,Camk1d
Zfp949,Nags
Trim37,Klf16
Zfp871,Arhgef10l
Slc22a4,Nf2
Ppm1k,Ahcy
Calml4,Snx12
Arcn1,Tbc1d10a
Gucy1a2,Creb1
Zim1,Sumo3
Cpsf3,Chmp4b
Adamts10,Sema4a
Slc25a35,Car2
Slc16a11,Psmg3
Entpd2,Rnf43
Spag1,Dennd4c
Ly86,Nsun2
Fbxo30,Rps10
Hprt,Ctsl
Ttyh1,Prlr
Nmt2,Rnf144a
Hsp90b1,Dgkh
Gm10109,Acot4
Ncoa3,Syt1
Sox13,Adpgk
Snai2,Nab2
Cmpk2,Per2
Fam178a,Ahsa2
Zfp654,Apof
Set,Trit1
Wbscr27,Pced1a
Thap1,2310044G17Rik
Mesdc2,Ankar
Atraid,Copz1
Slc25a38,Dnpep
Dld,Zmpste24
Ufd1l,Kdm4a
Crtc3,Tmem209
Arih1,Fat1
Mt1,Spic
Exoc6b,Pknox1
Gtpbp1,Caln1
Vps28,Colec12
Dnahc7b,Cenpo
Il6ra,Stau2
Kbtbd7,Sult1a1
Cgnl1,Ppm1f
Cd79b,Apoo
Vma21,Thtpa
Ippk,Tmem179b
Crispld1,Rassf3
Grina,Neb
Nos3,Ppp2r2d
Eif3b,Cav1
Sccpdh,Olfr531
Car14,Nup35
Hnrnpab,Acnat2
Gpr142,Gfod1
43358,Bdnf
Slc25a20,Ttc39b
Ostc,Atl3
Fhl1,Rorc
Cpt1b,Gpr64
Suv420h1,Ikbkb
Rad18,Ptrh2
Pcbp1,Plin5
Steap2,Ifi30
Atp6v0d1,Rtn4ip1
Dcun1d5,Arhgap29
Cry2,Gpr137
Degs2,Zfp518a
5830415F09Rik,Hist1h3d
Parp6,Cfl1
Fam167b,Spata22
Oxct1,Cd164
Zmynd12,Hsph1
Aftph,Pla2g2d
Nostrin,Cabin1
Slc11a2,Nelf
Surf4,Fcgr3
Adam23,Taok1
Senp6,Klhl32
1600014C10Rik,Khdrbs3
Eaf1,Dirc2
Zfp191,Lgalsl
Got1,Wsb1
Plg,Repin1
Inf2,Hmbs
Fdxacb1,Ahi1
Qars,Acat3
Mcfd2,Atat1
Cyp27a1,Limch1
Rbbp9,Pfkfb2
2900092E17Rik,Fhod1
Prkcz,Csnk1g3
Gosr2,Cxx1a
Nek7,Bscl2
Wac,Hdac6
Rcan3,Sdhd
Yars,Litaf
Irf2bpl,Ndufb3
Golim4,AU022252
Casp7,Lgals3bp
Ubr2,Thoc5
Mpdu1,Ubtf
Cwc27,Hdhd3
Plekhg3,Bpnt1
Rxfp4,BC053749
Cdh6,Tspan12
Pappa,Serinc3
E430025E21Rik,Atp1a1
Fmr1nb,Aamp
Tor1aip1,1500012F01Rik
Zkscan2,Usp40
Gtpbp2,Zfp770
Cyfip2,Cnot7
Cep78,Hmgcs1
Pigc,Hoxc10
Bmp15,Gart
Nrp1,Cd302
Slc4a9,Shmt1
Abcc2,Slc35a1
Slc14a2,4932438A13Rik
Lonp2,Oaz1
Abca3,Srebf1
Slc1a5,Htatip2
Arhgap28,Wdr59
Rasa1,Rfc5
Zeb2,Fads1
Slc25a13,Diap1
Nus1,Daam1
Ube2n,Trim37
Ttc38,Tchp
Hist1h1c,Tspan32
BC026590,Zfp871
Tomm40,Ppm1k
Chrnb2,Masp2
Utp18,Hus1
Mrps36,Prpsap1
Plcg1,Kdm2a
Gm9938,Cpsf3
Sp140,Slc25a35
Srgap1,Hprt
Gamt,Fam114a1
Sh3d19,Pou5f2
Thbd,Ncoa3
Mtap7d1,Inadl
Snw1,E130311K13Rik
Rbm33,Tyw5
Rgl2,Ncald
A430107O13Rik,Cmpk2
Clcn3,Tmem222
AA987161,Tmem14a
Ttc39c,Zmat1
Zfp763,Cdadc1
Spsb4,Ttyh2
Sms,Cyp2c40
Agmat,Wbscr27
Stom,Cbx2
Capn2,Impdh2
Pi4k2a,Itpr2
Ift52,Slc16a12
Bcar1,Tada3
Vamp4,Pctp
Zfp157,Mesdc2
Plxnd1,Atraid
Fam172a,Slc25a38
Mpp1,Poli
Pion,Ufd1l
Coro6,Parp3
Nuak2,Klf10
Osbpl1a,Crtc3
Retn,Ccdc77
Zfp781,Exoc6b
3110007F17Rik,Il6ra
Rmnd5a,Kbtbd7
Thy1,Cd79b
Slc25a34,Vma21
Iars,Oxsm
Pitpnm2,Zfp622
Zfp687,Grina
Rasal2,Eif3b
H2afy,Car14
Vmn1r24,Nrbp2
Glg1,Ostc
Rabggta,Fhl1
Serpina3b,2810004N23Rik
Rufy4,1700128F08Rik
Nupl1,Cpt1b
Sox4,Suv420h1
Glrx2,Cacng2
Sptssa,Enpep
Alkbh8,Tex12
Mrps21,Diras2
Plekha1,Rab33a
Ak4,Pcbp1
Smpd2,B3gnt7
Upb1,Fnip1
Zc3h12c,Cnksr3
Slc2a2,Fkbp14
Eps8l2,Atp6v0d1
Sgcd,Cry2
Krba1,Acox1
Fam175a,Degs2
Tmem210,5830415F09Rik
Itgb3bp,Smarcd1
Ino80c,Parp6
Pcsk9,Hps1
AW549877,Rcc1
Polr3gl,Aftph
Ildr1,Nostrin
Slco2a1,Slc11a2
Ctnnd1,Surf4
1110057K04Rik,Fam160a1
Mtmr2,Adam23
Dusp15,Pcdh1
C1rl,Kif26b
Gm9931,Msrb1
D630037F22Rik,Senp6
Cyp39a1,1600014C10Rik
Prkaa2,Tmem107
Fabp7,Ppp2r5a
L3hypdh,Got1
Pim3,Nupl2
Agxt2l2,Plg
P2ry14,Alg8
Prelid1,Fdxacb1
Dus1l,Mcfd2
Cobl,Asb3
Gm5414,Cyp27a1
Rsad2,Rbbp9
Atp13a1,2900092E17Rik
Agmo,4933427I04Rik
Fgg,Ces2e
Ly6c1,Entpd6
2210009G21Rik,Galnt4
Glyctk,Gosr2
Wdr19,Rab4a
Accs,Nek7
Rftn2,Wac
Arhgap26,Nit2
Vapb,Yars
Rwdd2b,Anapc16
Etv1,Serinc2
Gm1976,Cyp4f39
Rab12,Lrrtm3
Plekho1,Alg3
Trip11,Zfp385b
Cpxm1,Ubr2
Habp4,Cyp26b1
Slc34a2,Gmpr2
Proz,Ccdc69
Avpr1a,Brwd1
Herpud2,Ubl7
Sh2d4a,Gpr56
Kcna5,E430025E21Rik
Slc7a9,Gm8186
Cbx1,Tor1aip1
Arih2,Gtpbp2
Fdps,Cep78
Etf1,Pigc
Fam82a2,Plekhb2
Il17rd,Abcc2
Abcb7,Lonp2
Tsc22d1,Samm50
Narg2,Rc3h1
Ctgf,Slc1a5
Prps1,Agxt2
Ipo7,F11r
Dscr3,Orm1
Tab2,Nus1
Dhx40,Ube2n
Ankrd40,Hist1h1c
Nck1,Trim21
Hspa2,Smarcd3
Neurl3,BC026590
2700060E02Rik,Tomm40
Hnrnpf,Trappc9
Ndufs4,Slc4a4
Cul4b,Meiob
Pde7b,Chrnb2
Map4k3,Mrps36
Arid5b,Plcg1
Vamp7,9130409I23Rik
Wbscr28,Ap4m1
Tmc6,Bop1
Parvb,1110059E24Rik
Tulp1,Hmgcs2
Kcns1,Hes1
Smo,Sh3d19
Taf2,Mapk15
Defb1,Carhsp1
Mapre1,Rbm33
Pla2g7,A430107O13Rik
Pdss2,Olig1
Zfp955a,Csnk2a1
Mmgt1,Atp5g1
Ppp1r2,Aff4
Cml1,Zfp763
Tlr3,Trpc6
Hpn,Fbxw8
Plekhg6,Thap4
Crip2,Mrpl16
Ccne1,Atp5b
Slc17a9,Agmat
Bmp3,Stom
Cand2,Capn2
Hlx,Pi4k2a
Sipa1l1,Gnl3
A4galt,Pdcd2
Ociad1,Prickle1
Klhdc3,Sipa1l2
Mapk8,Ift52
Zfyve21,Bcar1
Car11,Zfp157
Heca,Clec4g
Slit2,Fam172a
Mtx3,Mrps2
Olfr960,Mpp1
Cul5,Psmb7
Serping1,Pcsk4
Asxl1,Osbpl1a
Sectm1a,Iars
Pdzk1,Pitpnm2
BC017643,H2afy
BC002059,Rabggta
Bicd1,Pgrmc2
Abca7,Dock6
Hdac3,Sox4
Hecw2,Glrx2
Sspn,Alkbh8
Sap18,Flywch1
1500003O03Rik,Mrps21
Lcor,Plekha1
Glis1,Ak4
Trerf1,Lancl2
Olfm1,Cyp2j12
Stard5,Glipr2
Slc26a6,Slc2a2
Mettl14,Eps8l2
Sft2d2,Rcc2
Ppid,Stat5a
Fgf14,Maged1
Pfdn2,Aldh7a1
Exoc5,Rpusd4
Fgfr4,AW549877
Nbas,Slco2a1
Chrnb1,Brca1
Sco1,Ctnnd1
Tuba4a,1110057K04Rik
Sectm1b,Def8
Sptlc2,Hltf
Gria4,Spnb2
Fam3c,C1rl
Pdcd4,Gm9931
Pvrl3,Acot2
Thumpd3,D630037F22Rik
Stip1,Prpf8
Ddx4,Cyp39a1
Mob3b,Bcr
Eprs,Vrk2
Auh,F8
E030030I06Rik,Prkaa2
Sphk1,AA474408
Fga,Fabp7
Idh3a,Sez6l2
Esm1,Pim3
Pla2g2c,Atp6v1g1
Meis2,Iyd
Foxred2,Zfyve20
Spopl,Fam122a
Znf512b,Prelid1
Lrrc8b,Cobl
Nox4,Rsad2
Senp7,Diablo
C1galt1,Fgg
Dusp9,Rufy1
Stx17,Slmo2
Gm10451,Ly6c1
Fam84a,2210009G21Rik
Kank4,Glyctk
Cops4,Wdr19
Prom1,Arhgap26
Ampd3,Cd59b
Sgpp2,Gbp3
Rbm14,Dock7
Fam35a,Cyb5r3
D9Ertd402e,Dydc2
Etaa1,Rtn4rl1
E130309D02Rik,Gys2
Tbrg4,Rab12
Ogdh,Plekhg5
Pom121,Trp53i13
Noxo1,Psmg2
Dhx29,Slc34a2
BC005764,Avpr1a
Nrg4,Ctps2
Fndc3a,Herpud2
Lamp2,Traf3ip2
Cltc,Dbi
Atp6v0d2,Arih2
Rif1,Cdh5
Zfp940,Zfp353
Plekhg2,Fdps
St6galnac2,Ralgps1
Tfap2b,4930562F07Rik
Rbm34,Tpcn1
Arl8a,Fam82a2
Ap2m1,Gtf2h2
Kifap3,Creld1
Klk1b4,Narg2
Plcxd2,Serpina6
Sppl2a,Prps1
Armcx3,Ipo7
Yes1,Dscr3
Wdr16,Tab2
Asf1a,Ddx58
1190002H23Rik,Ankrd40
Arsk,Gm10447
Anp32a,Hspa2
Bnip3,Mcm3
Spop,Med12
Eif1ax,Gjc3
Plaur,Pdss1
Pgp,Neurl3
Aadac,Pole2
4930503L19Rik,2700060E02Rik
Slc22a6,Cox15
Ttc30a1,Hnrnpf
Cryl1,Hist1h1d
Agk,Ndufs4
Lsm14a,Pde7b
Kif21a,Timm17a
Adamts18,Clk3
Pex7,Tmc6
Ctage5,Ttc9
Mtss1,Axin2
Krt8,Atg16l2
Osbp,Smo
Cct8,Gramd1c
Klf1,Defb1
Guf1,Mapre1
Sgms2,2410001C21Rik
Gbe1,Dph3
Cand1,9430023L20Rik
Pds5b,Rfwd3
Pced1b,Zfp955a
Bcl2,Mmgt1
Angptl4,Ppp1r2
Rnf125,Alpl
Polr2a,Mapkapk3
Srp72,Mrpl42
Gpr146,Rdbp
Hnrpdl,Rap1gap2
Psmb9,Crip2
Zfp53,Ccne1
Sumo1,Slc17a9
Manf,Brd8
Aebp1,Zfp101
Exosc8,Msra
Cd200,Sipa1l1
Igfbp4,Sike1
Zfr,Klhdc3
Gm10000,Heca
Mtx1,Mtx3
Syt11,Psmg1
Sgce,Acin1
Ints7,Lars
Cd93,D15Ertd621e
Spata24,Hist1h2bg
Aph1a,Atp6v1f
Gjb1,Lcor
Casp8ap2,Slc9a1
Gba2,Stard5
Wdr85,Slc26a6
Rcbtb1,Mettl14
Tfpi2,Lgals8
Gm10417,Ppid
Supt16h,Lzts2
Wfdc17,Vars
Palm3,Suv420h2
Fcamr,BC017647
Irf2bp2,Rnf170
Oplah,Nr2c2
Ngly1,Cat
Hsf1,Zfp2
Rap1gds1,Usf2
Hebp1,Snap47
Vsnl1,Tuba4a
Coil,Lrrfip1
Dtx4,Sptlc2
Glce,Pdcd4
Otub2,Pvrl3
Ccl19,Stip1
4930578G10Rik,Nudt13
Tox3,Auh
Trub2,Cilp
Cpped1,Fga
Thada,Esm1
Snx32,Gca
Taf1b,Tm4sf4
Rsc1a1,Meis2
Rhcg,Znf512b
St5,Pcdh7
C7,Mbd5
Pafah2,Ccl27a
St13,Lrrc8b
Gna13,Nox4
Sat2,2900010M23Rik
Rabep1,Fam84a
4833420G17Rik,Tet2
Paqr4,Parp11
Fcrl1,Bsdc1
Zfp410,Cox8a
Ppp2r2a,N4bp2l1
Spnb1,Cmtm8
Net1,Ssna1
Rhov,Rwdd1
Bach2,Rce1
Myg1,Fam35a
Pde7a,Pde6c
Itgal,Rgs2
Efr3a,D9Ertd402e
Rala,Gm382
Snx18,Etaa1
Taf12,Mageb1
Cxcl12,Cdca7
Gm10590,Pex26
2700097O09Rik,Dhx29
Pcnx,Nrg4
Tamm41,Xkr4
Ube2b,Dand5
Cstb,Zfp940
Slc37a4,Srek1ip1
Kir3dl2,Itsn1
Mov10,Safb2
Cep135,Smndc1
Ttpa,Ppp2r3c
Ric8b,Fyb
Hrh3,Chchd6
Nat8,Arl8a
Prpsap2,Ap2m1
Elovl2,Cyp8b1
Stam2,Kifap3
Eps15l1,Aimp1
Copb1,Kifc2
Dnajc28,Erc1
Gm5129,Gm4070
Ppm1j,Klk1b4
Myadm,Ythdf2
Tex9,Sppl2a
Ncapd2,Slc36a1
Serf1,A830093I24Rik
Nr1d1,Nacc2
Rbm38,Nsmce1
4930451G09Rik,Zc3h4
BC018507,Traf5
Wdsub1,Anp32a
Kcnh4,Cphx
Tbc1d12,Tkt
Kdm5a,Pgd
Rabl2,Mat2a
1300001I01Rik,Bnip3
Srrm1,Serpina3m
Lars2,Eif1ax
Arhgap4,Pgp
2610008E11Rik,Btnl9
Wdr78,Tax1bp3
Son,Ccr5
Vegfc,Agk
Gab2,Ctage5
Fus,Gata4
Sypl2,Bst2
Smc3,Mtss1
Mrps22,Krt8
Fam161a,Ddx11
Gpihbp1,Cct8
Dock9,Gpr155
Rab21,Klf1
Pik3ca,Sgms2
Med19,Obfc1
Alg14,Gbe1
Hps4,Gbp6
Dsn1,Pced1b
Slc4a5,Angptl4
Secisbp2l,Sufu
Rab3b,Rnf125
Acvr2b,Prrx1
Cul1,Ttll8
Fnip2,Gpr146
Phldb2,Adcy6
Gnrh1,Znrd1
Myom3,Fxn
Sucla2,Rbmxl1
Arhgef38,Hnrpdl
Nup210,Tmem188
Snx3,Zfp53
C8a,Zcrb1
Tdrd5,Grm5
Lysmd3,Exosc8
Lpin3,Igfbp4
Spns2,Tubgcp3
Fam151b,Zfr
Snx29,Syt11
BC016423,Pde4c
Tekt5,Ints7
Bax,Cd93
Magi1,Leng1
Rock2,Gjb1
Cuedc1,Srsf4
Sec24c,St6galnac6
Habp2,Gba2
Etnk1,Rcbtb1
C1ql3,B3gat2
Oxa1l,Ido2
Psen1,Tfpi2
Mical2,Wfdc17
Ethe1,Ms4a15
1110038F14Rik,Irf2bp2
Limd2,Oplah
Gdap2,Ncl
Id1,Ngly1
Cct6a,Igfals
Bag5,Dtx4
Stk3,Tgfbr1
Krt72-ps,Otub2
Slc2a13,Szt2
Ppp4r1,Rnf149
Camk2a,Snx4
Siglec1,Topbp1
Hnrnpm,Cpped1
Esrra,Snx32
1700025E21Rik,Taf1b
Mpdz,Rsc1a1
Dennd2d,St5
Cog5,Pafah2
Fam184a,Eif1ad
Midn,St13
Cyp1b1,Rpl7l1
4833439L19Rik,Gna13
Ifitm7,Naglu
Tex264,Unkl
Kcnt1,Cdk13
Ywhaz,4833420G17Rik
Zfp329,Asrgl1
Wdr3,Tns1
Ryk,Net1
Adam17,Pabpc4
Csde1,Rhov
Pcmtd1,Myg1
4933407H18Rik,Dnajc1
Kat8,Pde7a
Gmds,Efr3a
Calcoco1,Gm10774
Picalm,2310046O06Rik
Capn7,Taf12
Slc16a9,Sct
Atad2b,Cxcl12
Tfrc,Usp21
Insc,Gm10762
Zfp759,Tamm41
Pecam1,Ube2b
Inpp5a,Slc37a4
Zfp236,Gimap9
Nab1,Slc7a2
Slc16a14,Mov10
Decr2,Slc22a13
Tdrd3,Pik3ap1
Gata6,Pacrgl
Mau2,Ric8b
Rnft1,Nipsnap1
Tspan14,Zcwpw1
Hhatl,Nat8
Scd2,Prpsap2
1700016C15Rik,Pcp4l1
Nav3,Stam2
St6galnac3,Dnajc28
Klhl21,Capsl
3110062M04Rik,Agfg1
Ipo9,Myadm
1810037I17Rik,Tub
Tex28,Tnfaip8l1
Hdlbp,Zc3h6
Trak1,Sat1
Mon2,Nr1d1
Pus3,Stau1
Cbs,BC018507
Tmem26,Dtnb
Folh1,Wdsub1
Gda,Fam83a
Ccdc41,Zfp334
Hcfc1,2510049J12Rik
Hist1h1b,Ece2
Ptgis,Kdm5a
Psmc4,Rabl2
Capza1,1300001I01Rik
Gatm,Capzb
Cyp2e1,Lars2
Bod1,Nono
Pcdh17,2610008E11Rik
Zfp292,Son
Ankrd13d,Fus
Rai14,Lmf2
Rint1,Mrps22
Fam120c,Lrrc59
Acvr1c,1700011L22Rik
Crct1,Dctn2
Tatdn3,Naca
Sec11c,Sf1
Siglec15,Rab21
Psma6,St3gal1
Mospd2,Med19
Cdk5,Alg14
Atp6v1c1,Hps4
Slc8a1,Hectd2
Opcml,Dsn1
Arhgef12,Acvr2b
Pnliprp1,Cul1
Tjp1,Fnip2
Gnai2,Npc1
Plcl2,Mphosph9
Diap2,Gna12
Imp4,Chd7
Dnajc22,Ccng2
Pdgfrb,Atp8b1
Apod,Mmd
Rnf168,Snx3
Miip,Celsr1
Ap3s2,Fam165b
2410127L17Rik,Il28b
Mthfd1l,Pfkfb4
Myh15,Enox2
Fermt1,Spns2
Ciao1,Card9
2310008H04Rik,Snx29
Adh5,Mvd
Fam54b,Tsn
D14Ertd449e,Gpatch2
Tlr1,Magi1
Etv5,Fzd6
Kti12,Atp5e
Fgf9,Epc2
Wipi2,Etnk1
BC067074,Oxa1l
Calu,Psen1
Psen2,Dhcr7
Zfml,Mical2
Il16,4921510H08Rik
Ier5,Gm9747
Klhl4,Ethe1
Crat,Arid3b
Il20rb,1110038F14Rik
Pyroxd1,Gsk3a
Cwf19l2,Osbpl11
Blvra,Lrrc41
2810032G03Rik,Cct6a
Hist1h4i,Myo7a
Cald1,Fam83f
Sgtb,Ppp4r1
Clint1,Esrra
Fam100b,Stxbp3a
Ttc21b,Lrrc32
Sesn1,Dennd2d
Acta2,Cog5
Ppa1,Midn
Treml1,Lyve1
Wrb,4833439L19Rik
Lsm6,Tbx15
Scaper,Ttc8
Fgf18,Reep6
Pik3r6,Hfe2
Zfc3h1,Htra2
Psmd6,Zfp329
Eif2ak3,Dusp3
Mcf2l,Adam17
Aqp7,Csde1
Epm2a,Pcmtd1
Pde3b,Calcoco1
Lgr4,Col3a1
Pid1,Nhp2l1
Lrrcc1,Picalm
Dnajb11,Atad2b
Ust,Cd72
Shisa5,Mlh3
Pnp,Trmt10b
Papolg,Tfrc
Lrp4,Insc
Lbp,Zfp759
Cln8,Slc45a3
Msrb3,Tssc1
Alcam,Cox4i1
Osbpl10,Fam174a
Acsl3,Nab1
Gm9958,Cyp2c70
Idi1,Ube2h
Nrap,Decr2
Mybph,Gata6
Accn2,Rnft1
Dimt1,Tspan14
Rassf4,Mettl8
Cyb5d1,Scd2
Siglech,Dguok
Tbc1d8,Dscc1
Phf21a,St6galnac3
Wnk1,Klhl21
Trim44,3110062M04Rik
Fhod3,Shmt2
BC021785,Cox6a1
Gtf3c5,Nmnat2
Nfatc2,Trak1
Scarb1,Ftmt
Cnnm4,Oaf
Gcn1l1,Crp
Fyco1,Pus3
Prr13,Cbs
Higd1a,Tmem26
Flt1,Gda
Pnrc1,Hist1h1b
Btrc,Psmc4
Smagp,Gatm
Htra1,U2af1l4
Btf3l4,Pcdh17
Nradd,Zfp292
Rgl1,Themis
Minpp1,Aim2
Acmsd,Cyp3a13
Tmem80,Cyth1
Dhcr24,Tspan18
Cep110,Rai14
Lass6,Zmym3
Podn,Mapk9
Fam203a,Fam120c
Suco,Qsox1
Lman1,Tatdn3
Cpsf3l,Prpf19
Nucks1,Tmem160
Rpusd3,Gm7853
Ccl21a,Mospd2
Ptpru,Iigp1
3110002H16Rik,Foxp1
Zfp882,Rcan2
Akr1b3,Mrpl49
Exosc3,Tax1bp1
Agps,Nbn
Tmem207,Tmc8
Tfdp2,Alg5
Smpdl3b,Arhgef12
Arhgef19,Lpin2
Agfg2,Nek6
Rsrc2,Mknk1
Abhd11,Zfyve9
Sorbs1,Diap2
Sult4a1,Zfand2a
Rhbdl1,Imp4
BC005561,Naa35
Plk2,Trf
Wbscr16,Pdgfrb
Neo1,Tmtc2
Rpl36,Rnf168
Irx2,Fam192a
Sfrs18,Miip
Tshr,Tbc1d15
Sass6,Mthfd1l
Clca5,Exoc4
Entpd4,Slc46a1
Tmem19,Atp2b2
Zfp330,Gstm6
Cops8,Katnal1
Cblc,Exosc2
Ubxn10,2310008H04Rik
Hist4h4,Mef2d
Cd19,BC088983
Sec31a,D14Ertd449e
Eif3a,Maff
2310003H01Rik,Megf8
Fam131a,AI661453
Vgll2,Wipi2
Gcsh,Calu
Stxbp5l,Psen2
Chordc1,Ier5
Hspg2,Crat
Sh3tc2,4930471M23Rik
Mfsd6,Dph1
Acsl1,Pyroxd1
Ddx39,Cwf19l2
Rps15,Gcap14
Tbc1d5,Nfya
Vmn1r27,Dock5
Trpm6,Cald1
Abca8a,Clint1
Lrat,Rad9
Prps2,Sf3b1
Lpar2,Rbmx2
Phlda3,Fam100b
Nudcd2,Cdc23
Atg7,Evi5l
Tuba1a,Srrd
Pde2a,Ppa1
Klf13,AI182371
Ccl24,Lsm6
Stx5a,Scaper
Cebpz,Ecd
Tmem41b,Mcf2l
Asxl2,Hmgb1
Foxa3,Epm2a
Scin,Pde3b
Trim47,Nxt2
Tmem150a,43166
Man1a2,Pid1
Eapp,Tat
Eef1e1,43345
Cdk19,Ercc1
Proc,Lin54
Psme4,Lrrcc1
Ap1m1,Dnajb11
Dis3l2,Ccdc159
Adamts15,Bptf
Hyal1,1810055G02Rik
Dctn6,Pnp
Atad3a,Lrp4
Usp32,Lbp
Ahsa1,Tatdn1
Gin1,Cln8
Uso1,Msrb3
Atxn1,Alcam
4933403G14Rik,Fam65b
Rhoq,Acsl3
Mum1l1,Gm9958
Msi2,Rundc3b
Lactb2,Gng11
Dnajc2,Phf21a
Sestd1,P2rx3
Cyp2j9,Psmb10
Ankrd16,Trim44
Chrna7,Gtf3c5
Chd6,Cnnm4
Kcna1,Fyco1
Slc14a1,Prr13
Ruvbl1,Zfp870
Ssb,Higd1a
Nudt6,Flt1
Nphs2,Pnrc1
Usp8,Btrc
Heatr1,Smagp
1700021F05Rik,2310035C23Rik
Rrp9,Gprc5c
Utp3,Rgl1
Slc44a4,Acmsd
Wipf3,Apoc4
Cdkn1a,Tmem80
Mtmr14,Dhcr24
Gcgr,Lass6
Gm6483,Tceb2
Fam185a,Ap1b1
Taf6,Podn
Dnajc6,Cnot1
Lacc1,Lman1
Cbfa2t3,Cpsf3l
Rpgr,Nucks1
Trim41,Asap2
Dram1,Rpusd3
Npy1r,3110002H16Rik
Prkag3,1190005I06Rik
Plod1,Zfp882
Ugt8a,6430571L13Rik
Eno2,Tfdp2
Ttc7,2310036O22Rik
Myrip,Btg3
Rab6a,Arhgef19
Tlk1,Rsrc2
Zfp873,Sorbs1
Epb4.1l4b,Pigf
Ldb2,Plk2
Gm5077,2310016M24Rik
Kcnh5,Cstf1
Slc25a45,Neo1
A230052G05Rik,Myl9
Spry1,Sfrs18
4930431F12Rik,Gm10644
Spcs3,Abhd14a
Osgep,Entpd4
Zfp952,Exoc3l
Wdr75,Tmem19
Phactr1,Insig2
Galnt7,Pm20d2
AI597468,Cops8
Zbtb44,Cblc
Aptx,D930048N14Rik
Tusc5,Sbno2
Zyx,Hist4h4
Slc6a19,Sec31a
2610001J05Rik,Snf8
Rdh10,2310003H01Rik
Acat1,Gck
Isyna1,Dut
Agpat2,Cnbp
Mylk,Chordc1
Trim56,Acsl1
Appl2,Grb7
Ifnar2,Ddx39
Ap3s1,Zfp454
Adck5,Atf2
Ccl5,Rhbdd3
Gramd1b,Gstm2
Ssbp1,Tti1
Naa15,Lrat
Wnt5a,Lpar2
Tmem178,Cyp51
Kcnn4,Atg7
Ces1f,Pde2a
Marf1,Cyp7a1
Mfsd10,Klf13
Mcm9,Glt28d2
Tubgcp5,Ccl24
Rps6ka3,Hsd17b4
Shc3,Foxa3
Eny2,Zcchc6
Nsd1,Zfp113
Dynlt1b,Mfsd12
Tubb4b,Tmem150a
Polr1e,Rabl3
Nop16,Eapp
Bub3,Mvp
Sun2,Tufm
Trim33,Pdcl3
Spa17,Rnf187
Ankrd42,Gpr182
Tspan9,Dis3l2
Slc7a5,Hyal1
2610034B18Rik,Pcsk5
Jmjd1c,Atad3a
Dynlt3,Ahsa1
Zcchc11,Uso1
Acvr2a,Kdm3b
Gm11437,Mycn
Lrrc58,Atxn1
Aldoc,Rapgef1
Chmp2b,Cmah
Usp31,Nacad
2610029I01Rik,Fam60a
Ifit2,Msi2
Sec22b,Ube2d1
Csnk1d,Kctd8
Tctex1d4,Got2
Kidins220,Tcirg1
Phc3,Mrps17
Ank2,Hoxa10
Eef1d,Ppp1r3b
Gm16515,Cd4
Plk3,Chd6
Cdc14a,Sdhc
Sqle,Hsd3b2
Ero1lb,Sele
Stab1,Ruvbl1
Ttll5,Nudt6
Mpp5,Nphs2
Rnf13,Rrp9
Gosr1,Wipf3
Phyh,Rnd2
Ypel3,Wbp1
Tpgs2,Cdkn1a
1110051M20Rik,Mtmr14
Cdc27,Cobra1
Mast3,Ppip5k2
Ccdc126,Dapl1
Cdan1,Taf6
Atxn2,Dnajc6
Tro,Npr1
Polr3k,Lacc1
Olfr561,Rpgr
Helb,Trim41
Cdh11,Ccdc124
Rnf24,Plod1
Tbc1d16,Ero1l
Krit1,Ttc7
Bmpr2,Enpp3
Tbc1d23,0610009D07Rik
Mgst3,Epb4.1l4b
Mid1,Fam20b
Ywhah,Pus7l
Edem3,1700040L02Rik
Ppox,Unc79
Tmem5,Slc25a45
Impa2,Dgcr14
C1qtnf7,Spry1
B3galt6,Mkrn1
Csda,Osgep
Nkiras1,Zfp952
Plac8,Glt8d1
Wdr82,Zbtb44
Zfp259,Prkag2
Fam82b,Ap3d1
Thrsp,C8g
Sigirr,2610001J05Rik
Xylt1,Rdh10
Farsb,Agpat2
Fam125a,Mylk
Fabp3,Gpd2
Cyp2j5,Gtf2h3
Lphn2,Appl2
Osbpl8,Ifnar2
Dlgap1,Adck5
Col4a3,Uqcrh
Il17rb,Paics
Thsd7a,Tbc1d2
Cdk18,Git1
Haus4,Ssbp1
Mas1,Zfp51
Gm853,Nedd1
Lyz2,Dhx32
Uroc1,Pitrm1
Ifi44,Marf1
Slc39a10,Sfxn2
Hmgn2,Tubb4b
Atp1a2,Polr1e
Hsd11b2,Nubp2
Slc9a4,Ndufs8
Bicd2,Camk2n1
Dbt,Nop16
Nkx6-1,Bhlhb9
Ppp1r16a,Sun2
Igsf11,Rap2a
Slc4a11,1700084J12Rik
Hnf1b,Prkx
Ccrl2,Slc43a1
43350,Tspan9
Eea1,Gem
Erh,Jmjd1c
Tmem87b,Dynlt3
Ly6f,Tmem170
Map3k6,Zcchc11
Srsf10,Rnaseh2a
Spata5,Tab3
Ilk,Ptafr
Trappc2,Dio1
Ugt2b34,Ang2
Slc5a3,Gm11437
Snrnp200,Lrrc58
Stard7,Krtcap2
Pax8,Chmp2b
Polg2,Usp31
Ubxn4,Rmnd5b
Pttg1ip,Stpg1
R3hdm1,Eef2
Zfp953,2610029I01Rik
Rragd,Sec22b
Mcoln3,Csnk1d
Paqr7,Ergic2
Farsa,Apeh
Abhd16a,Enpp6
Dhx36,Rap1b
Vars2,Uba52
Add1,Itsn2
Slc3a2,Wwtr1
Lrrc1,Cth
Xylb,Dcaf12
Palm,Rab4b
Lims2,Bcor
Pbld1,Pcna
Fam45a,Ypel3
Dnm3,Tpgs2
Acsf3,Mtap
Miox,Mast3
Mbip,Ccdc126
Vps72,Atxn2
Bcl7a,Polr3k
Slc9a3,Rreb1
Tmem237,Tbc1d16
Atg4c,Krit1
Pnpla6,Mgst3
Pou6f2,Smarcb1
Mllt4,Hsd17b10
Abcf1,Ywhah
Msrb2,Ppp2r4
Dcdc2c,Lingo4
Xpa,Romo1
S100a1,Olfr1428
Pex19,Solh
Cyb5r4,B3galt6
Elp4,Csda
G630090E17Rik,Nkiras1
Nr2c1,Mrrf
Gabrb3,Slc39a9
Zkscan17,2610029G23Rik
Cntnap5b,Wdr82
Apbb3,Mrpl12
Bbc3,Pomt1
Dact1,Thrsp
Phf10,Cd151
Mto1,Sigirr
Cerkl,Farsb
Gm5567,Arhgef9
Ifngr2,Fam125a
Slc16a6,Irak4
Armcx1,Gpr110
Adssl1,Fbxo22
Dis3l,2410018M08Rik
Shank2,Invs
Ak3,Faim
Tfg,Kcnk10
N6amt1,Cyp2j5
Dmpk,Lphn2
Stk24,Dlgap1
Wdr48,Camkmt
P2ry2,9630033F20Rik
Aox4,Gas2
Tmtc4,Ncoa6
Slc4a7,Atp5a1
Fam126b,Ralgapa2
Slc16a13,Cdk18
Tmem106a,Cox5b
Trmt10c,Uroc1
Ralbp1,Slc39a10
Cmpk1,B3gat3
Exoc3l2,Rpgrip1l
Pbx1,Atp1a2
Zswim1,Mafb
Spsb2,Psme2
Cpox,Ung
Wipi1,Rexo2
Pdhx,Dbt
Pydc3,Grhpr
Amigo2,Glt25d1
2010107H07Rik,Ergic1
Gaa,Nmnat1
1110021L09Rik,Igsf11
Cdk6,Aph1b
Pitpna,Hnf1b
Ccnd1,Mapk11
Slc43a2,Ccrl2
Lekr1,Dlg3
Nudt19,43350
Atpaf1,Ptms
Cpt1a,Pet112l
Cetn3,Deb1
Ppp1r11,Ilk
Mycbp,Hdac10
Rasa2,Mvk
Kctd21,Trappc2
Zfp707,Ugt2b34
Fam92a,Slc5a3
Pip5k1b,Snx1
Ednrb,Snrnp200
Rgs10,Slc25a39
Atp7a,Stard7
Dsc2,Morc3
Mfsd8,Angel2
Itga8,Ubxn4
Wls,Esrp2
Eif4g2,Pttg1ip
Plscr3,Lrp1
Slco1a6,Paqr7
Exoc2,Farsa
Mgat4b,Dhx36
Zwint,E130116L18Rik
Xpr1,Add1
Lrrc16a,C5ar1
Me2,Rpl13a
Klhl7,Slc3a2
Zfp595,Cecr6
Car5b,Xylb
Tstd2,1600029D21Rik
Lyrm5,Haus5
Tram2,Trim13
Vezf1,Pbld1
Acly,Fam45a
Zcchc17,Gclc
Mrpl15,Acsf3
Sh3bgrl2,Ang6
Naf1,Ntn3
BC052040,Mbip
Taf1,Klhdc10
Ssr2,Vps72
Txnrd3,Trim71
Hectd3,Bcl7a
Spats2,Suox
Mdfic,Atg4c
D930015E06Rik,Chac2
Ptp4a3,Pnpla6
Gnpda2,Ddx6
Kazn,Mllt4
Cpeb3,Tmem176a
Ebpl,Abcf1
C130074G19Rik,Psmc1
2510039O18Rik,Msrb2
Adamts1,Xpa
0610040J01Rik,S100a1
4931422A03Rik,Gm10722
Gns,Cd59a
Hist2h2aa1,Gpd1l
B4galt5,Elp4
Slc16a10,G630090E17Rik
Cdkl1,Fam120b
Lnx2,Gimap4
Zbtb33,Ctnna2
Slc5a6,Edf1
Ptp4a1,Slc27a2
Rhobtb1,Zkscan17
Gbp7,Dact1
Fxyd4,Sdr42e1
Map2k1,Mto1
Srxn1,Cerkl
Arl8b,Ifngr2
Sun3,Mug2
Ell2,Slc16a6
Chrdl2,Dis3l
Srsf1,Rpsa
Slc9a3r1,Pm20d1
Tmem200b,Shank2
Maf1,Ak3
Cml3,Fxyd5
Tmem86a,N6amt1
Dach1,Stk24
Pld5,Mrpl4
Acat2,Wdr48
Zfp260,P2ry2
Neu2,Tmem104
Usp33,1700021K19Rik
Gorab,Ankrd17
Hnrnpu,Slc4a7
Trp53inp1,Fam126b
Nosip,Phtf2
Rbks,Mbd3
Tsr2,Exoc3l2
4930430F08Rik,Prim1
Nfil3,Rspo3
Npr3,Zswim1
Atp2b1,Spsb2
Tmem252,Defb2
Zdhhc4,Cpox
Mocs2,Amigo2
Speer2,Anxa5
Mettl16,Zfp62
Smyd4,Chchd5
Ints12,Gaa
Trmt2b,Xaf1
Leprel1,Tysnd1
Upf2,Tars2
Ubfd1,1110021L09Rik
Pdpk1,Cdk6
Eif2s2,Prhoxnb
Cpeb4,Pitpna
Zc3h7b,Ccnd1
Rngtt,Gsta1
2810453I06Rik,Ndufa3
Snrpf,Cpt1a
Fbxo21,Cetn3
Acnat1,Ppp1r11
Hook1,Mycbp
Lonrf1,Mfsd7b
Yipf4,Rasa2
Cdc34,Alox12b
Myo1d,Kctd21
Mbtd1,Zfp707
Tctex1d2,Tbcel
2810008M24Rik,Tmco6
Pwp1,Akt1
Rsf1,Fndc4
Zfp212,Cinp
Vamp8,Mdm2
Zbtb41,Psd4
Zfp438,Dsc2
Ttc30b,Mfsd8
Tek,Itga8
Cc2d2a,Prickle3
Ankrd50,Cep120
Il17c,Slco1a6
Mllt10,Cdkn2b
C1s,Stat2
Cxcr7,Xpr1
Col15a1,Nt5m
Brip1,Slco1b2
Frrs1,Klhl7
Abhd3,Sip1
Rraga,Suclg2
Cacng4,Zfp513
Polr2e,Slc24a6
D14Ertd668e,Car5b
Snca,Dnajc18
Hist2h2be,Lins
Cap1,Wdr83
Agphd1,Lyrm5
Atl2,Vezf1
Tmem64,Ankrd39
Zfp54,Acly
Abcd4,Umps
Ermp1,Zcchc17
Magoh,Mrpl15
Amacr,Sh3bgrl2
Man2c1,Armc2
BC057079,BC052040
Mrps35,Zfp174
Nol7,Arsa
Fam129a,Taf1
Dcn,Hist1h4d
Braf,1110008L16Rik
Tmem159,Ssr2
Tspan1,Cs
Syncrip,Spats2
Prr15,Mdfic
Abcg1,Kat2b
Cnpy4,Gnpda2
Fem1b,Gm10709
Vamp2,C130074G19Rik
Gm12258,Tmem147
Dynll1,0610040J01Rik
Serinc5,Gns
Smc1a,Dennd4b
Ltbr,Hist2h2aa1
5730508B09Rik,B4galt5
Dock4,Tbc1d2b
Zw10,Lnx2
Mysm1,Ptpn6
Hnrnph2,Eif2b1
Fastk,Slc5a6
Cenpq,Tnks2
Ttc13,Ptp4a1
Slc45a4,Cyp2b10
Adar,Rhobtb1
Plaa,Pdcd11
Gabbr1,Map2k1
Slc25a25,Ddx52
Usp22,Srxn1
Faah,Arl8b
Mettl13,Sun3
Ldlr,Rrm2
Rab3ip,Epas1
43354,Srsf1
Cldn10,Ccnk
Chka,Slc9a3r1
Dapk1,Chek2
Tmem144,Xpo6
D030056L22Rik,Maf1
Tut1,Cml3
Fbln1,Tmem86a
Zc3h7a,Dach1
Dqx1,Acat2
Ccnh,Itpkb
Ankra2,Neu2
Ptprk,Prmt7
Cdr2,Jhdm1d
Gm10845,Pilra
Pcdh18,Slc52a2
Zfand1,Atg13
Kdelr3,Tsr2
Itgb5,Fbxo34
Ppp1r16b,4930430F08Rik
Sstr5,Bnip3l
Casd1,Nfil3
Mtmr1,Psmd7
Hspe1,Zdhhc4
Fbxw2,Wibg
Sema3g,Mocs2
Krt14,Mettl16
Adamtsl5,Ints12
Vcam1,Sh3glb1
Sec24a,Pip4k2c
Wdr12,9130230L23Rik
Crxos1,Cpeb4
Spryd7,Rngtt
Mettl9,Cchcr1
Olfm3,2810453I06Rik
Prosc,Fbxo21
Serf2,Acnat1
Hcfc2,Hook1
Aqp9,1600002H07Rik
Lrig2,Lonrf1
Bhlhe40,Irf9
Fas,Cdc34
Cenpc1,Myo1d
Kcnip3,Mbtd1
Ephx1,Fam187b
Lrrc52,Sort1
Mapk6,Robo4
Cldn4,Hdac8
Xpc,Robo3
Nckap1,Zfp868
Dpf2,Gstcd
Elmo2,Hs3st3b1
Matr3,Stambp
Syt17,Pitpnc1
Dus4l,Stat5b
F2r,Vamp8
Tardbp,Ccdc152
Gulp1,Zfp438
H2-Q1,Akap8l
Pde5a,Tek
Hoxb6,Aes
E130304I02Rik,Cc2d2a
Aox3,Ankrd50
Pdzrn4,Rps21
Aldh8a1,Vtcn1
Prnd,Afg3l2
Sh2b3,Slc25a32
Slc35f5,Hs2st1
Spice1,Sqstm1
Sncg,Brip1
Mrps25,Frrs1
Kctd9,Endog
Svip,Abhd3
Hspa4,Suds3
Aqp1,Polr2e
Depdc1b,Fam89a
Ccnc,E2f8
Cep350,Ak2
Cldn16,R3hcc1
Rdx,Adh7
Gm9982,Smap2
Sulf2,Sorbs3
Zfp397,Snca
Myo3b,Hist2h2be
Elovl6,Tbc1d25
Nicn1,Agphd1
Rabggtb,Tmem64
Rgs6,Tnpo2
Mlph,Zfp54
Smarcal1,Abcd4
D4Wsu53e,Pold4
Zc3h8,Ndufb5
,Amacr
,BC005537
,BC057079
,Gm4951
,Nol7
,Epc1
,Agxt
,Abhd8
,Gng4
,Gapdh
,Poglut1
,Gss
,Trip13
,Cnpy4
,Vamp2
,Apoa5
,Dynll1
,Serinc5
,Serpinb6e
,Dock4
,Zw10
,Mysm1
,Phb
,Polk
,Aldh1l1
,Cenpq
,Rapgef4
,Triap1
,BC057022
,5033414D02Rik
,Zfp68
,Ngfr
,Ppap2b
,Slc45a4
,Adar
,Hfe
,Usp22
,Dcaf13
,Gkap1
,Slc19a1
,Ldlr
,43354
,Gm9791
,Gnpat
,Ppp3ca
,Copz2
,Cwc22
,Chka
,Dapk1
,Slc15a5
,Tmem144
,Asb8
,Adh4
,Fgf15
,Dqx1
,Ccnh
,Cttn
,Rad9b
,Hsd3b4
,Ptprk
,Zfand1
,Ccdc111
,Itgb5
,Ppp1r16b
,Aco1
,Aspdh
,Eno3
,Rpl22
,Dcaf12l1
,Ddx31
,Hspe1
,Zfp652
,Hibadh
,Rps26
,Smoc1
,Sowahb
,Pnkp
,Il11ra1
,Cdk20
,Park7
,Dstyk
,Keg1
,Prkacb
,Vcam1
,Slc19a2
,Hist1h2bh
,Sec24a
,A2m
,Gpc2
,Wdr12
,Spryd7
,Usp16
,Scly
,Arsb
,Serf2
,Ropn1l
,Aqp9
,Lrig2
,Fas
,Cenpc1
,Arl13b
,Laptm4b
,Smarcc2
,Ranbp2
,Pex16
,Srd5a2
,6330416G13Rik
,Ephx1
,Mapk6
,Zfp64
,Nup50
,Slc39a4
,Babam1
,Dpf2
,Elmo2
,Dpysl5
,Exosc1
,Dus4l
,Cln3
,Tardbp
,Jub
,Dnase1l3
,Daxx
,Aox3
,Mtus1
,Aldh8a1
,Sh2b3
,Gjc1
,Pth1r
,Slc35f5
,Mrps25
,Kctd9
,Pelp1
,Fsip1
,Ccnc
,Exd2
,Zbtb10
,Rdx
,Gm9982
,Lcp1
,Thoc7
,Elovl6
,Mcoln1
,Ppp1r14b
,Igfbp2
,Coro2b
,Nicn1
,Rabggtb
,Smarcal1
,Zc3h8
,Taf9
,Mttp
