SAMPLE2,SAMPLE6
YPR161C,YDR395W
YOL138C,YGR129W
YDR395W,YPR165W
YGR129W,YPR098C
YPR165W,YPL015C
YPR098C,YCL050C
YCL050C,YMR193W
YMR193W,YLR031W
YGR053C,YCR101C
YER087C-B,YER087C-B
YOR280C,YGR097W
YGR097W,YKR011C
YJL200C,YEL004W
YLL027W,YJL200C
YLR045C,YLL027W
YDR348C,YLR045C
YPL183C,YDR348C
YGR003W,YGR003W
YEL008C-A,YEL015W
YGL060W,YBR252W
YEL009C,YDR329C
YEL015W,YDL202W
YBR252W,YHR209W
YDR329C,ERCC-00039
YDL202W,YPR008W
YHR209W,YER075C
YPR008W,YMR197C
YER075C,YBL049W
YDL203C,YER054C
YMR197C,YDR305C
YER054C,YCR061W
YDR305C,YBR206W
YNL201C,YPL171C
YCR061W,YHR051W
YBR206W,YDL116W
YPL171C,YPR124W
YHR051W,YJL023C
YDL116W,YPL119C-A
YPR124W,YGR240C
YJL023C,YDR167W
YGL167C,YBR063C
YIL143C,YER052C
YPL119C-A,YGR178C
YBR292C,YPL118W
YGR240C,YPR086W
YOR094W,YBR122C
YDR167W,YBR271W
YBR063C,YMR221C
YER052C,YDR241W
YPL118W,YBR155W
YPR187W,YGR266W
YJL065C,YLR443W
YOL141W,YPL147W
YPR086W,YAL034C
YBR122C,YBR067C
YBR271W,YLR270W
YBR279W,YMR113W
YMR221C,YGR035C
YER130C,YDL222C
YBR155W,YEL065W
YDR363W,YNL335W
YGR266W,YMR296C
YLR443W,YDR232W
YPL147W,YHR116W
YAL034C,YDR313C
YBR067C,YDL213C
YCR095C,YNL292W
YLR270W,YOR324C
YPR084W,YNL134C
YMR113W,YKL100C
YGR035C,YOR192C-B
YDL222C,YIL146C
YCL008C,YNL218W
YEL065W,YIL121W
YNL335W,YBR270C
YMR296C,YPL214C
YDR232W,YEL063C
YHR116W,YGR121C
YDR313C,YBR222C
YFR018C,YDL095W
YDL213C,YDL003W
YNL292W,YOR323C
YOR324C,YMR183C
YNL134C,YER146W
YKL100C,YPL063W
YNL218W,YDR457W
YIL121W,YLR273C
YDL167C,YLR434C
YBR270C,YGL097W
YPL214C,YOR026W
YEL063C,YPL140C
YGR222W,YNR016C
YML020W,YER123W
YGR121C,YGR055W
YBR222C,YKR054C
YDL095W,YAL024C
YDL003W,YDR383C
YOR323C,YKL055C
YMR183C,YDR035W
YOR274W,YBL062W
YML075C,YHR160C
YPL063W,YGR047C
YLR273C,YLR070C
YDR181C,YPL228W
YGL097W,YGR041W
YCL056C,YDR353W
YJL083W,YHR097C
YPL140C,YPL014W
YNR016C,YGR007W
YER123W,YML116W
YGR055W,YGL155W
YKR054C,YER061C
YMR315W,YPL119C
YAL024C,YDL125C
YKL187C,YHR186C
YKL055C,YKL011C
YDR035W,YLL019C
YHR160C,YNL257C
YGR047C,YJR092W
YDR119W,YBL059W
YBR208C,YBR291C
YER151C,YPL189C-A
YLR070C,YDR262W
YPR019W,YFL012W
YPR190C,YDR072C
YGR041W,YDR179C
YDR353W,YIL053W
YPL047W,YGR220C
YPL014W,YMR161W
YGR007W,YDR258C
YML116W,YGL162W
YOL137W,YNL243W
YGL155W,YFL053W
YER061C,YKR060W
YPL119C,YPR200C
YDL125C,YLR411W
YHR186C,YLR318W
YKL011C,YHR150W
YJR092W,YGL219C
YBL059W,YFL009W
YBR291C,YBR045C
YPL189C-A,YMR039C
YDR262W,YKL195W
YFL012W,YPR127W
YLR078C,YPL188W
YIL053W,YGL147C
YGR220C,YDR217C
YMR161W,YJR126C
YDR258C,YPR026W
YGL162W,YMR274C
YNL047C,YMR008C
YFL053W,YDL227C
YKR060W,YNL081C
YPR200C,YKL096W-A
YLR411W,YDR532C
YLR318W,YNL319W
YHR150W,YKL170W
YGL219C,YPR171W
YFL009W,YHL029C
YBR045C,YLR178C
YMR039C,YML063W
YKL195W,YBR008C
YPR127W,YOR184W
YPL188W,YMR203W
YGL147C,YIR008C
YDR217C,YBL024W
YML015C,YOR340C
YJR126C,YCL044C
YPR026W,YEL072W
YMR274C,YFR022W
YER119C-A,YIR010W
YDL227C,YBL008W
YOR197W,YHR017W
YNL081C,YMR095C
YKL096W-A,YHR198C
YDR532C,YOR076C
YDR049W,YGL015C
YKL170W,YLR210W
YHR079C,YOR342C
YPR171W,YOL070C
YHL029C,YDL160C
YLR178C,YIL043C
YML063W,YGR231C
YJL090C,YGR034W
YDR372C,YNL021W
YOR184W,YGR088W
YMR203W,ERCC-00170
YIR008C,YDL048C
YBL024W,YPR097W
YDR317W,YBR201C-A
YJL087C,YAL020C
YDR043C,YDL025C
YHR028C,YDL243C
YOR340C,YFL017C
YCL044C,YHR092C
YEL072W,YLL011W
YFR022W,YDR379C-A
YBL008W,YDR113C
YOL008W,YOL159C
YKR101W,YDL247W
YMR095C,YFL028C
YHR198C,YML032C
YNL219C,YBR256C
YLR210W,YOR081C
YIL034C,YPL024W
YOR342C,YMR257C
YOL070C,YDL219W
YIL043C,YDL080C
YGR231C,YGL240W
YGR034W,YEL001C
YMR266W,YLR374C
YNL021W,YPR168W
YPL107W,YHR109W
YGR088W,YDR223W
YCR063W,YGR104C
YDL048C,YPR062W
YML092C,YDR402C
YBR201C-A,YMR146C
YNL056W,YGR241C
YAL020C,YPR057W
YDL243C,YIL012W
YFL017C,YDR156W
YGL197W,YJR113C
YHR092C,YPR131C
YLL011W,YLR029C
YDR379C-A,YNL180C
YDR113C,YIL140W
YFL028C,YOR238W
YBR256C,YKL142W
YOR081C,YLR139C
YPL024W,YNR044W
YMR257C,YPR009W
YDL219W,YHR032W
YKL122C,YDR429C
YDL080C,YNR031C
YGL240W,YOR004W
YEL001C,YMR244W
YPR168W,YNL188W
YHR109W,YNL104C
YJL060W,YOR365C
YDR223W,YHR033W
YER174C,YNR040W
YGR104C,YNR034W
YPR062W,YDL071C
YMR146C,YOR173W
YGR241C,YOR337W
YGL062W,YNL181W
YPR057W,YGR243W
YDR156W,YDR464W
YJR113C,YGR210C
YPR131C,YLR012C
YLR029C,YLR054C
YMR155W,YNL002C
YNL180C,YOR005C
YIL140W,YBL040C
YOR238W,YJR127C
YKL142W,YJL176C
YLR139C,YLR453C
YNR044W,YCR007C
YPR009W,YHR128W
YHR032W,YOR297C
YDR429C,YDR225W
YGL079W,YPR020W
YHR084W,YJR003C
YOR004W,YIL101C
YMR233W,YPR114W
YMR244W,YPL247C
YLL010C,YDR482C
YNL188W,YJL122W
YNL104C,YLL039C
YIL005W,YKL107W
YDR246W-A,YCL017C
YNR040W,YMR186W
YNR034W,YCR065W
YOR173W,YOR388C
YOR337W,YLR002C
YGL104C,YFL045C
YNL181W,YPR091C
YDR164C,YOL083W
YGR243W,YDR366C
YOR107W,YNL020C
YDR464W,YGL125W
YGR210C,YKR038C
YOR168W,YDL215C
YLR054C,YCR022C
YNL002C,YFR008W
YHR193C,YKL051W
YPR147C,YPR174C
YLR077W,YMR091C
YBL040C,YJL143W
YJR127C,YKL194C
YLR453C,YBR065C
YHR128W,YPR121W
YOR297C,YGL178W
YDR225W,YGL157W
YPR020W,YMR148W
YJR003C,YML058W
YIL101C,YLR249W
YPR114W,YGR019W
YPL247C,YBL097W
YDR482C,YLR342W-A
YJL122W,YBL043W
YBL058W,YLR018C
YLL039C,YMR076C
YKL107W,YOR251C
YCL017C,YJR135W-A
YMR186W,YOR186W
YCR065W,YDR083W
YOR388C,YLR109W
YLR002C,YOR032C
YFL045C,YOR091W
YPR091C,YKR059W
YOL083W,YBR205W
YNL020C,YLR316C
YGL125W,YLR292C
YKR038C,YCR044C
YDL215C,YLR216C
YLR354C,YDR046C
YCR022C,YJL092W
YDR284C,YDR096W
YKL051W,YML018C
YPR174C,YOR369C
YMR091C,YJR145C
YJL143W,YHR059W
YGR057C,YLR138W
YKL194C,YHL009W-B
YLR308W,YNL093W
YBR065C,ERCC-00033
YNL068C,YLR186W
YGL178W,YDR425W
YGL157W,YGL134W
YMR148W,YJR094W-A
YML058W,YDR293C
YLR249W,YNR015W
YGR019W,YKL006W
YBR263W,YDR448W
YOR249C,YER184C
YCR020W-B,YJL066C
YDR286C,YKL095W
YLR342W-A,YLR368W
YBL043W,YOR194C
YLR018C,YGR060W
YMR076C,YBR115C
YOR251C,YCR097W
YBR124W,YFL003C
YJR135W-A,YHR086W
YDR083W,YOL120C
YLR109W,YLR065C
YOR032C,YNL298W
YOR091W,YER078C
YKR059W,YGL225W
YBR205W,YNL122C
YLR316C,YNL217W
YLR292C,YGL063W
YCR044C,YML030W
YLR216C,YAL039C
YDR046C,YOR261C
YJL092W,YLR191W
YDR096W,YCR027C
YML018C,YDL046W
YOR369C,YMR263W
YGR246C,YOL113W
YJR145C,YBR197C
YJR138W,YDR192C
YHR059W,YJR132W
YLR138W,YDL106C
YNL106C,YGR197C
YNL093W,YDR365C
YIL040W,YNL280C
YKL104C,YCR030C
YLR186W,YGL033W
YGL134W,YMR211W
YJR094W-A,YBL036C
YDR293C,YGL202W
YNR015W,YOL147C
YKL006W,YPR178W
YDR448W,YFR007W
YIL166C,YEL008W
YDR097C,YNL069C
YER184C,YIL118W
YJL066C,YJR008W
YKL095W,YKL217W
YLR368W,YPL036W
YOR194C,YBR042C
YGR060W,YER056C-A
YHR041C,YFR011C
YBR115C,YDR256C
YCR097W,YNL287W
YFL003C,YGR103W
YHR086W,YLR061W
YOL120C,YOR281C
YOR125C,YBR162C
YLR065C,YJL078C
YNL298W,YMR114C
YPL134C,YGR251W
YER078C,YBR094W
YGL225W,YGR065C
YLR129W,YKL021C
YNL122C,YOR374W
YNL224C,YNR062C
YNL217W,YDL015C
YGL063W,YJL102W
YML030W,YER058W
YAL039C,YER149C
YOR261C,YDR533C
YLR191W,YBR177C
YMR316W,YJL034W
YCR027C,YOR034C-A
YDL046W,YBR173C
YMR263W,YHR057C
YDR517W,YOL162W
YBR197C,YOR077W
YDR192C,YJR124C
YJR132W,YHR107C
YER021W,YER112W
YKL014C,YLR174W
YGR197C,YGR108W
YDR365C,YDR346C
YNL280C,YDR091C
YCR030C,YBR250W
YDL154W,YER185W
YMR211W,YLR089C
YBL036C,YKL155C
YGL202W,YKL222C
YOL147C,YGR154C
YPR178W,YNL277W
YFR007W,YOL061W
YGR072W,YDL014W
YER022W,YFR013W
YNL069C,YCL064C
YIL118W,YDR493W
YJR008W,YLR345W
YKL217W,YGL022W
YPL036W,YDR031W
YJR024C,YDL190C
YBR042C,YKR083C
YAL047C,YBR141C
YER056C-A,YAL008W
YFR011C,YDR453C
YDR256C,YDR191W
YNL287W,YLR459W
YGR103W,YHR099W
YLR061W,YOR142W
YOR281C,YPL020C
YBR162C,YOR283W
YJL078C,YJR054W
YMR114C,YER084W-A
YGR251W,YMR255W
YBR094W,YDR033W
YGR065C,YDR253C
YEL017C-A,YNL014W
YGL251C,ERCC-00148
YOR260W,YEL011W
YKL021C,YNL291C
YKR028W,YLR079W
YOR374W,YMR104C
YHL026C,YOR097C
YCR028C,YHR103W
YDL015C,YHR026W
YJL102W,YGL061C
YCR016W,YGR028W
YER058W,YJL089W
YER149C,YKL116C
YDL035C,YHR134W
YDL090C,YBR228W
YBR177C,YNL320W
YJL034W,YGR123C
YLR066W,YMR220W
YBR125C,YMR188C
YBR173C,YNL075W
YHR057C,YPR159W
YOR077W,YMR198W
YDR198C,YHR089C
YJR124C,YNR018W
YHR107C,YAL044C
YCL026C-A,YKL139W
YLR174W,YKL197C
YGR108W,YLR436C
YDR346C,YOR253W
YDR091C,YNL268W
YKR092C,YIL105C
YEL069C,YDL029W
YLR117C,YDR403W
YLR385C,ERCC-00046
YBR250W,YCL026C-B
YDR143C,YDR525W-A
YLR089C,YPL255W
YKL155C,YOR192C
YGR154C,YGL229C
YNL277W,YOL005C
YOL061W,YML052W
YDL014W,YML064C
YFR013W,YBR167C
YCL064C,YPR176C
YDR493W,YLR383W
YLR345W,YJL062W
YGL022W,YNL252C
YLR192C,YLR048W
YDR031W,YGR282C
YKR083C,YMR196W
YBR141C,YOR205C
YAL008W,YER056C
YDR453C,YOR192C-C
YDR191W,YJL191W
YDR490C,YLR328W
YLR459W,YBL003C
YNL193W,YNR013C
YHR099W,YJR077C
YOR142W,YDR376W
YDR304C,YMR284W
YLR430W,YML061C
YPL020C,YJL139C
YLR165C,YDL129W
YOR283W,YLR449W
YMR052C-A,YOR145C
YJR054W,YMR317W
YER084W-A,YKR069W
YDR033W,YOR287C
YPL154C,YHR071C-A
YDR253C,YPL218W
YAL032C,YPR037C
YNL014W,YLR080W
YNL241C,YJL145W
YEL011W,YPR198W
YNL291C,YNR052C
YLR079W,YHR098C
YMR104C,YOR244W
YOR348C,YLR173W
YHR103W,YPL097W
YOL126C,YNL115C
YHR026W,YLR103C
YGL061C,YNL247W
YGR028W,YPL222W
YJL089W,YHR141C
YKL116C,YAL041W
YHR134W,YCL045C
YBR228W,YMR237W
YGR123C,YOR020W-A
YBR269C,YOR054C
YMR220W,YMR158C-A
YLR290C,YGR214W
YMR188C,YGR224W
YNL075W,YLR455W
YNL258C,YJL153C
YPR159W,YKR036C
YHR089C,YIL047C-A
YBR194W,YCR002C
YNR018W,YDR244W
YAL044C,YPR093C
YKL139W,YMR239C
YGR138C,YLR163C
YHR129C,YIL049W
YLR436C,YBR069C
YOR253W,YML073C
YNL268W,YLR084C
YIL105C,YGL215W
YDL029W,YNL202W
YDR403W,YPL143W
YCL026C-B,YLR099C
YDR525W-A,YDR092W
YPL255W,YNL277W-A
YGL229C,YNL133C
YER065C,YIL097W
YPR194C,YOR198C
YML052W,YML055W
YML064C,YML035C
YBR167C,YGR133W
YPR176C,YDR357C
YFL016C,YDR023W
YLR383W,YDR006C
YDR140W,YHR197W
YNL252C,YER098W
YLR048W,YDR401W
YGR282C,YNL325C
YEL033W,YDL244W
YMR196W,YBR128C
YOR205C,YPL258C
YER056C,YNL216W
YBR188C,YIL036W
YOR195W,YDL082W
YER114C,YLR307W
YOR192C-C,YML119W
YJL191W,YPL273W
YDR518W,YPL201C
YKR021W,YLR046C
YLR328W,YKR085C
YKL173W,YPR041W
YBL003C,YHR171W
YNR013C,YJL050W
YJR077C,YER116C
YDR376W,YOR136W
YGL058W,YBL113C
YML061C,YOR202W
YJL139C,YLR364W
YDL129W,YGR137W
YLR449W,YBR153W
YLR021W,YGR142W
YOR145C,YOL023W
YKR069W,YKL186C
YOR287C,YLR112W
YIL122W,YBL037W
YPL218W,YBL083C
YJR149W,YJR152W
YJL145W,YPR042C
YPR198W,YBR191W-A
YNR052C,YKL076C
YHR098C,YKL106W
YOR244W,YBR281C
YLR173W,YDL153C
YHR190W,YBL078C
YPL097W,YDL150W
YNL115C,YLL001W
YLR103C,YOL136C
YBR112C,YER036C
YNL247W,YDR398W
YOR345C,YIL077C
YNR065C,YGR038W
YPL222W,YPL266W
YKL012W,YHR132C
YHR141C,YER115C
YAL041W,YLR336C
YNL011C,YDR101C
YOR054C,YDR441C
YGR214W,YMR121C
YMR130W,YHL014C
YLR455W,YMR312W
YDR308C,YMR164C
YJL153C,YOR382W
YKR036C,YLR141W
YIL047C-A,YJR096W
YCR002C,YOR335C
YDR244W,YGL059W
YPR093C,YNL087W
YMR239C,YHR015W
YLR163C,YJL177W
YDL072C,YDR502C
YHR199C-A,YGL037C
YBR207W,YDR359C
YML073C,YLR073C
YLR084C,YAR018C
YGL215W,YJR076C
YPR066W,YOR112W
YNL202W,YKL045W
YPL143W,YHR162W
YOR080W,YPR074C
YNL133C,YFR020W
YJL167W,YGR014W
YOR198C,YPL003W
YNR025C,YLR017W
YLR014C,YLR297W
YNL101W,YNL165W
YGL241W,YDL169C
YML055W,YMR319C
YHR143W-A,YDL127W
YLL050C,YDL136W
YFL052W,YOR152C
YML035C,YDL216C
YDR357C,YBR068C
YDR023W,YFR028C
YDR006C,YHR126C
YNL256W,YHR008C
YML100W,YOL001W
YHR197W,YMR016C
YER098W,YBR133C
YDL244W,YGR229C
YBR128C,YOR092W
YGL168W,YDR047W
YPL258C,YJR119C
YDR540C,YBR159W
YIL036W,YDR249C
YDL082W,YGR158C
YLR307W,YOR350C
YML119W,YKL174C
YPL273W,YLR058C
YPL201C,YLR403W
YHR003C,YLR028C
YKR085C,YLR286C
YPL025C,YDL044C
YPR041W,YER081W
YHR171W,YMR179W
YJL050W,YNL305C
YER116C,YJL059W
YLR051C,YIL130W
YOR136W,YEL044W
YBL113C,YBL066C
YOR202W,YOR351C
YLR364W,YFR035C
YGR137W,YDL168W
YBR153W,YBR020W
YGR142W,YDL049C
YOL023W,YAL019W
YKL186C,YDR484W
YDR221W,YDL114W
YGR264C,YCL027W
YDL184C,YBR273C
YDR206W,YML091C
YLR112W,YCL021W-A
YBL037W,YOR372C
YDR504C,YGL098W
YBL083C,YDL209C
YJR152W,YMR199W
YBR191W-A,YNL329C
YKL076C,YCR093W
YKL106W,YMR300C
YBR281C,YLR008C
YDL153C,YIL057C
YBL078C,YIL107C
YDL150W,YGL136C
YLL001W,YHR024C
YOL136C,YLR120C
YER036C,YGR211W
YDR398W,YML007W
YIL077C,YPL039W
YGR038W,YHR120W
YMR153W,YLR237W
YPL266W,YFL034C-A
YPL264C,YMR194W
YPL279C,YGR068C
YER115C,YNR064C
YLR336C,YPL017C
YDR101C,YPL075W
YDR441C,YGR163W
YMR121C,YML004C
YHL014C,YMR202W
YMR312W,YGR292W
YOR214C,YHR172W
YDR410C,YEL029C
YDR498C,YGR245C
YJR096W,YNL040W
YOR335C,YIL003W
YNL087W,YPR144C
YHR015W,YOR359W
YJL177W,YFL055W
YDR502C,YGR070W
YGL037C,YGR181W
YDR359C,YPL029W
YLR073C,YER007C-A
YLR227W-B,YLR116W
YAR018C,YDR197W
YJR076C,YPL172C
YJR057W,YPL224C
YOR112W,YGR086C
YKL045W,YGR281W
YBR121C-A,YCR048W
YBR258C,YKL182W
YHR162W,YLR154W-E
YPR074C,YDR175C
YFR020W,YDR428C
YLR262C-A,YER032W
YML013W,YGR194C
YGR014W,YHR163W
YGR217W,YIL162W
YPL003W,YOR222W
YLR017W,YIL052C
YNL165W,YKL108W
YDL169C,YMR059W
YMR319C,YDR302W
YDL127W,YOL017W
YDL136W,YLR382C
YOR152C,YBR242W
YFR028C,YBL021C
YHR008C,YNL246W
YML111W,YER012W
YMR016C,YOL030W
YBL017C,YLR301W
YBR133C,YDL221W
YGR229C,YDR458C
YOR092W,YPL202C
YJL127C,YJR072C
YNR010W,YPR071W
YDR047W,YDR267C
YJR119C,YJL019W
YPL001W,YLR248W
YOR381W,YIL020C
YBR159W,YOR391C
YDR249C,YFR044C
YGR158C,YFL023W
YOR350C,YDR245W
YOR210W,YGL176C
YKL174C,YDR065W
YLR058C,YOR254C
YLR403W,YHR174W
YLR028C,YLR441C
YLR286C,YGL174W
YDL044C,YGR145W
YER081W,YDR061W
YMR179W,YGR199W
YNL305C,YBL005W
YDR148C,YDR404C
YJL059W,YBR131W
YIL130W,YIL004C
YFR052C-A,YCR095W-A
YGL108C,YMR173W
YBL066C,YKL221W
YBL051C,YHR085W
YGL023C,YOR301W
YDR042C,YDL210W
YJR068W,YOL089C
YDL168W,YOR171C
YBR020W,YIL050W
YDL049C,YOR031W
YAL019W,YBL099W
YEL037C,YLR359W
YDL114W,YOR237W
YCL027W,YNR009W
YBR273C,YGL194C
YIL062C,YLR038C
YML091C,YOR106W
YCL021W-A,YMR030W-A
YAL017W,YMR236W
YOR372C,YLR287C-A
YDL209C,YER039C
YMR199W,YNL314W
YMR300C,YLR118C
YLR008C,YIL071C
YIL057C,YDR514C
YIL107C,YDR333C
YGL136C,YMR210W
YHR024C,YKR061W
YGR211W,YOR338W
YPR089W,YDR115W
YML007W,YOR334W
YPL039W,YGR256W
YHR120W,YPR021C
YLR237W,YKR097W
YBL007C,YOL038C-A
YFL034C-A,YMR107W
YMR194W,YDR451C
YGR068C,YCL063W
YNR064C,YJL192C
YPL017C,YBR039W
YGR163W,YIR027C
YML004C,YAL042W
YMR202W,YPL267W
YGR292W,YDR188W
YOR140W,YMR243C
YHR172W,YHR180W
YEL029C,YEL023C
YDR058C,YNL057W
YGR245C,YPR141C
YKR066C,YJR061W
YNL040W,YIL104C
YIL003W,YLL035W
YGL161C,YNL282W
YPR144C,YBR243C
YOR359W,YDR520C
YFL055W,YGL137W
YGR181W,YNL212W
YPL029W,YHR005C-A
YER007C-A,YJL134W
YLR116W,YLR454W
YDR197W,YOR105W
YJR144W,YKL064W
YPL172C,YNR023W
YPL224C,YBL096C
YMR083W,YPL253C
YGR086C,YBR096W
YHR205W,YJR042W
YGR281W,YGR150C
YCR048W,YDR089W
YKL182W,YGR074W
YDL065C,YLR390W-A
YMR126C,YGL180W
YDR175C,YHR043C
YDR428C,YPR101W
YOR182C,YBR146W
YGR194C,YDR085C
YGR078C,YHR011W
YMR265C,YPL043W
YIL162W,YDL235C
YOR222W,YLR348C
YBL103C,YAL028W
YIL052C,YDR099W
YKL108W,YJL213W
YMR059W,YNL173C
YDR302W,YMR216C
YOL017W,YER039C-A
YLR382C,YLR196W
YBR242W,YMR306W
YBL021C,YBR085C-A
YOL030W,YDL059C
YLR301W,YHL035C
YKL068W-A,YHL004W
YPR139C,YBR073W
YOR343W-B,YDR449C
YDR458C,YPR064W
YJR072C,YDL088C
YPR071W,YLR331C
YDR267C,YDL052C
YJL019W,YFL058W
YLR248W,YGR295C
YIL020C,YFR031C
YOR391C,YMR144W
YFR044C,YBR084C-A
YFL023W,YDR161W
YFL032W,YER062C
YDR245W,YCR068W
YDR212W,YCR094W
YMR185W,YLR253W
YOR103C,YOR285W
YJL091C,YLL022C
YDR065W,YGL237C
YKL126W,YOR266W
YOR254C,YBR044C
YHR174W,YDR120C
YLR441C,YLR071C
YFR012W,YGR151C
YGL174W,YJL012C
YGR145W,YER126C
YDR061W,YMR246W
YGR199W,YJL098W
YBL005W,YGR020C
YLR466C-B,YHR091C
YNL018C,YDR501W
YIL108W,YKR043C
YDR404C,YDR400W
YBR131W,YBR231C
YOR058C,YDL120W
YBL104C,YER082C
YBR095C,YLR151C
YIL004C,YML121W
YBR084W,YLR310C
YCR095W-A,YDR048C
YKL221W,YGR087C
YHR085W,YGR244C
YOR301W,YGL255W
YDL210W,YNL036W
YPL044C,YHR046C
YKR052C,YKR071C
YNL308C,YOR016C
YOR171C,YAR003W
YIL050W,YFL062W
YLR043C,YMR267W
YOR031W,YPL093W
YBL099W,YJR034W
YLR359W,YNL077W
YOR237W,YPL160W
YPL217C,YGL185C
YNR009W,YKL175W
YGL194C,YGL190C
YOR106W,YOR101W
YMR030W-A,YGL005C
YJR056C,YNL125C
YMR236W,YBR043C
YLR287C-A,YDL231C
YER039C,YML101C
YDR044W,YOL094C
YDR387C,YPR007C
YIL071C,YIL067C
YOL130W,YMR108W
YER178W,YJL033W
YDR514C,YEL041W
YIR019C,YGL208W
YEL045C,YLL036C
YDR333C,YNL113W
YMR210W,YKR099W
YDR124W,YGL025C
YKR061W,YNL031C
YOR338W,YDL056W
YML116W-A,YML120C
YDR115W,YLL021W
YOR334W,YML129C
YGR256W,YIL059C
YPR021C,YBR220C
YKR097W,YPL058C
YOL038C-A,YOL154W
YMR107W,YER165W
YDR451C,YNR056C
YJL192C,YNL327W
YBR039W,YJL181W
YHR177W,YDL039C
YIR027C,YER016W
YAL042W,YPL099C
YPR036W,YLR099W-A
YOR030W,YMR058W
YHR181W,YAL018C
YPL267W,YOL078W
YOL051W,YJL156C
YMR243C,YMR166C
YAL067W-A,YNL146C-A
YNR034W-A,YDR034C-A
YNL045W,YPL050C
YNL057W,YLR327C
YPR141C,YPL277C
YJR061W,YBR116C
YIL104C,YLR142W
YLL035W,YPL257W
YNL282W,YLR104W
YLR424W,YNL222W
YBR243C,YKR051W
YDR520C,YLR291C
YGL137W,YLR412W
YMR234W,YNR067C
YMR112C,YNL074C
YHR005C-A,YBR021W
YJL134W,YML021C
YOR105W,YER038C
YDR080W,YNL044W
YNR023W,YHR007C-A
YPL253C,YER060W-A
YLR261C,YER173W
YBR096W,YOR190W
YJR042W,YML048W
YGR150C,YBR130C
YDR089W,YPR072W
YLR390W-A,YHR048W
YGL180W,YHL034C
YHR043C,YDR418W
YPR101W,YLR183C
YBR146W,YCR038C
YHR011W,YIR024C
YPL043W,YOL155C
YPR146C,YMR325W
YDL235C,YGR173W
YLR278C,YNR002C
YGL158W,YBR086C
YLR348C,YIL158W
YDL002C,YOR027W
YAL028W,YER048W-A
YDR099W,YPR150W
YJL213W,YDR462W
YNL278W,YJL162C
YNL173C,YMR175W-A
YLR313C,YLL054C
YMR216C,YDL055C
YER039C-A,YPR080W
YLR196W,YGR268C
YMR306W,YHL033C
YBR085C-A,YKR076W
YDL059C,YMR285C
YOR329C,YBR104W
YHL004W,YPL263C
YJR116W,YER096W
YBR073W,YDR311W
YDR449C,YIL128W
YDL088C,YKL088W
YBR215W,YJL046W
YDR435C,YLR228C
YNL161W,YER053C-A
YLR331C,YKL056C
YDL052C,YDR459C
YFL058W,YNL192W
YGR295C,YGL068W
YFR031C,YKL096C-B
YMR144W,YDL157C
YBR084C-A,YOR007C
YDR161W,YBR105C
YER062C,YDL013W
YPR051W,YJR052W
YLR253W,YGL200C
YOR285W,YNL194C
YJL001W,YPL012W
YGR068W-A,YBR154C
YLL022C,YKL048C
YGL237C,YJL020C
YOR266W,YPL105C
YBR044C,YLR251W
YDR120C,YHL006W-A
YLR071C,YGL008C
YGR151C,YBR253W
YJL012C,YLR212C
YER126C,YCR020C
YMR246W,YDR340W
YLR201C,YDR361C
YPL031C,YPL009C
YJL098W,YNL065W
YGR020C,YNL211C
YHR091C,YHL038C
YIR039C,YOL111C
YDR501W,YER009W
YNL088W,YDR075W
YKR043C,YFL034C-B
YNL053W,YIR011C
YDR400W,YMR297W
YBR231C,YIL139C
YDL120W,YJR021C
YER082C,YDR254W
YLR151C,YNL301C
YML121W,YGL105W
YDR048C,YBR255C-A
YGR087C,YKL188C
YGR244C,YGR090W
YGL255W,YKL062W
YNL036W,YNL315C
YHR046C,YKL216W
YKR071C,YJL158C
YOR016C,YDR162C
YGR063C,YCR059C
YPR005C,YDL183C
YAR003W,YCL039W
YMR267W,YPL151C
YPL093W,YNL042W
YJR034W,YHR207C
YNL077W,YDR171W
YPL160W,YPL157W
YKL175W,YAL034W-A
YMR262W,YOR258W
YOR101W,YGR161W-C
YNL125C,YIL015W
YBR043C,YFL018C
YDL231C,YNL328C
YML101C,YHR111W
YKL037W,YGL055W
YOL094C,YOL055C
YPR007C,YGL065C
YIL067C,YHR013C
YMR108W,YNL144C
YJL033W,YIR038C
YKL179C,YAL046C
YPL126W,YJL045W
YEL041W,YGR208W
YGL208W,YDR347W
YLL036C,YDR201W
YNL113W,YLR027C
YKR099W,YML077W
YBR171W,YHR058C
YDL005C,YPR181C
YNL031C,YBR106W
YML120C,YMR304W
YOR384W,YDL211C
YLL021W,YOL007C
YOL149W,YLR064W
YHR032W-A,YKL181W
YML129C,YGR192C
YIL059C,YGL045W
YBR220C,YDL078C
YLR317W,YOL041C
YOL154W,YDR524C
YBR227C,YLR111W
YER165W,YBR219C
YNL327W,YPR125W
YOR130C,YEL046C
YJL181W,YIR015W
YDL039C,YGR136W
YER016W,YMR242C
YPL099C,YDR204W
YMR058W,YMR145C
YOL078W,YDR300C
YEL002C,YLR229C
YJL156C,YJR151C
YCL032W,YML038C
YMR166C,YJL082W
YNL146C-A,YBR268W
YPL050C,YDR316W
YDR510W,YHR068W
YLR327C,YDR430C
YPL277C,YPR160W
YBR116C,YGR095C
YLR142W,YFL033C
YPL257W,YDL089W
YLR104W,YDR522C
YKR051W,YBR026C
YLR291C,YLR143W
YBR293W,YNL129W
YLR412W,YER106W
YFR040W,YBR083W
YNR067C,YGR169C
YNL074C,YDR341C
YBR021W,YHR138C
YML021C,YFL021W
YER038C,YBL039C-A
YNL044W,YPL144W
YHR007C-A,YML026C
YER060W-A,YEL053C
YML048W,YHL020C
YBR130C,YJR128W
YHR048W,YMR194C-B
YHL034C,YMR005W
YDR418W,YOL099C
YLR183C,YIL023C
YIR024C,YGL115W
YOL155C,YKL138C
YIL009C-A,YOL109W
YMR325W,YOR312C
YGR271W,YNL230C
YGR173W,YHL028W
YNR002C,YOR298W
YBR086C,YDR380W
YIL158W,YOL084W
YOR027W,YDR060W
YER048W-A,YLR069C
YGR278W,YPL213W
YPR150W,YNR021W
YDR462W,YBL055C
YMR273C,YBR195C
YJL162C,YPL191C
YMR175W-A,YMR013C
YLL054C,YPL148C
YDL055C,YPL088W
YPR080W,YPL240C
YOL019W,YNL004W
YLR266C,YPR060C
YHL033C,YEL018W
YKR076W,YHR069C
YJR130C,YLR323C
YMR285C,YGL172W
YBR104W,YPL053C
YPL263C,YJR070C
YER096W,YDL143W
YDR311W,YDR257C
YIL128W,YHL027W
YKL088W,YAR068W
YJL046W,YMR290C
YLR228C,YPL211W
YER053C-A,YBR074W
YKL056C,YBL071W-A
YPL037C,YAL038W
YDR459C,YMR024W
YNR004W,YDL018C
YNL192W,YIL061C
YGL068W,YHR187W
YKL096C-B,YGR155W
YDL157C,YLR136C
YOR007C,YDL060W
YJL029C,YIL069C
YBR105C,YIL085C
YDL013W,YHR075C
YJR052W,YGL195W
YGL200C,YDR062W
YNL194C,YOL119C
YDR260C,YJR105W
YPL012W,YNL289W
YBL047C,YNR036C
YKR001C,YJL096W
YBR154C,YMR111C
YPL156C,YBR136W
YKL048C,YMR090W
YJL020C,YGR119C
YPL105C,YER121W
YLR251W,YNL154C
YHL006W-A,YDL012C
YGL008C,YBL064C
YBR253W,YDL181W
YLR212C,YOR392W
YCR020C,YKL029C
YDR340W,YNL039W
YHR060W,YDL149W
YDR361C,YBR282W
YPL009C,YER170W
YNL027W,YLR007W
YNL065W,YPL269W
YNL211C,YER013W
YHL038C,YDR407C
YOL111C,YHR137W
YER009W,YGL009C
YDR075W,YGR058W
YFL034C-B,YIL008W
YIR011C,YBR192W
YMR297W,YHR101C
YIL139C,YDR279W
YJR021C,YBL009W
YNL301C,YOL048C
YPL005W,YDR427W
YGL105W,YDR246W
YBR255C-A,YLR187W
YDL224C,YDL024C
YKL188C,YER182W
YGR090W,YMR137C
YER044C,YMR228W
YNL315C,YJR069C
YKL216W,YIL066C
YJL158C,YNL061W
YDR162C,YDR309C
YCR024C-B,YER095W
YCR059C,YCR054C
YDL183C,YDR499W
YKR046C,YJL063C
YER140W,YKR004C
YCL039W,YMR206W
YPL069C,YMR154C
YPL151C,YBR101C
YNL042W,ERCC-00138
YHR207C,YOL004W
YDR171W,YGL029W
YPL157W,YDR437W
YDR479C,YGR017W
YAL034W-A,YIL124W
YNR057C,YOR343C
YGR161W-C,YGR234W
YIL015W,YCR004C
YHR127W,YKL028W
YFL018C,YJL108C
YCL049C,YHR039C-A
YLR072W,YNL067W
YHR111W,YEL020C
YGL055W,YEL016C
YBR288C,YLR020C
YOL055C,YIL156W-B
YGL065C,YER087W
YHR013C,YOL087C
YOR307C,YNL304W
YNL144C,YHR056C
YIR038C,YNL092W
YAL046C,YJR110W
YPL193W,YBR025C
YJL045W,YGL243W
YGR208W,YNL208W
YDR347W,YER055C
YLR027C,YHR065C
YOR275C,YJR123W
YML077W,ERCC-00150
YGL245W,YDR405W
YHR058C,YNL128W
YBR106W,YMR139W
YMR304W,YJL128C
YDL211C,YDL217C
YPL078C,YJR002W
YDR273W,YPL106C
YOL007C,YFR042W
YDR399W,YLR256W
YLR064W,YPR191W
YKL181W,YMR241W
YGR192C,YBR260C
YGL045W,YNR037C
YDL078C,YBR018C
YOL041C,YLR440C
YMR226C,YCR043C
YHR200W,YBR054W
YDR524C,YNL062C
YBR219C,YNL164C
YPR125W,YML106W
YEL046C,YMR003W
YIR015W,YMR298W
YGR136W,YDR497C
YMR242C,YLR367W
YDR204W,YOR129C
YPL161C,YJR147W
YMR145C,YDR041W
YIR017W-A,YMR272C
YLL031C,YKL143W
YDR300C,YDL081C
YLR229C,YIL019W
YML038C,YDR390C
YIL006W,YDL201W
YGR075C,YNL200C
YBR268W,YER073W
YDR316W,YGR144W
YNL145W,YEL006W
YHR068W,YJR007W
YGR042W,YNL238W
YDR430C,YOR269W
YPR160W,YLL060C
YER007W,YDR500C
YGR095C,YPL163C
YEL062W,YMR258C
YBR026C,YML069W
YLR143W,YML125C
YLR126C,YOL057W
YGL086W,YKL145W
YNL129W,YFR030W
YER106W,YIL150C
YBR083W,YGR146C
YJR012C,YDL126C
YGR169C,YDL006W
YMR074C,YGR287C
YDR341C,YOR227W
YMR269W,YDL233W
YHR138C,YCL057C-A
YFL021W,YOR217W
YBL039C-A,YGR061C
YPL144W,YBR049C
YML026C,YML124C
YEL053C,YDL178W
YHL020C,YLR431C
YGR106C,YMR096W
YMR194C-B,YNL240C
YLR452C,YGR168C
YMR005W,YJL048C
YLR363C,Q0105
YGL115W,YEL031W
YKL138C,YDL147W
YOL109W,YJL129C
YOR312C,YKL191W
YLR179C,YIL099W
YNL230C,YDR144C
YCR015C,YIL094C
YLR361C,YMR032W
YGL226C-A,YAL049C
YDL177C,YPL112C
YOL084W,YMR078C
YDR060W,YKL128C
YLR069C,YMR010W
YDL096C,YCR023C
YPL213W,YHL009C
YLL041C,YDL086W
YPL203W,YOR201C
YBL026W,YPR109W
YBR076C-A,YDR001C
YNR021W,YPL137C
YBL055C,YML082W
YBR195C,YNL269W
YMR013C,YOR286W
YPL148C,YOR315W
YFL038C,YNL010W
YIL037C,YIL087C
YGL145W,YKR100C
YPL088W,YNL079C
YPL240C,YHR061C
YNL004W,YHR104W
YPR060C,YLL008W
YEL043W,YPL111W
YEL018W,YPR123C
YHR069C,YBR158W
YLR323C,YER043C
YGL172W,YMR054W
YPL053C,YPR015C
YJR070C,YER026C
YDL143W,YDR264C
YDR257C,YMR231W
YHL027W,YDL139C
YMR290C,YPR100W
YPL211W,YOL028C
YBR074W,YKL149C
YBL071W-A,YNR033W
YAL038W,YBL093C
YMR024W,YPR122W
YOL047C,YER124C
YDL018C,YGR253C
YLR147C,YOL158C
YIL061C,YDR055W
YML012W,YMR190C
YHR187W,YDL110C
YGR155W,YNL187W
YLR136C,YOR049C
YKR015C,YIL044C
YDL060W,YJR032W
YLR320W,YDR419W
YIL069C,YEL028W
YIL085C,YGR089W
YHR075C,YEL067C
YGL195W,YDR266C
YDR062W,YPR036W-A
YOL119C,YPL208W
YJR105W,YML051W
YNL289W,YOR319W
YER161C,YCL014W
YNR036C,YGL117W
YMR247C,YDL051W
YJL096W,YHR081W
YMR111C,YOR061W
YKL059C,YDR038C
YMR090W,YPL256C
YGR119C,YNL024C
YGR235C,YJL217W
YER121W,YGL093W
YGR209C,YLR397C
YNL154C,YDR523C
YBL064C,YHL017W
YDL181W,YKL098W
YMR133W,YCR008W
YKL029C,YOR204W
YPR106W,YOR298C-A
YNL039W,YOL059W
YBR282W,YGR110W
YER170W,YHL036W
YGR187C,YOR165W
YLR007W,YCR014C
YPL269W,YHR020W
YER013W,YMR235C
YDR407C,YGL099W
YER060W,YJL148W
YHR137W,YNL185C
YIR041W,YFR036W
YGL009C,YML086C
YGR058W,YDR016C
YIL008W,YGR062C
YBR192W,YIL113W
YHR101C,YJL142C
YDR279W,YDR414C
YBL009W,YCR072C
YER029C,YDR342C
YLR243W,YBR118W
YOL048C,YER113C
YJL025W,YDR471W
YDR427W,YCR086W
YDR246W,YOR380W
YLR187W,YFL044C
YER182W,YIL009W
YNL163C,YBR245C
YMR228W,YDR318W
YOL148C,YNL046W
YJR069C,YOR355W
YIL066C,YDR076W
YNL061W,YPL265W
YDR309C,YFR055W
YER095W,YDL128W
YCR054C,YDR214W
YJL138C,YPR061C
YJL063C,YGR267C
YKR004C,YOL090W
YMR206W,YIL020C-A
YER092W,YML050W
YLR410W,YDR034W-B
YMR154C,YNL078W
YBR101C,YMR158W
YIL042C,YKR018C
YHR112C,YOR262W
YGL029W,YDR470C
YDR437W,YFL004W
YHL022C,YHR016C
YGR017W,YDL045W-A
YGL175C,YNL290W
YIL124W,YMR132C
YLR305C,YDR358W
YOR343C,YBR010W
YGR234W,YGL085W
YCR004C,YLL059C
YKL028W,YDR073W
YPR173C,YOR180C
YAL011W,YPL170W
YPR137W,YGL139W
YJL108C,YLR287C
YHR039C-A,YGL140C
YNL067W,YGR180C
YEL020C,YPL018W
YEL016C,YDR079W
YLR020C,YPL229W
YIL156W-B,YER118C
YER087W,YBL067C
YKL033W,YNL162W
YPL152W,YOR093C
YLR049C,YLL055W
YBR025C,YLR343W
YGL243W,YMR064W
YNL208W,YGR193C
YER055C,YOL029C
YHR065C,YMR260C
YJR123W,YKL101W
YDR405W,YJR015W
YNL128W,YDL170W
YGL163C,YGR036C
YMR139W,YPL153C
YJL128C,YKL086W
YDL217C,YBR283C
YJR002W,YGL226W
YOL085C,YDR450W
YPL094C,YLR393W
YJL157C,YNL330C
YAL037C-A,YDR513W
YER120W,YJR030C
YGL207W,YGR170W
YDR516C,YPR069C
YPL106C,YBR061C
YFR042W,YNL064C
YPR191W,YHR010W
YMR241W,YAL036C
YOR147W,YGR126W
YJL189W,YKR023W
YLR396C,YKL082C
YNR037C,YGL010W
YPL243W,YHR195W
YDL109C,YGL003C
YBR018C,YIL131C
YLR440C,YKL044W
YDL248W,YPR111W
YCR043C,YMR002W
YBR054W,YBL106C
YNL062C,YIL127C
YNL164C,YIR042C
YML106W,YOR118W
YMR003W,YMR281W
YHR012W,YPR055W
YKL094W,YBR019C
YOR066W,YOR239W
YDR497C,YBR160W
YLR367W,YGR232W
YJR147W,YMR006C
YDR409W,YHR064C
YDR041W,YMR174C
YMR272C,YKR002W
YJL039C,YOR151C
YKL143W,YOL053W
YDR307W,YOL123W
YDL081C,YLR121C
YIL019W,YCR012W
YDL201W,YKR044W
YMR028W,YNL220W
YNL200C,YJL186W
YKR041W,YER050C
YER073W,YGR059W
YGR144W,YLR067C
YEL006W,YKL080W
YJR007W,YBL075C
YBR053C,YGL246C
YNL238W,YER035W
YCR073W-A,YML093W
YHR211W,YMR299C
YOR269W,YGL143C
YLL060C,YNL239W
YDR500C,YLL018C-A
YPL163C,YDL117W
YMR258C,YMR030W
YML069W,YOL056W
YML125C,YML053C
YKL145W,YCR045W-A
YFR030W,YIL022W
YIL150C,YMR073C
YGR146C,YDL010W
YDL126C,YNL141W
YMR025W,YDR106W
YGR287C,YHR078W
YOR227W,YIL026C
YCL057C-A,YDR067C
YOR362C,YCR003W
YMR276W,YGL122C
YOR217W,YMR128W
YGR061C,YLR268W
YBR049C,YEL055C
YML124C,YDL069C
YPL246C,YIR020W-A
YDL178W,YMR169C
YLR152C,YIL068C
YLR431C,YLR125W
YMR096W,YLR387C
YNL240C,YPR183W
YGR168C,YGR012W
YGR027C,YKL092C
YGL250W,YNL095C
YJL048C,YBR007C
YEL031W,YAL015C
YJL129C,YGL253W
YKL191W,YPL124W
YDR320C-A,YDR233C
YIL099W,YOL076W
YBR102C,YOR196C
YDR144C,YEL040W
YIL094C,YNL250W
YIL002W-A,YMR252C
YMR032W,YER074W
YAL049C,YGR206W
YPL112C,YLR312W-A
YMR078C,YJL106W
YJL085W,YKL189W
YKL209C,YCL033C
YKL128C,YGR006W
YMR010W,YOL131W
YBR193C,YKL163W
YCR023C,YNL306W
YHL009C,YPR149W
YDL086W,YLR040C
YOR201C,YPL187W
YPR109W,YHR030C
YIL038C,YCR031C
YDR001C,YGR124W
YPL137C,YIL123W
YML082W,YJL178C
YPL233W,YOR163W
YOR286W,YLR352W
YOR315W,YPR112C
YNL010W,YNR038W
YIL087C,YDL192W
YKR100C,YPR157W
YLR388W,YIL109C
YHR061C,YBR299W
YHR104W,YNL182C
YLL008W,YML042W
YBR158W,YPR163C
YGL146C,YLR009W
YBR182C,YGR152C
YER043C,YDL124W
YDL016C,YIL138C
YMR054W,YDR268W
YPR015C,YER091C
YDR264C,YOL064C
YOL036W,YHR132W-A
YMR231W,YOL110W
YDL139C,YMR129W
YPR100W,YLR153C
YOL028C,ERCC-00060
YKL149C,YOL128C
YNR033W,YJL016W
YBL093C,YLR074C
YPR122W,YOR085W
YER124C,YJL190C
YDR055W,YPL204W
YDL110C,YER072W
YNL187W,YOR188W
YNL274C,YJL164C
YGR051C,YER100W
YMR027W,YMR110C
YIL044C,YFL048C
YJR032W,YBR247C
YJL211C,YMR323W
YDR419W,YKL018W
YBR011C,YLR024C
YBR110W,YKR026C
YGR089W,YLR122C
YOR009W,YLR347C
YDR266C,YDR159W
YPR036W-A,YPR031W
YDR512C,YGL187C
YPL208W,YOR040W
YLR450W,YJR095W
YML051W,YDR485C
YOR319W,YNL029C
YDL051W,YOL020W
YLL040C,YJL013C
YKR070W,YLL057C
YHR081W,YBL057C
YJL072C,YER064C
YDR090C,YBL087C
YOR061W,YGL130W
YPL256C,YBR295W
YGL093W,YKR086W
YLR397C,YPL181W
YDR523C,YMR159C
YHL017W,YOR211C
YKL098W,YDR541C
YCR008W,YPL245W
YOR204W,YGR118W
YOR298C-A,YJR044C
YOL059W,YMR088C
YHL036W,YIL083C
YOR165W,YHR133C
YJR088C,YBR076W
YCR014C,YDL064W
YLR378C,YGR024C
YHR020W,YDR127W
YMR235C,YIL147C
YGL099W,YMR097C
YJR039W,YNL059C
YHR069C-A,YLR033W
YJL148W,YMR253C
YNL185C,YHL040C
YFR036W,YLR023C
YMR067C,YBL098W
YML086C,ERCC-00078
YDR016C,YGR148C
YMR167W,YJL196C
YGR062C,YHR105W
YOR122C,YDL074C
YIL113W,YOR346W
YJL142C,YPR010C
YDR414C,YGR257C
YCR072C,YOR279C
YKR093W,YLR306W
YDR342C,YJL112W
YGR189C,YBR036C
YPL045W,YLR398C
YER113C,YEL022W
YDR471W,YLR309C
YFL044C,YPL092W
YHR039C,YLR446W
YIL009W,YPL227C
YBR245C,YGR273C
YNL046W,YBL081W
YOR355W,YFR046C
YDR076W,YGL027C
YFR055W,YMR286W
YDL128W,YDL036C
YDR214W,YBR213W
YPR061C,YLR107W
YGR267C,YNR045W
YOL090W,YER166W
YGR185C,YER063W
YIL020C-A,YHR045W
YML050W,YNL090W
YNL078W,YOR330C
YMR158W,YPL072W
YKR018C,YKR091W
YOR262W,YPL252C
YDR470C,YNL049C
YFL004W,YDL073W
YHR016C,YNL108C
YDL045W-A,YEL042W
YNL290W,YLR219W
YMR132C,YBR082C
YDR358W,YGL173C
YBR010W,YNL138W
YGL085W,YLR355C
YML008C,YHL032C
YLR206W,YJR085C
YLL059C,YPL196W
YIL119C,YBR161W
YDR073W,YOR234C
YOR180C,YIL169C
YPL170W,YDR465C
YLR287C,YLR296W
YBR248C,YCL030C
YGL140C,YBR114W
YGR180C,YLR284C
YPL018W,YOR017W
YDR183W,YDR371W
YDR079W,YIL095W
YPL229W,YBR162W-A
YER118C,YJR080C
YBL067C,YIL055C
YNL162W,YLR081W
YKL144C,YEL053W-A
YLL055W,YFL036W
YLR343W,YKL113C
YMR064W,YDL112W
YML041C,YPR164W
YOL029C,YER158C
YMR260C,YNL189W
YKL101W,YER049W
YJR015W,YKL109W
YNL024C-A,YBR280C
YDR185C,YJL171C
YDL170W,YHR040W
YEL073C,YLR096W
YML072C,YMR320W
YPL153C,YMR270C
YKL086W,YEL060C
YBR283C,YDL240W
YGL226W,YDL226C
YDR450W,YDR394W
YLR393W,YDR324C
YNL330C,YLR344W
YDR513W,YAL022C
YJR030C,YMR079W
YPR069C,YHR071W
YBR061C,YKR081C
YNL064C,YLR401C
YPL002C,YMR200W
YER102W,YER155C
YHR010W,YJL035C
YKL074C,YAL030W
YAL036C,YLR131C
YKR023W,YLR285C-A
YKL082C,YAR014C
YGL010W,YER156C
YMR002W,YDR210W
YOR296W,YDL130W-A
YBL106C,YDR147W
YOR035C,YPL127C
YIL127C,YMR157C
YIR042C,YPL051W
YBL068W,YGL182C
YMR281W,YAL061W
YOR239W,YBR275C
YBR001C,YGR215W
YER139C,YKL161C
YBR160W,YNL037C
YGR232W,YNL118C
YMR006C,YDR489W
YHR064C,YNR050C
YMR174C,YGL179C
YOR151C,YJL109C
YOL053W,YML096W
YPR025C,YGR188C
YKR088C,YMR089C
YOL123W,YOR264W
YLR121C,YOL045W
YDR081C,YIL070C
YCR012W,YPL207W
YKR044W,YBR079C
YNL220W,YCR091W
YJL186W,YLR357W
YPR070W,YGL203C
YJR084W,YIL117C
YER050C,YMR307W
YLR019W,YOL152W
YMR087W,YBR003W
YDR068W,YGL148W
YLR067C,YJR035W
YKL080W,YKL023C-A
YBL075C,YNR032W
YGL246C,YOR245C
YER035W,YDL241W
YHR108W,YLR004C
YML093W,YNL299W
YGL143C,YJL057C
YNL239W,YOL144W
YLL018C-A,YGL111W
YNR073C,YBR181C
YJL095W,YCL038C
YDL117W,YPR158W
YGR271C-A,YGL039W
YMR030W,YDL207W
YOL056W,YLR394W
YIL022W,YOL069W
YDR224C,YML099C
YER171W,YNL231C
YDL010W,YGL220W
YNL141W,YER093C-A
YDR106W,YLR042C
YHR078W,YOR187W
YIL026C,YEL036C
YDR067C,YJL125C
YOR098C,YNL160W
YGR009C,YGR013W
YCR003W,YJL054W
YML017W,YDR330W
YGL122C,YMR214W
YMR128W,YBR211C
YEL055C,YMR042W
YDL069C,YNR008W
YMR065W,YJR019C
YMR169C,YKL208W
YPR183W,YDL084W
YGR012W,YGL077C
YKL092C,YAR019C
YNL095C,YLR182W
YBR007C,YNL121C
YAL015C,YJR137C
YGL253W,YMR308C
YPL124W,YDL182W
YDR233C,YMR309C
YOL076W,YMR170C
YOR196C,YDL208W
YEL040W,YOR099W
YNL250W,YDR531W
YER074W,YBR028C
YLR312W-A,YNL225C
YJL106W,YLR055C
YKL189W,YIR023W
YER152C,YDR377W
YCL033C,YPL007C
YLR088W,YDR248C
YKL163W,YOR008W-B
YCR079W,YDR415C
YNL306W,YPR032W
YPR149W,YFL059W
YLR040C,YDR298C
YBR034C,YOR114W
YPL187W,YDR406W
YHR030C,YNR054C
YDR384C,YCR071C
YMR052W,YDL138W
YCR031C,YHR154W
YGR124W,YNR075W
YIL123W,YHR038W
YJL178C,YNL008C
YOR051C,YOR309C
YLR352W,YMR191W
YOL105C,YKR050W
YHR214C-B,YDR219C
YKL018C-A,YGL252C
YPR112C,YKL114C
YNR038W,YIL141W
YDL192W,YPL103C
YGL257C,YJR155W
YFL066C,YLR167W
YER099C,YMR230W
YBR299W,YPR079W
YNL182C,YJR148W
YML042W,YMR275C
YPR163C,YPL128C
YLR009W,YJR075W
YGR152C,YGR147C
YDL124W,YPL132W
YDR268W,YLR409C
YER091C,YDR121W
YOL064C,YGR182C
YHR132W-A,YNL190W
YOL110W,YDL204W
YMR129W,YKL050C
YOL128C,YOL081W
YJL016W,YDR098C
YLR074C,YMR048W
YOR085W,YOL011W
YJL190C,YOR177C
YPL204W,YGR205W
YOR284W,YLR188W
YOR159C,YFL021C-A
YER072W,YBL090W
YDL004W,YPL139C
YOR188W,YBR203W
YJL164C,YBR121C
YNL130C,YGR109C
YER100W,YAL002W
YMR110C,YKL215C
YFL048C,YIL120W
YBR247C,YKR094C
YMR323W,YMR256C
YKL018W,YDR070C
YKR026C,YGL133W
YNL091W,YPR156C
YLL024C,YER067W
YDL159W,YGL067W
YLR347C,YNL119W
YDR159W,YNR035C
YPR031W,YOR232W
YOR040W,YDR461W
YJR095W,YOR317W
YDR485C,YGR162W
YNL029C,YPL249C-A
YOL020W,YKL010C
YNL136W,YJL076W
YLL057C,YML025C
YBL057C,YDL111C
YER064C,YIR030C
YBL087C,YPR018W
YGL130W,YNL316C
YBR295W,YGR161C
YMR035W,YKL168C
YKR086W,YJL123C
YPL181W,YJR078W
YMR159C,YDR213W
YOR211C,YNL071W
YGL084C,YJL137C
YKL183W,YBL086C
YDR541C,YGL006W
YPL245W,YFR026C
YGR118W,YHR119W
YDR369C,YML087C
YOL049W,YMR066W
YJR044C,YLR090W
YMR088C,YPR196W
YDR436W,YLR052W
YDR381C-A,YMR225C
YHR133C,YOR230W
YIL058W,YBR169C
YBR076W,YBR126W-B
YDL064W,YNL322C
YGR024C,YNR043W
YDR127W,YLR083C
YIL147C,YGR082W
YML097C,YER004W
YMR097C,YMR251W-A
YNL059C,YNL209W
YLR033W,YDR037W
YGL249W,YHR153C
YHL040C,YPR016C
YLR023C,YLR060W
YJR009C,YNL178W
YGR148C,YHR206W
YJL196C,YPL090C
YHR105W,YLR132C
YCR053W,YNL025C
YLR085C,YDR483W
YDL074C,YPL067C
YLR137W,YDL214C
YOR346W,YLR326W
YPR010C,YBL082C
YGR257C,YGL092W
YOR279C,YGL159W
YJL112W,YDL017W
YBR036C,YDR527W
YLR398C,YOR131C
YEL022W,YBR015C
YLR309C,YLR303W
YPL092W,YIL151C
YDR282C,YLR016C
YLR446W,YLR127C
YPL227C,YOL116W
YGR273C,YPL155C
YBL081W,YKR012C
YFR046C,YNL186W
YHR194W,YPR110C
YJR142W,YDR210C-C
YGL027C,YCR034W
YMR286W,YLR414C
YDL036C,YIL035C
YBR213W,YBL032W
YHR037W,YDL108W
YOL159C-A,YBL022C
YLR107W,YMR240C
YNR045W,YIL089W
YMR072W,YPR052C
YER166W,YPL115C
YAL026C-A,YBL063W
YDR152W,YMR049C
YCR082W,YMR045C
YHR045W,YIL046W
YNL090W,YMR292W
YPL072W,YNL126W
YPL252C,YNR017W
YGL057C,YOR246C
YNL049C,YNL050C
YDL073W,YOR115C
YNL108C,YCR100C
YEL042W,YNL096C
YKL085W,YLL034C
YLR219W,YHR019C
YGL173C,YLR075W
YNL138W,YDL220C
YLR355C,YKL033W-A
YLR039C,YNL123W
YHL032C,YNL162W-A
YPL038W,YMR122W-A
YJR085C,YGR260W
YPL196W,YFR031C-A
YBR161W,YDR012W
YCR032W,YOR113W
YGR218W,YCL005W
YOR234C,YJR146W
YIL169C,YLR390W
YDR465C,YBR233W-A
YLR296W,YPL239W
YCL030C,YJR055W
YBR114W,YBR179C
YLR284C,YLR226W
YOR017W,YBR230W-A
YLR036C,YIL074C
YDR371W,YGR031W
YIL095W,YOR322C
YBR162W-A,YDL145C
YER105C,YOR033C
YJR080C,YPR088C
YIL055C,YJR013W
YLR081W,YKL046C
YEL053W-A,YER107C
YFL036W,YKL024C
YGR290W,YPR054W
YKL113C,YMR075W
YDL112W,YMR012W
YER158C,YLR377C
YNL189W,YBR262C
YJL079C,YDR088C
YER049W,YDR118W
YKL109W,YIR034C
YDR179W-A,YEL030W
YBR280C,YMR291W
YJL171C,YML011C
YBR259W,YPL048W
YHR040W,YGL120C
YKR102W,YCL048W
YLR096W,YAR008W
YMR270C,YGL116W
YEL060C,YMR001C
YJR023C,YGL227W
YDL226C,YLR406C
YDR394W,YDR506C
YDR324C,YDR299W
YER128W,YBR298C
YGL198W,YAL003W
YLR344W,YBR187W
YBR223C,YKL159C
YAL022C,YNL260C
YMR079W,YJL210W
YHR071W,YBL015W
YKR081C,YAL054C
YLR280C,YMR119W
YLR401C,YDL020C
YMR200W,YDR174W
YMR264W,YBR055C
YIL027C,YIL018W
YER155C,YJL105W
YJL035C,YGR040W
YAL030W,YJR103W
YLR131C,YOR013W
YAR014C,YML036W
YER156C,YLR293C
YBR238C,YHR031C
YER066W,YGR279C
YDR210W,YGL123W
YDL130W-A,YMR062C
YLR233C,YPL176C
YDR147W,YLR119W
YPL127C,YIL064W
YPL077C,YDR165W
YMR157C,YNL142W
YPL051W,YMR222C
YAL061W,YHR144C
YBR275C,YPL198W
YOR175C,YLR242C
YGR215W,YCR087C-A
YNL037C,YNR060W
YDR489W,YLR333C
YNR050C,YDL101C
YGL179C,YDR322W
YJL109C,YDL102W
YML096W,YGR076C
YGR188C,YMR075C-A
YMR089C,YCR020C-A
YOR264W,YDL141W
YOL045W,YDR328C
YIL070C,YGR021W
YPL207W,YPL237W
YBR079C,YPL083C
YCR091W,YBL059C-A
YLR357W,YHR021C
YGL203C,YOL140W
YIL117C,YGL107C
YHR077C,YGR128C
YMR307W,YNR020C
YOL152W,YPR017C
YJR131W,YDL132W
YJL003W,YNR039C
YDR196C,YCR010C
YNL082W,YDR283C
YPR095C,YOR354C
YLL048C,YNL309W
YBR003W,YMR143W
YDR310C,YGR183C
YGL148W,YGR179C
YKL023C-A,YGR175C
YNR032W,YKR072C
YDL241W,YKL211C
YLR004C,YLR274W
YNL299W,YGL043W
YJL057C,YPR189W
YOL144W,YDL103C
YGL111W,YNL196C
YBR181C,YHL003C
YCL038C,YGL135W
YPR158W,YNR048W
YOR313C,YLL023C
YDL207W,YDL134C
YLR394W,YGR204W
YML099C,YLR202C
YNL231C,YEL020W-A
YCR006C,YEL038W
YJL159W,YLR022C
YER093C-A,YJR016C
YLR042C,YDR222W
YOR187W,YPR162C
YEL036C,YEL054C
YJL125C,YKL165C
YNL107W,YPR129W
YNL160W,YDL091C
YGR013W,YJL154C
YJL054W,YKL164C
YDR330W,YDR074W
YMR214W,YBR240C
YBR211C,YOL042W
YBR058C,YDR494W
YMR042W,YGL142C
YNR008W,YKL151C
YJR019C,YOR144C
YKL208W,YOR046C
YDL084W,YLL062C
YGL077C,YBL056W
YLR182W,YDL175C
YNL121C,YML131W
YJR137C,YNL313C
YMR308C,YHL024W
YDL182W,YJL185C
YMR309C,YOR063W
YLR231C,YDR524C-B
YMR170C,YPL076W
YDL208W,YMR294W
YOR099W,YIL017C
YAL043C,YER044C-A
YDR531W,YPR065W
YBR028C,YLR288C
YNL225C,YJL093C
YLR055C,YNR069C
YIR023W,YCR057C
YHR115C,YBR287W
YPL007C,YDR356W
YDR248C,YER077C
YNL111C,YDL033C
YOR008W-B,YGR239C
YDR415C,YOR006C
YPR032W,YNL283C
YFL059W,YGR153W
YJL173C,YOL032W
YDR298C,YLR194C
YOR114W,YER168C
YNR054C,YFR032C-A
YCR071C,YJL151C
YDL138W,YMR181C
YHR199C,YOL010W
YHR154W,YDL042C
YNR075W,YNL109W
YGR240C-A,YNL148C
YHR038W,YMR318C
YOR360C,YGL078C
YNL008C,YNL099C
YOR309C,YKL201C
YKL065C,YPR083W
YMR191W,YDR117C
YHR027C,YLR185W
YJL194W,YGL216W
YKR050W,YNL100W
Q0140,YPL184C
YDR219C,YDR492W
YCR090C,YER006W
YMR168C,YOL114C
YGL252C,YNL288W
YKL114C,YGR096W
YIL141W,YER132C
YDR077W,YHR202W
YPL103C,YJR041C
YJR155W,YPR140W
YJR051W,YPR029C
YLR167W,YNL318C
YMR230W,YDR276C
YPR079W,YHR165C
YJR148W,YLL014W
YMR275C,YOR272W
YJR102C,YLL056C
YER117W,YOL040C
YPL128C,YGR143W
YJR075W,YOR203W
YGR147C,YBL013W
YPL132W,YER038W-A
YLR409C,YOR302W
YDR121W,YGR221C
YGR182C,YLL018C
YNL190W,YDR275W
YDL204W,YDR295C
YKL050C,YHR140W
YOL081W,YKL127W
YDR098C,YOR241W
YMR048W,YDR382W
YOR177C,YNL102W
YGR205W,YML014W
YLR188W,YDR237W
YOL034W,YKR009C
YJR066W,YJR129C
YHR159W,YPR024W
YBL090W,YOR289W
YBR203W,YLR259C
YBR121C,YOR229W
YGR109C,YKR049C
YKL215C,YKL073W
YGR255C,YDR496C
YKL165C-A,YPL042C
YKR094C,YJL133W
YDR070C,YCL040W
YEL064C,YJR004C
YGL133W,YBR186W
YPR156C,YKL137W
YER067W,YFR041C
YGL067W,YLR133W
YNL119W,YPR192W
YNR035C,YMR189W
YOR232W,YDL105W
YDR461W,YDR111C
YOR317W,YCL029C
YGR162W,YDL230W
YPL249C-A,YFR025C
YDL066W,YNL264C
YGL070C,YBL038W
YJL076W,YHR148W
YML025C,YPL166W
YDL111C,YIL165C
YIR030C,YAR050W
YPR018W,YPL026C
YNL316C,YJR006W
YGR161C,YLR044C
YMR068W,YJL115W
YIL011W,YJR154W
YDR476C,YNL333W
YPL272C,YJL161W
YJL123C,YIR021W
YJR078W,YJR046W
YDR213W,YBL088C
YNL071W,YJR122W
YJL137C,YOR390W
YBL086C,YML105C
YMR007W,YEL049W
YFR026C,YMR056C
YHR119W,YGL171W
YML087C,YOR373W
YMR066W,YOL096C
YLR090W,YGR198W
YPR196W,YNR022C
YLR052W,YPL167C
YMR225C,YDR034C
YOR230W,YPL186C
YBR062C,YLR294C
YBR169C,YBR012C
YFR019W,YKR084C
YBR126W-B,YGR174W-A
YPL206C,YBR002C
YJL170C,YBR246W
YNR043W,YDR119W-A
YLR083C,YHR121W
YGR082W,YEL017W
YER004W,YKL180W
YNL232W,YDR280W
YMR251W-A,YBR191W
YNL209W,YCL036W
YDR037W,YCR019W
YHR153C,YIL072W
YPR016C,YBL069W
YOR316C,YOR361C
YLR060W,YGR050C
YNL178W,YML031W
YHR206W,YNR014W
YPL090C,YBL035C
YLR132C,YHR087W
YDR483W,YBR166C
YPL067C,YDR151C
YCR026C,YDR433W
YDL214C,YEL050C
YLR326W,YKL136W
YMR080C,YGL036W
YBL082C,YIL093C
YGL092W,YDL087C
YGL159W,YBR143C
YDL017W,YNL195C
YDR527W,YOR326W
YDR391C,YNR068C
YOR131C,YLR426W
YDR345C,YOR276W
YBR015C,YGR261C
YLR303W,YCL058C
YIL151C,YGR049W
YLR016C,YLR335W
YNL186W,YHR156C
YFR024C-A,YIR012W
YPR110C,YDR129C
YCR034W,YLL026W
YLR414C,YLR056W
YDR392W,YER083C
YIL035C,YMR283C
YBL032W,YGR099W
YDR416W,YLR110C
YDL108W,YNL094W
YBL022C,YHR022C
YMR240C,YNL281W
YPR052C,YHR001W-A
YGL071W,YDL098C
YPL115C,YBR057C
YBL063W,YOR153W
YMR049C,YPL032C
YIL046W,YLR034C
YMR292W,YGR157W
YDR243C,YCL047C
YNL126W,YBL027W
YNR017W,YMR018W
YOR383C,YNL213C
YLR095C,YGR238C
YNL050C,YGR125W
YOR115C,YNR058W
YNL096C,YIL051C
YLL034C,YOR305W
YHR019C,YDR183C-A
YLR075W,YLR059C
YDL220C,YPL129W
YNL123W,YER079W
YNL162W-A,YKR063C
YMR122W-A,YLL009C
YGR260W,YGL064C
YFR031C-A,YDR461C-A
YDR012W,YOR095C
YOR113W,YMR116C
YCL005W,YKL091C
YIR003W,YCL054W
YLR390W,YDR110W
YKL022C,YMR020W
YPL239W,YJL193W
YJR055W,YAL063C-A
YBR179C,YDR123C
YLR226W,YDL225W
YFR048W,YBR149W
YBR230W-A,YNR003C
YIL074C,YOR150W
YGR031W,YGR030C
YOR322C,YNL112W
YDL145C,YNL261W
YOR033C,YDR389W
YKR077W,YDR226W
YPR088C,YML003W
YPR063C,YJL080C
YJR013W,YIL144W
YKL046C,YJR022W
YER107C,YPR034W
YKL024C,YIL148W
YMR075W,YBR164C
YMR012W,YMR060C
YBR262C,YIL076W
YDR088C,YIR014W
YIR034C,YBR109W-A
YEL030W,YOR178C
YKL008C,YPL068C
YMR291W,YGR275W
YML011C,YLR457C
YPL048W,YBR030W
YIL159W,YGR004W
YGL120C,YFL008W
YCL048W,YER188W
YAR008W,YMR301C
YER179W,YNL179C
YGL116W,YOL103W
YMR001C,YLR386W
YLR406C,YFR045W
YDR506C,YBR037C
YER135C,YPR145W
YDR299W,YKR079C
YBR298C,YOR303W
YAL003W,YLL004W
YPL049C,YNL152W
YBR187W,YPL033C
YKL159C,YJR140C
YNL260C,YJL111W
YJL210W,YNL244C
YBL015W,YNL135C
YAL054C,YHL015W
YDL020C,YGR236C
YDR174W,YIL154C
YBR055C,YJL084C
YIL018W,YDL085W
YJL105W,YML115C
YGR040W,YOR018W
YJR103W,YDL191W
YOR013W,YPR145C-A
YGL210W,YLR433C
YML036W,YCR018C
YJL205C,YJL002C
YLR293C,YFR037C
YJR118C,YLR353W
YLR177W,YHL016C
YGR279C,YPL086C
YGL123W,YOR209C
YOL115W,YBR027C
YPL176C,YIR025W
YLL051C,YDR036C
YIL064W,YJR106W
YDR165W,YMR223W
YNL142W,YKL120W
YHR144C,YDL040C
YPL198W,YMR142C
YNL311C,YKL089W
YML029W,YLR239C
YCR087C-A,YHR050W
YLR337C,YLR102C
YAL033W,YJL071W
YNR060W,YJR010W
YLR333C,YCR021C
YGL087C,YHR063C
YML037C,YBR038W
YDL101C,YHR009C
YDR195W,YGR172C
YDR322W,YOR039W
YDL102W,YPR053C
YGR276C,YMR101C
YBR126C,YPL087W
YJL081C,YDR135C
YLR363W-A,YNL001W
YGR076C,YKL015W
YMR075C-A,YGR094W
YCR020C-A,YOL146W
YDL141W,YDL218W
YML010W,YNL032W
YDR463W,YNL098C
YPL168W,YHR184W
YDR328C,YLR332W
YGR021W,YGR081C
YPL237W,YHR168W
YKR056W,YHR062C
YMR224C,YGR248W
YPL083C,YMR138W
YBL059C-A,YOL058W
YMR172W,YJL110C
YHR021C,YHR208W
YOL140W,YAR042W
YGL107C,YKR013W
YGR128C,YJL074C
YNR020C,YIR009W
YOR206W,YJL198W
YPR017C,YPL013C
YDL132W,YER001W
YNR039C,YBR126W-A
YFR016C,YGL234W
YCR010C,YPL030W
YOR354C,YGR002C
YNL309W,YPR108W
YMR143W,YDR385W
YGR183C,YDR480W
YGR179C,YBR109C
YGR175C,YMR271C
YKR072C,YOR306C
YKL211C,YBL089W
YMR192W,YLL012W
YLR274W,YMR013C-A
YGL043W,YHR082C
YPR189W,YDR381W
YDL103C,YDR349C
YHL003C,YLL028W
YGL135W,YNL323W
YOL132W,YGR254W
YNR048W,YPR067W
YLL023C,YIL145C
YGR204W,YMR209C
YLR202C,YPR102C
YFR005C,YLR168C
YBR216C,YPL123C
YEL020W-A,YJL149W
YLR022C,YGR159C
YCR035C,YNL331C
YMR026C,YDR066C
YJR016C,YDR325W
YPR162C,YHR006W
YEL054C,YNL203C
YDR020C,YGL040C
YKL165C,YOR259C
YPR129W,YDL085C-A
YDL091C,YER084W
YKL164C,YGL030W
YDR074W,YNL009W
YBR240C,YNL070W
YDR251W,YJR139C
YOL042W,YDL092W
YHR196W,YJL044C
YDR494W,YOR096W
YKL151C,YCL058W-A
YPL230W,YNL206C
YOR144C,YBR029C
YOR046C,YJL101C
YLL062C,YDR375C
YBL056W,YLR375W
YER089C,YPL183W-A
YOR336W,YLR252W
YML131W,YGR098C
YNL139C,YER010C
YHR192W,YJL197W
YNL313C,YHR149C
YCR051W,YDR146C
YGR067C,YER025W
YHL024W,YBR046C
YJL185C,YCR024C-A
YOR063W,YGL238W
YDR524C-B,YBR052C
YPL076W,YPR085C
YIR002C,YPR167C
YMR294W,YER048C
YIL017C,YKL154W
YER044C-A,YHR169W
YML110C,YER037W
YPR065W,YFL034W
YLR288C,YIL125W
YJL093C,YNL184C
YCR057C,YDR133C
YJL160C,YBR200W
YBR287W,YOR087W
YER077C,YFR053C
YDL033C,YOR212W
YDR291W,YIL098C
YGR239C,YNL110C
YER031C,YML128C
YOR006C,YOR001W
YNL283C,YBL001C
YGR153W,YGR091W
YOL032W,YAL012W
YLR194C,YOL002C
YER168C,YGL244W
YFR032C-A,YGR005C
YJL151C,YPR152C
YMR181C,YNL066W
YOL010W,YJL107C
YDL042C,YOL092W
YNL109W,YMR115W
YKR022C,YEL005C
YNL148C,YCL048W-A
YMR318C,YBL028C
YGL078C,YKL039W
YNL099C,YGL028C
YKL201C,YMR127C
YBL033C,YDR247W
YDR117C,YBL029C-A
YLR185W,YMR205C
YGL216W,YKR008W
YPL254W,YJL118W
YNL100W,YIL029C
YDR492W,YOR255W
YER006W,YNL131W
YOL114C,YER101C
YNL288W,YNL312W
YGR096W,YMR215W
YER132C,YER159C
YJL008C,YKL016C
YHR202W,YBR201W
YJR041C,YER144C
YHR094C,YOR185C
YKR045C,YML016C
YPR140W,YDL180W
YDR276C,YJL168C
YHR165C,Q0120
YLL014W,YJL121C
YOR272W,YPL212C
YLL056C,YGL114W
YOL040C,YOL077C
YNR026C,YJL201W
YOR203W,YBL100W-B
YER038W-A,YDR528W
YOR302W,YPL141C
YGR221C,YHR213W-A
YLL018C,YPR001W
YDR295C,YNL262W
YHR140W,YLL033W
YKL127W,YPL244C
YJL131C,YER090W
YOR241W,YBL046W
YDR382W,YLR026C
YDR495C,YPR049C
YOL129W,YIR018W
YNL102W,YDL200C
YML014W,YGR026W
YDR237W,YIL114C
YKR009C,YFL027C
YJR129C,YLR380W
YPR039W,YKL184W
YPR024W,YGR079W
YLR259C,YIL164C
YOR229W,YML009C
YKR049C,YDL133W
YKL073W,YMR250W
YDR496C,YBR098W
YPL042C,YDR444W
YJL133W,YDR507C
YOL077W-A,YMR303C
YCL040W,YDL130W
YPL145C,YDR116C
YDL146W,YKL027W
YDR100W,YOR290C
YJR004C,YKR065C
YKL137W,YJR031C
YFR041C,YPL241C
YLR133W,YER023W
YKL006C-A,YPL100W
YMR189W,YLR439W
YDL105W,YCL055W
YDR111C,YML024W
YCL029C,YGR039W
YDR172W,YKR027W
YPL064C,YNL177C
YNL085W,YBR138C
YFR025C,YJL136C
YBL038W,YMR140W
YHR148W,YLR035C
YIL165C,YLR092W
YJL005W,YKR025W
YDR103W,YBR031W
YPL026C,YBR225W
YJR006W,YNL035C
YLR044C,YKL020C
YJL115W,YNL097C
YLR262C,YJR101W
YJR154W,YLR265C
YNL333W,YIL136W
YJL161W,YML127W
YJR097W,YGR029W
YIR021W,YPL278C
YJR046W,YOL052C-A
YPR103W,YOR078W
YJR122W,YGR166W
YOR390W,YMR302C
YML105C,YPR040W
YEL049W,YNL221C
YKL035W,YCR092C
YMR056C,YKL072W
YDR141C,YHR052W
YGL171W,YLR285W
YLR115W,YJR098C
YOR373W,YDR438W
YOL096C,YPL098C
YGR249W,YER017C
YGR198W,YLR113W
YBR081C,YIL157C
YNR022C,YPR151C
YDR034C,YHR044C
YBR033W,YFL024C
YPL186C,YPL125W
YDL030W,YLR176C
YAL013W,YJL073W
YLR294C,YLR010C
YKR084C,YMR232W
YJL031C,YCR083W
YDL104C,YKR057W
YHR175W,YNL140C
YGR174W-A,YEL077C
YBR002C,YMR160W
YBR246W,YNR001C
YDR119W-A,YIL116W
YHR121W,YNL022C
YEL017W,YNR032C-A
YDL067C,YKL042W
YKL180W,YGR052W
YGR037C,YER141W
YDR280W,YJL124C
YBR191W,YPR172W
YMR229C,YGL091C
YAL060W,YJL100W
YCL036W,YHR047C
YPL046C,YDR202C
YDL206W,YNL015W
YCR019W,YJL024C
YGR025W,YKL167C
YIL072W,YML083C
YDL122W,YDR296W
YPL136W,YLR205C
YBR218C,YBR080C
YJL207C,YMR009W
YBL069W,YOR243C
YOR361C,YPR160W-A
YML031W,YNL207W
YNR014W,YER110C
YBL035C,YLL043W
YHR087W,YER005W
YBR166C,YBR239C
YDR151C,YFR027W
YGL026C,YPL040C
YDR433W,YMR120C
YEL050C,YGR283C
YKL136W,YPL113C
YIL093C,YPR166C
YDL087C,YML108W
YBR143C,YDR322C-A
YNL195C,YIL132C
YOR326W,YPL008W
YPL135W,YDR173C
YJR064W,YKL134C
YPL074W,YBL039C
YLR426W,YOR293W
YOR276W,YLR399C
YGR261C,YDR109C
YCL058C,YLR356W
YGR049W,YPL057C
YBL102W,YJL058C
YLR335W,YFR015C
YHR156C,YLL042C
YIR012W,YLR432W
YLL026W,YDR263C
YLR056W,YDR334W
YER083C,YNL233W
YMR283C,YNL334C
YGR099W,YBR140C
YLR110C,YHR106W
YBR137W,YOR389W
YJR062C,YLR325C
YNL094W,YMR100W
YHR022C,YNL248C
YNL281W,YGL103W
YDL098C,YNL007C
YBR057C,YOR158W
YOR153W,YGL080W
YPL032C,YDL131W
YCL047C,YDR432W
YBR284W,YML047C
YBL027W,YGR167W
YMR018W,YER145C
YNL213C,YCR089W
YGR238C,YMR136W
YGR125W,YKL065W-A
YKL130C,YHR131C
YNR058W,YIL160C
YML103C,YBL020W
YIL051C,YBR127C
YOR104W,YGL129C
YOR305W,YBR017C
YDR183C-A,YPL178W
YPL129W,YMR053C
YKR063C,YLR146C
YFL057C,YOL044W
YLL009C,YNL005C
YGL064C,YHL039W
YDR107C,YPL221W
YJR059W,YDL164C
YDR461C-A,YDR393W
YML117W,YOR008C
YOR095C,YLR106C
YMR116C,YGR093W
YKL096W,YFR023W
YKL091C,YNL255C
YCL054W,YOL065C
YDR412W,YML109W
YDR110W,YDR208W
YMR020W,YPR133W-A
YPR082C,YIL021W
YJL193W,YKR087C
YOR047C,YCR087W
YDR210C-D,YML113W
YDR123C,YCL028W
YDL225W,YHL013C
YBR149W,YLR175W
YNR003C,YMR201C
YOR150W,YDR093W
YGR030C,YCL037C
YNL112W,YPL116W
YNL261W,YHR117W
YDR226W,YOR012W
YBR172C,YOR366W
YPR153W,YOR233W
YJL080C,YGL035C
YPR034W,YMR244C-A
YIL148W,YLR222C
YDR477W,YOR123C
YMR316C-B,YOR299W
YPL194W,YPR048W
YOR219C,YPL109C
YBR164C,YPL138C
YCR102C,YOL125W
YMR060C,YEL027W
YIL076W,YJL165C
YBR217W,YMR175W
YIR014W,YBL092W
YBR109W-A,YBR233W
YOR178C,YPR135W
YPL068C,YKL001C
YKR080W,YLR181C
YDR014W,YBR244W
YJR115W,YML002W
YLR457C,YNL016W
YBR030W,YFL026W
YDR138W,YDL223C
YMR195W,YNL166C
YGR004W,YHR034C
YFL008W,YFL041W-A
YDR054C,YML006C
YDL119C,YGR230W
YPR134W,YKR017C
YIL046W-A,YCR042C
YMR301C,YGR032W
YOL103W,YDR466W
YLR386W,YJR082C
YFR045W,YPL054W
YBR037C,YMR282C
YPR145W,YGR207C
YMR123W,YOR134W
YNR024W,YJL062W-A
YKR079C,YDL238C
YOR303W,YCR017C
YLL004W,YJL179W
YLR221C,YLR150W
YNL152W,YJR111C
YPL033C,YIR004W
YCR098C,YIR029W
YJR140C,YOL093W
YJL111W,YJL144W
YNL244C,YIL115C
YNL135C,YMR094W
YHL015W,YGR174C
YGR236C,YBR267W
YIL154C,YIL047C
YJL084C,YGL262W
YDL085W,YFR034C
YAR028W,YJL141C
YML115C,YGL021W
YPR184W,YPL066W
YOR018W,YOR216C
YDL191W,YOR109W
YOR349W,YKR090W
YCR018C,YDL166C
YJL002C,YOR162C
YFR037C,YHR152W
YLR264W,YBR249C
YHL016C,YBR041W
YLR135W,YBR090C
YOL088C,YGR085C
YPL086C,YMR131C
YOR209C,YMR310C
YBR023C,YNL058C
YDR036C,YOL151W
YJR106W,YLR362W
YMR223W,YKL032C
YKL120W,YPL262W
YDL040C,YLR267W
YMR142C,YDR104C
YKL089W,YBL068W-A
YLR239C,YBR175W
YPL019C,YPL199C
YHR050W,YLR373C
YLR102C,YJR043C
YPL085W,YPR043W
YJL071W,YBR221C
YJR010W,YDL148C
YJL130C,YEL052W
YCR021C,YNL307C
YHR063C,YMR295C
YBR038W,YDR472W
YGL049C,YBR297W
YHR009C,YIL142W
YGR172C,YML104C
YGR111W,YJR048W
YOR039W,YPR004C
YPR053C,YMR031C
YPL087W,YMR034C
YDR135C,YGR195W
YNL001W,YHR216W
YKL015W,YGR225W
YGR094W,YLR438C-A
YDL218W,YER070W
YNL032W,YPL260W
YNL098C,YGR289C
YHR184W,YOL039W
YLR332W,YLR447C
YGR081C,YGL014W
YCL005W-A,YGL153W
YOL156W,YOL012C
YHR168W,YGR171C
YHR062C,YMR217W
YGR248W,YGL188C
YMR138W,YKL166C
YJL110C,YDR078C
YHL007C,YML074C
YPL022W,YGR127W
YHR208W,YLL002W
YKR013W,YBR180W
YJL074C,YLL013C
YIR009W,YLR372W
YLR384C,YGR227W
YOR127W,YJL216C
YJL198W,YOR037W
YMR261C,YJL133C-A
YPL013C,YER002W
YER001W,YDR032C
YOR179C,YJL014W
YBR126W-A,YCR033W
YGL234W,YER045C
YPL030W,YOR126C
YGR002C,YLR340W
YER164W,YLR193C
YDR385W,YOR108W
YDR480W,YBL016W
YBR109C,YAR002C-A
YMR271C,YER034W
YOR306C,YML060W
YGR112W,YCL001W
YBL089W,YOL015W
YLL012W,YPR047W
YLR213C,YKL123W
YMR013C-A,YPR170W-A
YDR439W,YGL100W
YDR381W,YDR388W
YDR349C,YLR203C
YLL028W,YLR215C
YNL323W,YHR066W
YGR254W,YLR312C
YPR067W,YOR375C
YIL145C,YHR122W
YPR102C,YML054C
YLR168C,YML094W
YPL123C,YBL061C
YOR172W,YOL104C
YJL149W,YGL169W
YGR159C,YER154W
YNL331C,YNL273W
YKR075C,YOR236W
YDR066C,YGR084C
YHR006W,YDR343C
YNL203C,YNL023C
YGL040C,YKR005C
YBL041W,YJL206C
YDL085C-A,YHR076W
YER084W,YKL192C
YPL192C,YER143W
YGL030W,YIR035C
YNL009W,YPL175W
YNL070W,YBR251W
YJR139C,YDL063C
YDL092W,YJL166W
YJL044C,YGR252W
YIR016W,YNL073W
YOR096W,YGL075C
YCL058W-A,YLR435W
YML062C,YPL095C
YNL206C,YKL162C-A
YBR029C,YJL026W
YJL101C,YPL038W-A
YDR375C,YGL170C
YLR375W,YJR063W
YPL183W-A,YOR074C
YIL153W,YGL224C
YLR252W,YPR073C
YGR098C,YDR503C
YER010C,YOR019W
YJL197W,YLR108C
YHR149C,YLR214W
YDR146C,YMR180C
YDL212W,YDL070W
YER025W,YPL209C
YJL068C,YPL174C
YBR046C,YCR084C
YCR024C-A,YKL210W
YGL011C,YDR508C
YGL238W,YDR364C
YBR052C,YLR257W
YPR085C,YDR281C
YPR167C,YOL062C
YER048C,YJL126W
YKL154W,YOL100W
YHR169W,YGR200C
YGR247W,YER019C-A
YER037W,YLR289W
YLR321C,YGL038C
YIL125W,YAR031W
YIR023C-A,YDR160W
YOR270C,YJL052W
YNL184C,YHR023W
YLR304C,YBL044W
YGL017W,YIR033W
YDR133C,YGL184C
YBR200W,YLR145W
YFR053C,YMR040W
YOR212W,YOL095C
YIL098C,YLR197W
YNL110C,YOR344C
YML128C,YML081C-A
YOR001W,YAL048C
YER129W,YMR046C
YBL001C,YKR033C
YGR091W,YDL198C
YAL012W,YMR279C
YDR351W,YPL185W
YOL002C,YPR033C
YGL244W,YML130C
YCL035C,YDR003W
YKL146W,YDR019C
YHL008C,YOR110W
YGR005C,YOR043W
YPR152C,YOR072W
YNL066W,YOR117W
YJL107C,YDR064W
YOL092W,YKL043W
YNL336W,YLR195C
YKL206C,YCL002C
YOR156C,YOR120W
YLR381W,YPL133C
YOL003C,YGR054W
YEL005C,YKL071W
YCL048W-A,YHR143W
YIR017C,YOR044W
YBL028C,YFL013W-A
YKL039W,YKR034W
YGL028C,YGL166W
YMR127C,YDR027C
YLR418C,YGR083C
YDR247W,YGL001C
YMR205C,YOL022C
YKR008W,YGL090W
YJL118W,YJR049C
YIL029C,YNL229C
YNL131W,YDL234C
YER101C,YLR094C
YNL312W,YML118W
YJL172W,YHL001W
YMR215W,YKL147C
YHL031C,YDR368W
YER159C,YKL177W
YEL047C,YAR007C
YHR118C,YGR001C
YKL016C,YBR022W
YOR160W,YOR320C
YPR056W,YDL239C
YOR185C,YOR385W
YFL015C,YPR099C
YDR239C,YDR326C
YML016C,YLR330W
YDL180W,YML085C
YEL058W,YER080W
YLR172C,YHR179W
YBR024W,YMR117C
YJL168C,YNL272C
YJL121C,YPR175W
YPL212C,YBL074C
YGL114W,YKL093W
YOL077C,YML088W
YJL201W,YIL106W
YDR528W,YPR197C
YPL141C,YDR059C
YPR001W,YOL124C
YNL262W,YNR041C
YNL317W,YOR247W
YLL033W,YKL110C
YPR104C,YML102W
YKL220C,YLR272C
YPL244C,YGR213C
YGL164C,YPL220W
YGL231C,YPL159C
YER090W,YPR068C
YBL046W,YER167W
YLR026C,YMR147W
YPR049C,YDL189W
YIR018W,YPL231W
YDL200C,YHR201C
YIL114C,YBL079W
YFL027C,YLL045C
YLR380W,YDL045C
YKL184W,YKL099C
YHR036W,YDR087C
YNL153C,YPR006C
YGR079W,YJR143C
YIL164C,YPL210C
YML009C,YGR130C
YDL133W,YOR161C
YOL073C,YER103W
YMR250W,YCR067C
YBR098W,YER093C
YDR444W,YGL007C-A
YHR005C,YLR260W
YDR507C,YOR128C
YMR303C,YGL020C
YER018C,YOR086C
YDL130W,YJL209W
YHR161C,YDR235W
YDR116C,YMR173W-A
YKL027W,YLR413W
YDR242W,YBR087W
YOL145C,YKL213C
YLR281C,YLR429W
YKR065C,YJR157W
YBR139W,YKR098C
YPL241C,YMR118C
YPL146C,YPR120C
YLR439W,YKL218C
YCL055W,YOR028C
YML024W,YDL123W
YGR039W,YBR048W
YKR027W,YGL236C
YNL177C,YBR294W
YJL055W,YLR407W
YJL136C,YLR154C
YDR057W,YDR277C
YLR035C,YNL169C
YLR092W,YNL249C
YKR025W,YKL063C
YFL054C,YJL069C
YBR031W,YJL184W
YHR142W,YLR405W
YNL035C,YMR171C
YLL038C,YKR058W
YLR146W-A,YKR037C
YER094C,YLR295C
YNL097C,YKL141W
YJR101W,YEL026W
YOR161W-B,YNL072W
YDR447C,YAL025C
YIL136W,YAL023C
YIL016W,YDL107W
YML127W,YGL076C
YOL143C,YER157W
YOR052C,YNL223W
YGR029W,YAL058W
YPL278C,YMR322C
YOL052C-A,YML067C
YOR078W,YPL173W
YGR166W,YKL152C
YMR302C,YOL112W
YPR040W,YNL236W
YNL221C,YBR047W
YCR092C,YHR193C-A
YKL072W,YHR007C
YHR052W,YFR009W
YMR182C,YFR038W
YLR285W,YKL009W
YDR438W,YJR121W
YPL098C,YAR015W
YER017C,YHR072W-A
YLR113W,YDR337W
YIL157C,YGR140W
YNL227C,YMR134W
YPR151C,YNL132W
YOL006C,YPL216W
YHR044C,YOR062C
YFL024C,YNL149C
YDR180W,YDR158W
YLR176C,YBR296C
YJL073W,YGR033C
YLR010C,YML022W
YMR259C,YML059C
YOL071W,YLR199C
YMR232W,YFL001W
YCR083W,YMR021C
YKR057W,YJR014W
YNL140C,YBL034C
YGL113W,YCR037C
YEL077C,YKR039W
YER109C,YOR032W-A
YMR160W,YDR003W-A
YNR001C,YLL015W
YIL116W,YDR336W
YNL022C,YBR255W
YER172C,YKL172W
YKL042W,YER150W
YOR252W,YFL047W
YGR052W,YML098W
YER141W,YDR002W
YBR060C,YPL081W
YJL124C,YIR037W
YPR172W,YMR023C
YGL091C,YPR193C
YER042W,YBR071W
YJL100W,YDR011W
YHR047C,YML043C
YDR202C,YKL185W
YAL035W,YDL061C
YPR013C,YBR078W
YJL024C,YDL083C
YKL167C,YLR338W
YMR070W,YLR220W
YDR296W,YOR073W
YLR205C,YPL023C
YBR080C,YDR026C
YMR009W,YDR261C
YOR243C,YMR149W
YBR235W,YFL022C
YPR160W-A,YAL007C
YFL002C,YIL001W
YNL207W,YIR036C
YER110C,YBL107C
YLL043W,YBL048W
YER005W,YHR204W
YBR239C,YGL144C
YFR027W,YBR117C
YML005W,YBR088C
YPL040C,YFL042C
YMR120C,YNL300W
YGR283C,YDR022C
YPL113C,YPL108W
YGR141W,YPL158C
YIL084C,YPR002W
YER119C,YFR009W-A
YFL030W,YLR366W
ERCC-00058,YPL052W
YNL205C,YDR261C-D
YPR166C,YBR241C
YML108W,YMR047C
YDR322C-A,YGR102C
YIL132C,YER131W
YDR013W,YPR155C
YPL008W,YPL177C
YDL156W,YLR314C
YDR173C,YOR248W
YKL134C,YKL013C
YDR190C,YER153C
YBL039C,YNL003C
YOR293W,YBL030C
YLR399C,YLR276C
YDR109C,YDL155W
YLR356W,YOR295W
YJL058C,YGR066C
YBL004W,YGR101W
YFR015C,YJL212C
YLR432W,YOR067C
YDR263C,YER183C
YDR334W,YBR151W
YNL233W,YLR105C
YNL334C,YOL163W
YOL021C,YDR301W
YHR106W,YMR041C
YOR389W,YDR511W
YLR325C,YLR460C
YMR100W,YPR011C
YMR207C,YIL078W
YNL248C,YNR053C
YGL103W,YIL039W
YNL007C,YDL043C
YOR158W,YCR077C
YGL080W,YKL090W
YDL131W,YHR139C
YBR163W,YGL081W
YDR432W,YDR178W
YML047C,YOR328W
YGR167W,YBL045C
YER145C,YLR149C
YCR089W,YOR034C
YMR136W,YLR041W
YKL065W-A,YLR437C
YCR076C,YPL235W
YDR379W,YBR119W
YHR131C,YFL010C
YGL223C,YER068W
YIL160C,YDR469W
YBL020W,YOL082W
YBR127C,YJR067C
YKL176C,YDR424C
YGL129C,YPL226W
YBR276C,YHR146W
YBR017C,YOR065W
YPL178W,YHL030W-A
YMR053C,YPL122C
YLR146C,YIL045W
YOL044W,YOR011W
YNL005C,YGL121C
YHL039W,YFR034W-A
YAL021C,YOR038C
YPL221W,YCR047C
YDL164C,YIL103W
YDR393W,YKR048C
YDR189W,YPR113W
YLR106C,YDL022C-A
YGR093W,YGR120C
YFR023W,YLR190W
YEL025C,YPL011C
YNL255C,YKL212W
YOL065C,YGL156W
YML109W,YHL030W
YJL199C,YMR036C
YNL259C,YOR213C
YPR133W-A,YDR352W
YIL021W,YEL021W
YKR087C,YOR090C
YJL088W,YIL014W
YDL161W,YNL183C
YJL146W,YLR144C
YML113W,YGR146C-A
YLR166C,YEL071W
YHL013C,YLR324W
YLR175W,YNL263C
YOR356W,YOL103W-B
YDR093W,YIL073C
YCL037C,YDR303C
YNL103W,YKL148C
YNL285W,YGL186C
YPL116W,YER162C
YHR117W,YER046W
YOR012W,YDR130C
YOR304W,YBR005W
YGL196W,YDR154C
YOR366W,YJR005W
YOR233W,YIL155C
YGL035C,YJR099W
YMR244C-A,YHR203C
YLR222C,YCL018W
YOR123C,YER147C
YOR299W,YIL090W
YPR048W,YIL096C
YPL109C,YGR045C
YKL117W,YDR362C
YOL125W,YDR454C
YEL027W,YJL187C
YMR175W,YGR202C
YOR300W,YDR408C
YGL209W,YDL019C
YLR438W,YDR297W
YBL092W,YKL112W
YBR145W,YBR103W
YLR319C,YER041W
YPR135W,YOL026C
YDR045C,YDR440W
YHR110W,YOL121C
YKL001C,YLR420W
YHR170W,YCL016C
YOL086C,YNR028W
YBR244W,YLR298C
YML002W,YGR109W-B
YNL016W,YJR117W
YFL026W,YLL052C
YDL223C,YOL098C
YNL166C,YOR149C
YHR034C,YDL028C
YML006C,YDR319C
YGR230W,YGL211W
YCR042C,YMR304C-A
YGR032W,YKL133C
YJR082C,YNL137C
YMR282C,YDL176W
YGR207C,YDR487C
YOR134W,YLR346C
YJL062W-A,YIL135C
YOR042W,YLR209C
YCR017C,YOR084W
YJL179W,YLR093C
YLR150W,YLR342W
YJR111C,YEL061C
YIR004W,YLR254C
YDL037C,YBR091C
YCR088W,YOR166C
YIR029W,YLR277C
YOL093W,YKL156W
YJL144W,YFR052W
YGR174C,YFL060C
YBR267W,YGR203W
YML107C,YJR005C-A
YIL047C,YLL005C
YCL043C,YGL228W
YNL117W,YOR226C
YFR034C,YPR035W
YLR057W,YMR015C
YOL014W,YFL014W
YJL141C,YKL078W
YGL021W,YDR155C
YPL066W,YGR201C
YOR216C,YJL051W
YKL193C,YHR049W
YOR109W,YBL039W-B
YKR090W,YDR420W
YBR107C,YDL197C
YDL166C,YER086W
YOR162C,YCR024C
YHR152W,YDR186C
YBR249C,YDR529C
YOR288C,YBR072W
YOR377W,YDR018C
YBR041W,YPL104W
YBR090C,YKL026C
YGR085C,YCL024W
YMR131C,YGR044C
YMR278W,YOR079C
YMR310C,YPL223C
YER104W,YPL250C
YBR004C,YGL232W
YNL058C,YGL213C
YOL151W,YGL101W
YKL032C,YMR152W
YMR105C,YNL083W
YPL262W,YPL117C
YDR104C,YGL189C
YBL068W-A,YDR157W
YCR066W,YOR311C
YGR216C,YMR293C
YBR175W,YCL031C
YPL199C,YIR026C
YLR373C,YJR093C
YJR043C,YHR096C
YPR043W,YOR308C
YBR221C,YMR165C
YOR358W,YPR010C-A
YDL148C,YNL067W-B
YEL052W,YFL050C
YDR378C,YKR010C
YNL307C,YLR448W
YMR295C,YFR051C
YDR472W,YLR005W
YBR297W,YGR043C
YIL142W,YKL124W
YJR048W,YNR007C
YNL199C,YER024W
YPR004C,YDL022W
YMR043W,YOL101C
YLR466W,YJL183W
YMR031C,YBR189W
YMR034C,YJR125C
YGR195W,YOL033W
YMR055C,YML126C
YHR216W,YMR069W
YLR438C-A,YLR258W
YER070W,YMR288W
YPL260W,YHR176W
YGR289C,YOR327C
YBR014C,YNR027W
YOL039W,YJR100C
YLR447C,YCR060W
YGL014W,YLR130C
YGL153W,YDR234W
YOL012C,YAL062W
YPR138C,YFR032C
YGR171C,YER148W
YMR217W,YLR402W
YKL166C,YBL101C
YAL010C,YDR005C
YDR182W,YHL021C
YML074C,YKR016W
YMR019W,YPL232W
YGR127W,YPR133C
YNR011C,YNL245C
YDR363W-A,YHR074W
YLL002W,YPL215W
YBR180W,YIR028W
YLL013C,YCL059C
YLR372W,YER003C
YGR227W,YJL119C
YJL216C,YML046W
YOR037W,YMR085W
YJR108W,YOL080C
YJL133C-A,YER127W
YER002W,YPL091W
YDR032C,YFL031W
YJL014W,YCL011C
YER045C,YPL059W
YLR340W,YLR164W
YLR193C,YDL093W
YEL032W,YAL055W
YOR108W,YDL174C
YBL016W,YMR022W
YAR002C-A,YBR261C
YLR464W,YLR263W
YER034W,YML112W
YML060W,YDL099W
YCL001W,YDR285W
YLR218C,YGR285C
YPR047W,YPL236C
YOR154W,YFL025C
YKL123W,YDR094W
YGL100W,YJR133W
YLR203C,YKL171W
YLR215C,YJR073C
YHR066W,YPL101W
YLR312C,YKL005C
YOR375C,YNL326C
YHR122W,ERCC-00013
YHR088W,YOR021C
YDL171C,YIL079C
YML054C,YDR177W
YML094W,YNR029C
YBL061C,YAR002W
YGL169W,YER180C
YER154W,YPR186C
YNL273W,YPL079W
YOR236W,YLR030W
YGR084C,YHR167W
YDR343C,YER137C
YNL023C,YBL031W
YKR005C,YEL066W
YNL275W,YOR056C
YHR076W,YFR033C
YKL192C,YGL205W
YER143W,YDR194C
YPL175W,YLR300W
YBR251W,YMR017W
YDL063C,YMR251W
YOR071C,YOR141C
YJL166W,YDL057W
YGR252W,YIR031C
YNL073W,YKL178C
YPR128C,YJR161C
YGL075C,YCL025C
YDR339C,YGL096W
YLR435W,YNL271C
YPL095C,YNL270C
YJL026W,YMR268C
YCL004W,YDR030C
YJR063W,YOR207C
YOR074C,YKL040C
YOR278W,YNL157W
YGL224C,YKL057C
YIL056W,YLR211C
YPR073C,YLR091W
YDR503C,YKR007W
YLR108C,YOL157C
YML080W,YGR284C
YBL108W,YDR538W
YLR214W,YLR134W
YMR180C,YDR515W
YPL028W,YBR236C
YBR198C,YNL279W
YKR035W-A,YNL284C
YDL070W,YKR067W
YPL174C,YOL025W
YKL210W,YDR478W
YDR508C,YPR132W
YDR364C,YGR262C
YLR257W,YJL180C
YDR281C,YIR032C
YOL062C,YOL142W
YOR371C,YDL079C
YJL126W,YKR024C
YJL041W,YEL059C-A
YOL100W,YDR218C
YGR200C,YEL024W
YDL185W,YBR142W
YLR289W,YNL080C
YDR261W-B,YGL183C
YDR160W,YMR103C
YMR124W,YBR099C
YNR063W,YMR177W
YKR062W,YBR212W
YJL052W,YOR291W
YHR023W,YJL218W
YBL044W,YPL130W
YLR451W,YBL072C
YMR326C,YCR052W
YIR033W,YAL053W
YGL184C,YKL060C
YLR145W,YPR058W
YMR040W,YGL112C
YOL095C,YBR185C
YLR197W,YGL019W
YOR344C,YHR183W
YML081C-A,YBR156C
YLR351C,YIL013C
YDL198C,YOR368W
YAL026C,YGR258C
YLR068W,YGR008C
YMR279C,YDR534C
YPL185W,YFR054C
YPR033C,YKL003C
YML130C,YJL116C
YDR003W,YLR370C
YDR019C,YMR187C
YDR421W,YLR100W
YOR110W,YMR098C
YDR312W,YCR069W
YOR043W,YKL004W
YDR050C,YGL106W
YOR072W,YOL031C
YOR117W,YOR119C
YDR064W,YKL053C-A
YKL043W,YDR292C
YLR195C,YOL127W
YFR014C,YKL207W
YDR315C,YOR257W
YFR004W,YJR045C
YCL002C,YDL236W
YOR120W,YCL012C
YDL054C,YEL057C
YBR064W,YNL175C
YGR054W,YIL041W
YHR143W,YNL332W
YOR044W,YOR215C
YFL013W-A,YBR199W
YFL056C,YGL041W-A
YKR034W,YIL134W
YGL166W,YER069W
YGR083C,YNL086W
YGL001C,YOL052C
YOL022C,YBL010C
YGL090W,YOL103W-A
YNL229C,YDL001W
YHL001W,YBR056W
YDR368W,YMR305C
YJL011C,YOR310C
YOR221C,YOR273C
YKL069W,YOR294W
YAR007C,YMR038C
YGR001C,YGL012W
YBR022W,YBL054W
YOR320C,YKR053C
YGR288W,YFL049W
YDL239C,YPR002C-A
YML078W,YBL076C
YOR385W,YEL074W
YDR128W,YGL032C
YDR326C,YHR175W-A
YLR330W,YBR070C
YML085C,YNL116W
YER080W,YOL054W
YHR179W,YGL154C
YMR117C,YCR099C
YNL272C,YPL274W
YOR381W-A,YGL191W
YPR175W,YMR093W
YBL074C,YOL027C
YOR116C,YJL214W
YKL093W,YJL208C
YML088W,YIL161W
YIL106W,YAL029C
YPR197C,YNL026W
YDR059C,YER019W
YLR227C,YLR015W
YOL124C,YIL091C
YOR247W,YDR052C
YIL110W,YGL230C
YKL110C,YLR311C
YOL164W,YHL011C
YML102W,YOR370C
YLR272C,YBR120C
YEL070W,YDR397C
YGR071C,YFL011W
YER176W,YMR084W
YPL220W,YHR210C
YPL159C,YBR089C-A
YPR068C,YFL007W
YER167W,YLR244C
YGL256W,YDR229W
YMR147W,YDR321W
YDL189W,YFL037W
YPL231W,YOL091W
YHR201C,YKR042W
YBL079W,YDL031W
YLL045C,YBR148W
YNL048W,YLR246W
YKL099C,YJL140W
YDR460W,YML019W
YDR087C,YOR363C
YPR006C,YEL048C
YJR143C,YBL080C
YPL210C,YJR001W
YGR130C,YMR182W-A
YBL060W,YER030W
YOR161C,YER027C
YER103W,YER175W-A
YCR067C,YFR001W
YER093C,YJL104W
YGR056W,YGL254W
YOL135C,YGR165W
YGR131W,YDL075W
YGL007C-A,YKL087C
YLR260W,YDL187C
YOR128C,YCR046C
YJR065C,YNR012W
YGL020C,YEL039C
YLR222C-A,YGR286C
YOR086C,YIL133C
YJL209W,YNR006W
YDR235W,YNL124W
YLR413W,YJR079W
YOR353C,YAL005C
YNL237W,YPL131W
YBR087W,YHR123W
YLR429W,YIL092W
YDR539W,YBL002W
YKR098C,YLR224W
YMR118C,YHL010C
YPR120C,YPL016W
YPR143W,YOR174W
YBR009C,YOR143C
YKL218C,YHR070W
YOR028C,YER122C
YDL123W,YLL032C
YBL065W,YDR184C
YBR048W,YHR147C
YGL236C,YPL162C
YBR294W,YNL295W
YLR407W,YLR204W
YDR277C,YHR025W
YDL053C,YNL254C
YNL169C,YML027W
YNL249C,YOR045W
YKL063C,YKR006C
YDR367W,YGL073W
YKL066W,YLL046C
YJL069C,YER028C
YGL054C,YPL200W
YJL184W,YPL271W
YLR405W,YER015W
YMR171C,YPL055C
YKR058W,YDR240C
YKR037C,YDR331W
YLR295C,YCL042W
YKL141W,YLL029W
YEL026W,YJL163C
YNL072W,YDL137W
YAL025C,YDR025W
YAL023C,YNL055C
YDL107W,YMR033W
YNL214W,YFR029W
YGL076C,YGR092W
YER157W,YLR063W
YAL058W,YJL132W
YMR322C,YPR022C
YML067C,YDR238C
YPL173W,YER169W
YOL112W,YBR286W
YGL119W,YEL019C
YNL236W,YAL059W
YGR132C,YBR168W
YEL003W,YKL081W
YKR019C,YPR119W
YBR047W,YBR006W
YHR007C,YBL011W
YFR009W,YDL062W
YFR038W,YOR292C
YKL009W,YOR341W
YMR044W,YDL097C
YJR121W,YMR287C
YAR015W,YML056C
YHR072W-A,YLR223C
YDR337W,YGR277C
YGR140W,YPL242C
YMR134W,YML034W
YNL132W,YAL040C
YPL216W,YKL119C
YOR062C,YJR094C
YNL149C,YMR277W
YDR158W,YNL310C
YBR296C,YLR376C
YGR033C,YJR104C
YOR339C,YLR180W
YML022W,YGL031C
YML059C,YOL139C
YLR199C,YDR294C
YFL001W,YHR072W
YMR021C,YJR050W
YJR014W,YNL030W
YBL034C,YNL302C
YCR037C,YDR021W
YKR039W,YDR374C
YOR032W-A,YPL004C
YKL079W,YER020W
YLL015W,YOR036W
YBR176W,YDL229W
YKL150W,YML023C
YDL160C-A,YNL197C
YDR086C,YJL174W
YKL172W,YGR191W
YER150W,YDR306C
YFL047W,YDL179W
YKL067W,YLR350W
YPL071C,YOR025W
YML098W,YBR066C
YDR002W,YER134C
YPL081W,YCR073C
YIR037W,YBR257W
YDR105C,YDR255C
YLR050C,YOR379C
YMR023C,YDL199C
YPR193C,YNL321W
YGL056C,YMR014W
YBR071W,YKR030W
YML043C,YJL010C
YKL185W,YER163C
YDL061C,YBR196C
YBR078W,YBR230C
YDL083C,YLR128W
YHL050C,YLR032W
YLR220W,YBR214W
YPL023C,YPL268W
YDR026C,YOR020C
YDR261C,YLL053C
YMR149W,
YCL061C,
YFL022C,
YAL007C,
YIL033C,
YIL001W,
YOR167C,
YDR288W,
YIR005W,
YIR036C,
YNL204C,
YBL107C,
YDL205C,
YHR204W,
YGL144C,
YBR117C,
YBR088C,
YFR006W,
YFL042C,
YNL300W,
YDR022C,
YPL108W,
YKL205W,
YOL016C,
YHR042W,
YPL158C,
YPR002W,
YFR009W-A,
YPL052W,
YBR241C,
YGR102C,
YER131W,
YPR155C,
YNR046W,
YPL177C,
YLR314C,
YOR248W,
YKL013C,
YNL003C,
YBL030C,
YLR276C,
YNR055C,
YDL155W,
YDR455C,
YOR295W,
YBR111C,
YJR027W,
YJL061W,
YGR066C,
YGR101W,
YJL212C,
YOR067C,
YFR039C,
YER183C,
YNL012W,
YBR151W,
YLR105C,
YJL006C,
YDR301W,
YMR041C,
YDR511W,
YPR011C,
YIL078W,
YNR053C,
YIL039W,
YDL043C,
YKL090W,
YJL203W,
YHR139C,
YDR178W,
YOR328W,
YBL045C,
YLL061W,
YLR149C,
YMR208W,
YLR041W,
YNR019W,
YPL235W,
YFL010C,
YER068W,
YAL009W,
YDR469W,
YOL082W,
YJR067C,
YPL226W,
YFR002W,
YHR146W,
YFR017C,
YHL030W-A,
YPL122C,
YIL045W,
YER186C,
YOR011W,
YGL121C,
YFR034W-A,
YOR038C,
YCR047C,
YIL103W,
YKR048C,
YMR099C,
YOL085W-A,
YPR113W,
YDL022C-A,
YGR120C,
YLR190W,
YPL011C,
YKL212W,
YGL156W,
YDR063W,
YPL082C,
YLR419W,
YMR036C,
YOR213C,
YDR352W,
YBL006C,
YEL021W,
YCR028C-A,
YIL014W,
YNL183C,
YLR144C,
YEL071W,
YLR324W,
YLR389C,
YNL263C,
YIL073C,
YPR154W,
YKL148C,
YGL186C,
YBL029W,
YDR130C,
YBR005W,
YDR154C,
YJR005W,
YBL018C,
YIL155C,
YJR099W,
YGL016W,
YOR321W,
YHR203C,
YCL018W,
YER147C,
YIL090W,
YKL068W,
YIL096C,
YGR045C,
YDR362C,
YDR454C,
YJL187C,
YGR202C,
YDR408C,
YDL019C,
YDR297W,
YOL026C,
YDR440W,
YOL121C,
YLR420W,
YNL151C,
YCL016C,
YHR100C,
YNR028W,
YLR298C,
YJR117W,
YLL052C,
YOL098C,
YOR271C,
YOR149C,
YGL211W,
YMR304C-A,
YKL133C,
YNL137C,
YKR014C,
YDR487C,
YLR346C,
YLR209C,
YOR084W,
YPR028W,
YLR093C,
YLR342W,
YEL061C,
YLR254C,
YBR091C,
YOR166C,
YLR277C,
YPL089C,
YNL167C,
YKL156W,
YFR052W,
YFL060C,
YGR203W,
YJR005C-A,
YLL005C,
YOR226C,
YPR035W,
YMR015C,
YFL014W,
YKL078W,
YDR155C,
YDL076C,
YGL194C-A,
YGR201C,
YJL051W,
YHR049W,
YIL163C,
YBL039W-B,
YDR420W,
YDL197C,
YER086W,
YCR024C,
YDR186C,
YDR529C,
YBR072W,
YDR018C,
YPL104W,
YMR227C,
YKL026C,
YML071C,
YCL024W,
YNL038W,
YMR218C,
YOR079C,
YPL223C,
YPL250C,
YGL232W,
YGL213C,
YGL101W,
YMR152W,
YBR157C,
YNL083W,
YPL117C,
YGL189C,
YDR157W,
YOR311C,
YMR293C,
YCL031C,
YDR259C,
YIR026C,
YJR093C,
YHR096C,
YDR488C,
YOR308C,
YPR169W,
YBL091C-A,
YEL051W,
YPL195W,
YMR165C,
YBR202W,
YKL052C,
YPL259C,
YFL050C,
YMR212C,
YLR448W,
YNL155W,
YFR051C,
YLR005W,
YGR043C,
YBR285W,
YKL124W,
YNR007C,
YLR275W,
YDL022W,
YOL101C,
YJL183W,
YBR189W,
YJR125C,
YOL033W,
YML126C,
YMR069W,
YLR258W,
YBL085W,
YMR288W,
YHR176W,
YOR327C,
YNR027W,
YJR100C,
YLR130C,
YDR234W,
YAL062W,
YOR164C,
YER148W,
YBL014C,
YDR005C,
YHL021C,
YKR016W,
YPL232W,
YPR133C,
YPR182W,
YNL245C,
YPL215W,
YIR028W,
YCL059C,
YAL037W,
YER003C,
YJL119C,
YML046W,
YMR085W,
YCL034W,
YHR188C,
YOL080C,
YER127W,
YPL091W,
YJR090C,
YFL031W,
YCL011C,
YPL059W,
YGL050W,
YLR164W,
YDL093W,
YDL174C,
YBR261C,
YLR263W,
YBL042C,
YKL125W,
YEL034W,
YML112W,
YDR285W,
YGR285C,
YDR028C,
YFL025C,
YDR094W,
YJR133W,
YKL171W,
YJR073C,
YKL075C,
YGR134W,
YPL101W,
YLR198C,
YDR434W,
YNL326C,
YOR021C,
YKR047W,
YIL079C,
YBR183W,
YNR029C,
YAR002W,
YIL063C,
YER180C,
YPR186C,
YPL079W,
YLR030W,
YHR182W,
YMR081C,
YHR167W,
YER137C,
YBL031W,
YEL056W,
YEL066W,
YOR056C,
YBL091C,
YFR033C,
YGL205W,
YDR194C,
YLR300W,
YDL173W,
YMR017W,
YMR251W,
YDR473C,
YOR141C,
YIL088C,
YIR031C,
YKL178C,
YCL025C,
YDL077C,
YNL270C,
YMR268C,
YGL150C,
YDR030C,
YOR207C,
YKL040C,
YKL057C,
YLR211C,
YLR091W,
YML076C,
YNR051C,
YKR007W,
YOL157C,
YGR284C,
YLR134W,
YDR515W,
YBR236C,
YNL279W,
YNL284C,
YKR067W,
YHR217C,
YJR011C,
YKR082W,
YDR478W,
YPR132W,
YGR262C,
YJL180C,
YIR032C,
YOL142W,
YKR024C,
YDR218C,
YEL024W,
YGR259C,
YBR142W,
YJL077C,
YLR003C,
YNL080C,
YGL183C,
YMR103C,
YBR099C,
YMR177W,
YBR212W,
YOR291W,
YJL218W,
YBL072C,
YCR052W,
YDL133C-A,
YAL053W,
YKL060C,
YPR058W,
YGL112C,
YBR185C,
YGL019W,
YBR156C,
YOR368W,
YGR008C,
YDR534C,
YPL006W,
YKL003C,
YNL191W,
YJL116C,
YLL058W,
YLR370C,
YDL121C,
YMR187C,
YOR220W,
YLR100W,
YIL111W,
YMR098C,
YCR069W,
YKL004W,
YDL047W,
YOL031C,
YKL077W,
YOR119C,
YER053C,
YKL053C-A,
YDR292C,
YLR101C,
YNL076W,
YOL127W,
YKL207W,
YJR045C,
YBL023C,
YHR151C,
YEL009C-A,
YDL236W,
YCL012C,
YML081W,
YEL057C,
YNL175C,
YIL041W,
YIL030C,
YNL332W,
YOR215C,
YGL041W-A,
YIL134W,
YER069W,
YCR108C,
YNL086W,
YOL052C,
YBL010C,
YDL001W,
YBR056W,
YMR305C,
YOR310C,
YOR273C,
YOR294W,
YMR038C,
YGL012W,
YBL054W,
YKR053C,
YOR133W,
YKL138C-A,
YML057W,
YCR005C,
YML028W,
YBL076C,
YGR107W,
YGL032C,
YBR070C,
YNL116W,
YIL010W,
YOL060C,
YOL054W,
YGL154C,
YPL274W,
YGL191W,
YMR093W,
YOL027C,
YJL214W,
YJL208C,
YDR132C,
YIL161W,
YER177W,
YAL029C,
YNL158W,
YOR224C,
YGR233C,
YNL026W,
YPR179C,
YER019W,
YLR015W,
YIL091C,
YGL110C,
YLR311C,
YHL011C,
YDR051C,
YOR370C,
YKL031W,
YBR120C,
YDR397C,
YMR084W,
YHR210C,
YBR089C-A,
YGR274C,
YFL007W,
YPR185W,
YGR280C,
YML114C,
YDR153C,
YLR244C,
YLR329W,
YIR001C,
YDR321W,
YHR029C,
YFL037W,
YOL091W,
YKR042W,
YER145C-A,
YDL031W,
YBR148W,
YIL071W-A,
YML019W,
YOR157C,
YOR363C,
YEL048C,
YBL080C,
YJR001W,
YMR182W-A,
YPL248C,
YER030W,
YER027C,
YFR001W,
YJL104W,
YGL254W,
YGL201C,
YGR165W,
YDL075W,
YKL087C,
YCR046C,
YDR468C,
YNR012W,
YEL039C,
YLR200W,
YGR286C,
YIL133C,
YJR136C,
YNL124W,
YJR079W,
YAL005C,
YDL158C,
YPL131W,
YHR123W,
YIL092W,
YBL002W,
YLR224W,
YPL016W,
YOR174W,
YOR143C,
YHR070W,
YER122C,
YDR184C,
YCR075C,
YHR147C,
YOR048C,
YPL162C,
YNL295W,
YLR204W,
YHR025W,
YNL254C,
YAL027W,
YBR132C,
YML027W,
YMR213W,
YBR152W,
YOR045W,
YDR211W,
YPL169C,
YOL038W,
YKR006C,
YER028C,
YPL200W,
YPL271W,
YDR370C,
YER015W,
YPL055C,
YDR240C,
YDR331W,
YCL042W,
YDL237W,
YJL163C,
YDL137W,
YBR254C,
YDR025W,
YNL055C,
YMR033W,
YFR029W,
YGR092W,
YBR040W,
YLR063W,
YNL147W,
YJL132W,
YPR022C,
YDR238C,
YER169W,
YBR286W,
YEL019C,
YKL196C,
YKR068C,
YAL059W,
YDR014W-A,
YPL114W,
YBR226C,
YBR168W,
YKL081W,
YPR119W,
YBL011W,
YPR118W,
YPL238C,
YOR292C,
YOR341W,
YDL097C,
YMR287C,
YER040W,
YML056C,
YLR223C,
YGR277C,
YPL242C,
YAL040C,
YKL119C,
YJR094C,
YMR277W,
YNL310C,
YJR104C,
YLR180W,
YOR064C,
YGL044C,
YNL276C,
YGL031C,
YOL139C,
YBR123C,
YDR294C,
YDR207C,
YFR003C,
YJR089W,
YHR072W,
YFR050C,
YJR050W,
YOL066C,
YDR231C,
YNL030W,
YNL302C,
YDR021W,
YPL004C,
YER020W,
YOL097C,
YDL229W,
YML023C,
YDR252W,
YJL174W,
YGR191W,
YDL179W,
YOR025W,
YGR177C,
YBR066C,
YDR139C,
YER134C,
YCR073C,
YPR107C,
YCL052C,
YBR257W,
YOR364W,
YDL199C,
YNL321W,
YKL041W,
YMR014W,
YKR030W,
YJL010C,
YDR131C,
YKL054C,
YER163C,
YBR196C,
YML009W-B,
YBR230C,
YLR032W,
YBR214W,
YOR020C,
YLL053C,
