Human_blood,Human_muscle
A2LD1,AADACL2
AAGAB,AARS2
ABCA13,ABCA12
ABCB11,ABCC5
ABCB4,ABCG1
ABCB7,ABLIM2
ABCC1,ACACA
ABCC2,ACAT2
ABCC4,ACBD3
ABCD4,ACIN1
ABCF2,ACLY
ABCG8,ACSBG1
ABLIM2,ACSL3
ABLIM3,ACTB
ABR,ACTG1
ABRA,ADA
ABTB1,ADCK2
ACCN2,ADCY3
ACCS,ADRB2
ACER3,AFG3L2
ACLY,AFTPH
ACO2,AGFG1
ACOT4,AGFG2
ACOT8,AHCTF1
ACSBG2,AKAP8
ACSM2A,ALDH4A1
ACTA1,ALG5
ACTL6B,AMFR
ACTR1A,AMOTL1
ACTR8,AMPD2
ACTRT2,ANGPTL2
ACVR1B,ANKRA2
ADAD1,ANKRD13A
ADAM33,ANO6
ADAMTS15,ANTXR2
ADAMTS3,ANXA3
ADH4,AP1AR
ADI1,AP1S1
ADIPOR1,AP3M1
ADM2,APCDD1
ADORA3,APLF
ADPRH,APTX
ADSSL1,AQP3
AFF1,ARAP2
AGAP2,ARFIP2
AGBL1,ARHGEF10
AGBL3,ARHGEF10L
AGPAT1,ARID4A
AGPAT2,ARL17A
AGR3,ARL4A
AGRN,ARL8A
AHDC1,ARMC5
AIF1L,ARNTL
AIFM3,ARSK
AKAP1,ASCC3
AKAP13,ASCL2
AKR1C4,ASH2L
AKR1D1,ASPH
AKR7A2,ATAD1
AKR7A3,ATF4
AKTIP,ATG2B
ALDH18A1,ATM
ALDH1A2,ATMIN
ALDH1L2,ATP2A2
ALDH3B2,ATP6V0A2
ALDOB,ATP6V0D1
ALG10B,ATP6V1H
ALG12,ATXN1
ALKBH3,ATXN10
ALKBH4,AUTS2
ALOX12B,B3GALNT2
ALOX5AP,B4GALT2
ALPP,B9D1
ALS2CL,BACH2
AMBN,BAG5
AMHR2,BAHD1
AMOTL2,BANP
AMT,BCAR3
ANAPC16,BCL6
ANGEL2,BCLAF1
ANGPTL5,BECN1
ANKRD1,BHLHB9
ANKRD13D,BHLHE41
ANKRD40,BIVM
ANKRD43,BLNK
ANKRD52,BMP2
ANKS3,BMP7
ANKS4B,BMPR2
ANTXR1,BRD8
ANTXR2,BRE
AP3B1,BSDC1
AP4S1,BTBD1
APBB2,BTBD3
APBB3,BTK
APOA2,BTN3A3
APPL2,BZW2
AQP1,C10orf2
AQP8,C10orf26
AQPEP,C11orf49
ARC,C11orf70
ARFGAP3,C11orf74
ARG1,C12orf11
ARHGAP10,C12orf23
ARHGAP23,C12orf4
ARHGAP26,C13orf26
ARHGAP33,C13orf31
ARHGAP4,C14orf1
ARHGEF15,C14orf101
ARHGEF19,C14orf119
ARID5A,C14orf135
ARL11,C14orf43
ARL14,C14orf93
ARL3,C16orf62
ARL4C,C17orf42
ARMC6,C18orf25
ARMCX4,C19orf25
ARNTL,C19orf6
ARNTL2,C1orf106
ARPC5L,C1orf123
ARSB,C1orf174
ASAP3,C1orf216
ASB17,C1orf51
ASCL3,C1orf54
ASL,C1orf55
ASPG,C1orf63
ASPH,C1orf96
ASPSCR1,C20orf29
ASTL,C20orf30
ATAD3C,C21orf33
ATF2,C21orf63
ATF6B,C22orf29
ATF7IP,C2CD4A
ATG16L2,C2CD4B
ATG4A,C2orf42
ATG4C,C2orf56
ATHL1,C2orf68
ATP10B,C3orf21
ATP12A,C3orf23
ATP13A1,C3orf26
ATP1B1,C3orf63
ATP5G2,C5orf13
ATP5H,C5orf41
ATP6V0D2,C5orf44
ATP6V1D,C5orf53
ATP6V1G1,C5orf54
ATP6V1H,C6orf105
ATP8B3,C6orf125
ATPAF2,C6orf129
ATXN7L1,C6orf141
ATXN7L3,C6orf203
AURKAIP1,C6orf57
AVIL,C6orf62
AVL9,C6orf64
AVPI1,C7orf11
AVPR2,C7orf23
B3GALT6,C9orf23
B3GNT5,C9orf41
B4GALNT1,C9orf6
B4GALT4,C9orf69
BAHCC1,C9orf9
BAIAP3,CA2
BATF3,CAB39
BBS7,CABLES2
BCAP31,CALM1
BCAS3,CAMKK1
BCAT1,CAPZA1
BCO2,CAPZA2
BFSP2,CARD16
BGLAP,CARD8
BHLHA15,CASK
BID,CASP1
BIVM,CASP10
BLID,CASP2
BMP2,CASP4
BMPR2,CBX4
BMX,CCDC111
BNC2,CCDC12
BPGM,CCDC41
BPIL1,CCDC76
BRD2,CCDC85A
BRD8,CCDC85B
BRIP1,CCDC90B
BRSK2,CCT4
BRWD1,CDC20
BTBD2,CDC25B
BTBD8,CDC40
BTG3,CDCA4
BTN1A1,CDK10
BTN2A1,CDK16
BUB1,CDK9
BZW1,CDKN2B
BZW2,CDR2
C10orf107,CDS1
C10orf57,CECR5
C10orf88,CENPC1
C11orf10,CENPP
C11orf16,CEP120
C11orf2,CEP152
C11orf52,CEPT1
C11orf61,CERK
C11orf68,CETN2
C11orf74,CGN
C11orf83,CHCHD8
C12orf24,CHD9
C12orf36,CHMP1B
C12orf62,CHORDC1
C12orf74,CIRH1A
C13orf23,CISH
C13orf29,CLCC1
C14orf101,CLEC16A
C14orf102,CLIP4
C14orf104,CLOCK
C14orf39,CLP1
C15orf24,CLVS1
C15orf48,CMTM4
C15orf5,CNKSR1
C16orf55,CNN2
C16orf62,COMMD5
C16orf74,COQ10B
C16orf75,CORO2A
C16orf87,COX15
C16orf88,CPNE8
C17orf100,CRADD
C17orf39,CRELD2
C17orf48,CRIPT
C17orf49,CRY1
C17orf57,CRY2
C17orf76,CSNK1G3
C17orf77,CTBP1
C17orf81,CTDSP2
C17orf87,CTNNA1
C18orf18,CUL4B
C19orf20,CUTC
C19orf21,CXCL14
C19orf73,CYB561D1
C1GALT1C1,CYB561D2
C1orf101,CYB5R1
C1orf122,CYHR1
C1orf135,CYorf15A
C1orf174,CYP20A1
C1orf177,CYP2C18
C1orf229,CYP4B1
C1orf51,CYP51A1
C1orf86,DAAM1
C20orf165,DAG1
C20orf201,DARS2
C20orf24,DBNL
C20orf30,DBP
C21orf37,DCLRE1C
C22orf36,DCP2
C22orf40,DDX1
C2orf50,DDX19B
C2orf53,DDX46
C2orf63,DENND2D
C2orf65,DERL2
C2orf70,DET1
C2orf74,DHRS3
C2orf77,DHX29
C2orf83,DIAPH1
C3orf18,DIP2B
C3orf23,DLAT
C3orf26,DLX3
C3orf27,DMXL1
C3orf32,DMXL2
C3orf51,DNAJA1
C3orf58,DNAJB6
C4orf3,DNAJC30
C4orf31,DNAJC7
C4orf39,DOCK7
C4orf43,DPH5
C4orf46,DPM1
C4orf52,DPP8
C5orf34,DSCR3
C5orf41,DSE
C5orf44,DSTYK
C5orf53,DTX2
C6orf136,DUS1L
C6orf162,DUS4L
C6orf195,DVL3
C6orf218,DYNC1LI2
C6orf48,E2F2
C7orf33,EAF1
C7orf49,EBP
C7orf54,EEA1
C7orf69,EEF2K
C8orf31,EFNA3
C8orf44,EGLN1
C8orf55,EIF2B2
C9orf100,EIF2C1
C9orf114,EIF4ENIF1
C9orf123,EIF5
C9orf130,ELMO2
C9orf4,EMG1
C9orf5,EMP1
C9orf57,ENDOU
C9orf62,ENY2
C9orf66,EPHB6
C9orf89,ERI2
C9orf9,ERLEC1
CA1,ERLIN2
CABP1,ESD
CABP7,ESRP2
CABYR,ESYT1
CACNA2D1,ESYT2
CACNA2D3,ETF1
CACNG4,ETV6
CADM4,EXOC1
CALCOCO2,EXOC2
CALML3,EXOC6B
CAMK2N2,EXOC7
CAMK4,EXOSC7
CAND1,FAM105B
CAND2,FAM111A
CARD6,FAM111B
CASC1,FAM117A
CASD1,FAM117B
CASP8,FAM120AOS
CATR1,FAM120C
CBFB,FAM122A
CBLN2,FAM122B
CBX8,FAM126B
CC2D2B,FAM127A
CCBL1,FAM131A
CCBP2,FAM134C
CCDC102A,FAM13B
CCDC102B,FAM149B1
CCDC105,FAM164A
CCDC122,FAM173B
CCDC130,FAM174A
CCDC142,FAM36A
CCDC27,FAM46B
CCDC43,FAM65A
CCDC51,FAM76A
CCDC63,FAM83B
CCDC72,FANCL
CCDC85A,FARS2
CCDC85C,FASTKD1
CCDC87,FBXO22
CCDC92,FBXO3
CCDC96,FBXO9
CCL15,FBXW2
CCL21,FDFT1
CCL5,FDPS
CCM2,FER
CCND2,FERMT1
CCNJ,FIG4
CCNT2,FIGNL1
CCR7,FKBP3
CCRN4L,FKBP5
CD200,FLRT2
CD209,FNIP1
CD300E,FOSL2
CD320,FOXJ2
CD48,FOXN3
CD82,FPGT
CDC25A,FRAT1
CDC7,FRMD6
CDCA2,FTO
CDCA5,FUBP1
CDCP1,FYTTD1
CDH11,GAB1
CDH12,GABPB1
CDH20,GADD45B
CDH3,GAL3ST4
CDH4,GALNT11
CDH6,GALNT2
CDHR2,GALNT3
CDK13,GAS2L1
CDR1,GBP1
CDX2,GBP2
CEACAM20,GBP7
CEACAM8,GCLC
CELF6,GDE1
CENPC1,GDPD1
CENPP,GFOD1
CENPV,GGCX
CETN2,GLMN
CHD9,GLUD1
CHEK2,GLUL
CHN2,GMPR2
CHST7,GNPAT
CHTF18,GOLGA5
CIAPIN1,GORASP2
CIB2,GOSR2
CIR1,GPR115
CISD1,GRHL3
CISD2,GRIP1
CIT,GRLF1
CKAP2,GSK3B
CLCA2,GTF3C2
CLCN6,GYG1
CLCN7,H2AFJ
CLDN14,H2AFX
CLDN15,H3F3B
CLDN19,HAS3
CLEC10A,HDAC4
CLEC2L,HDAC5
CLEC3B,HDHD2
CLIP3,HELQ
CLUL1,HERC3
CLYBL,HERPUD1
CMKLR1,HGSNAT
CMTM6,HIAT1
CMTM7,HIPK1
CNIH3,HIST1H3A
CNKSR1,HIVEP1
CNN2,HIVEP2
CNTFR,HK1
CNTNAP2,HK2
COG2,HLF
COIL,HMGCS1
COL16A1,HMGN2
COL19A1,HN1
COL20A1,HN1L
COL5A3,HNRNPC
COL6A2,HNRNPD
COL9A1,HNRNPH2
COMMD6,HNRNPH3
COMMD7,HNRNPU
CORO1A,HNRPDL
COX6B1,HNRPLL
COX7A2L,HOOK2
CPA3,HP1BP3
CPNE5,HR
CPO,HSD17B11
CPSF2,HSD17B7
CPT2,HSF2
CRABP2,HSP90AA1
CRAMP1L,HSP90AA4P
CRBN,HSPA14
CREB3,HSPA1A
CREBZF,HSPA8
CRIP2,HSPB1
CRNDE,HSPD1
CRY2,HSPH1
CRYBA1,IAH1
CRYL1,IDI1
CSF1R,IFFO2
CSK,IGFBP3
CSNK2B,IGSF9
CST9,IKBKB
CTDSPL,IL17RD
CTDSPL2,IL20RA
CTH,IL20RB
CTLA4,IL22RA2
CTNNAL1,IL2RB
CTRB2,IL33
CTSL1,IMPA2
CTU1,IMPAD1
CUBN,ING2
CUL1,INPP1
CUX1,INPP5J
CXCL14,INSIG1
CXCL5,INTS10
CXorf1,INTS3
CXorf36,INTS6
CXorf59,INTS8
CXorf61,IPPK
CXXC5,IRS2
CYFIP1,ITGA2
CYFIP2,ITPRIP
CYLC2,JAZF1
CYP11B2,JMJD1C
CYP17A1,JTB
CYP1A1,KBTBD3
CYP26A1,KCTD1
CYP3A43,KCTD11
CYTH2,KCTD7
CYTL1,KDM3A
DAO,KDM5A
DBC1,KHDRBS1
DBF4B,KHNYN
DBNDD1,KIAA0146
DCAF17,KIAA0226
DCAF6,KIAA0247
DCBLD2,KIAA0319L
DCHS2,KIAA0430
DCLK1,KIAA0753
DCLK2,KIAA0907
DCLRE1A,KIAA1107
DCLRE1B,KIAA1539
DCP1B,KIAA1737
DCPS,KIAA1797
DCTN2,KIAA2013
DCUN1D1,KIF13B
DDAH1,KIF20A
DDX17,KIF3B
DDX18,KLC1
DDX43,KLF13
DDX59,KLF2
DDX60L,KLF4
DEFA4,KLF8
DEFB123,KLF9
DENND2C,KLHL12
DERL3,KPNA1
DES,LARP1
DEXI,LARS
DFNB31,LBR
DGKE,LDLR
DGKQ,LIMA1
DHCR24,LIN54
DHDDS,LIN9
DHPS,LLPH
DHRS12,LMF1
DHRS3,LNX2
DHX16,LOC100130691
DHX33,LOC100192204
DHX9,LOC642852
DIABLO,LONRF1
DIAPH3,LPCAT3
DIP2C,LPP
DISP1,LRBA
DLK2,LRP4
DLX5,LRRC1
DNAH7,LRRC16A
DNAJB1,LRRC3
DNAJC17,LRRC58
DNAJC27,LRRFIP2
DNAJC5,LSM14A
DNAJC5B,LTV1
DNAJC9,LYPLAL1
DNASE1L3,LYRM7
DNM1,LYSMD4
DNM2,MACF1
DNPEP,MAFG
DOCK11,MAGOH
DOHH,MAN1C1
DOK3,MAP2K3
DOK7,MAP3K5
DOPEY2,MAP4
DPF1,MAP7D1
DPM1,MAP7D3
DPYD,MAPK13
DPYSL3,MAPK14
DSC1,MARVELD2
DSCC1,MAT1A
DSCR8,MAT2A
DSG2,MBD4
DUOX2,MBNL1
DUS3L,MBNL2
DUSP14,MCTS1
DUSP23,ME2
DUSP7,MED14
DYDC1,MED16
DYNC1I2,MED20
DYNLRB1,MED27
E2F3,MED31
E2F7,MEGF6
EBNA1BP2,MEPCE
ECHDC3,MET
ECT2L,METTL3
EDDM3B,MFAP3L
EDNRB,MGA
EEA1,MIER1
EEF1A1,MINA
EFCAB3,MKI67IP
EFCAB6,MLH1
EFHB,MLKL
EHBP1,MMAB
EHD4,MOBKL3
EHF,MON2
EIF1AY,MORC4
EIF2AK1,MPHOSPH6
EIF2AK3,MPHOSPH8
EIF2S3,MPHOSPH9
EIF3G,MPP7
EIF4A2,MPZL2
EIF4E,MRPL1
EIF4E2,MRPL30
EIF4ENIF1,MRPS14
EIF4H,MRPS25
ELAVL2,MRPS5
ELAVL3,MT1X
ELK4,MTDH
ELOF1,MTERFD3
ELOVL4,MTG1
EMILIN1,MTHFD2L
EMR1,MTHFSD
EN1,MTIF3
ENOPH1,MTM1
ENSA,MTMR6
ENTPD7,MTR
EP300,MTRF1
EPB41,MTRR
EPHX1,MTSS1
EPM2A,MUC15
EPN1,MUM1
EPO,MUS81
EPT1,MUT
ERCC5,MUTED
ERN1,MVD
ESM1,MVK
ESPNL,MYCBP2
ESYT1,MYL5
EXOSC1,MYL6
EXOSC5,MYO5B
EXOSC6,N6AMT1
EXTL1,NAGK
EYS,NAMPT
F2RL2,NAPEPLD
F5,NBAS
F8,NBEAL2
FADS2,NCKAP1
FAM104A,NCOA5
FAM105B,NDFIP2
FAM110A,NDRG1
FAM120AOS,NDRG3
FAM125B,NDUFAF3
FAM127B,NEDD4
FAM135A,NEO1
FAM13A,NFIL3
FAM150B,NFKBIA
FAM153A,NFYA
FAM161B,NFYB
FAM163A,NGDN
FAM167A,NHS
FAM167B,NIT1
FAM169A,NLK
FAM175B,NMD3
FAM177A1,NMI
FAM190B,NOL12
FAM19A3,NONO
FAM19A5,NPAS2
FAM20C,NPL
FAM24A,NPM1
FAM26E,NPRL2
FAM32A,NPTN
FAM38B,NR1D2
FAM60A,NSDHL
FAM70A,NSMCE1
FAM71A,NUP133
FAM78A,NUP43
FAM96B,NUP50
FAM9A,NUP62CL
FANCE,NUPL2
FANCI,NUTF2
FAR1,OBFC2A
FAT1,OCA2
FAT2,OCLN
FBLN2,OFD1
FBRSL1,OGFRL1
FBXO21,OGG1
FBXO31,OGT
FBXO33,OMA1
FBXO38,OPA1
FBXO7,OSBPL6
FBXO9,OSGEPL1
FCGR3A,OTUD1
FDPS,P4HA1
FERMT2,PABPC4
FGB,PABPN1
FGF10,PACSIN3
FGF12,PAIP1
FGF14,PAK1
FGF2,PANK4
FGF21,PAOX
FGF7,PAQR3
FGF9,PARD3
FGFR1OP2,PARN
FGG,PATL1
FGL2,PBRM1
FHL3,PCBD1
FHOD1,PCBP1
FIBIN,PCDH1
FIG4,PCF11
FILIP1L,PCGF5
FITM1,PCID2
FLJ45445,PCIF1
FLRT2,PDCD2
FLT3LG,PDCD5
FMOD,PDHA1
FNBP4,PDIK1L
FNDC4,PDK1
FOXI3,PDS5B
FOXN1,PDZD11
FOXS1,PDZD2
FPR3,PELI2
FRK,PELO
FSHB,PER1
FSIP1,PER2
FUCA1,PER3
FURIN,PFAS
FUT10,PFKP
FUT11,PGRMC2
FUT3,PHF17
FUT9,PHF6
FXYD3,PHTF2
FYB,PIGF
FZD10,PIGM
G0S2,PIGV
G3BP1,PIK3IP1
GABRA2,PLA2G3
GABRB2,PLA2G4A
GABRG1,PLD6
GABRR3,PLEKHA1
GAL3ST1,PLEKHA2
GALNT3,PLEKHA5
GAPDHS,PLK1S1
GARS,PLLP
GAS1,PLSCR3
GAS2L2,PML
GBGT1,PMS1
GCG,PNKP
GDAP1,PNPLA1
GDAP1L1,PNPLA8
GDAP2,POFUT2
GDE1,POGZ
GDEP,POLA1
GDF9,POLE4
GDI1,POLR3B
GEMIN5,POMT1
GET4,POP1
GFAP,POP5
GFER,PPARD
GFRA3,PPID
GGA3,PPM1A
GH2,PPM1F
GHRHR,PPME1
GINS2,PPP1R12A
GINS4,PPP1R3D
GIPC1,PPP2R5A
GIPC2,PPP3CB
GJD3,PPTC7
GKN1,PQLC3
GKN2,PRDM10
GLB1,PREPL
GLDC,PRKRIR
GLIS2,PRLR
GLIS3,PRMT2
GLT8D2,PRMT3
GLUD2,PROSC
GM2A,PRPF40A
GMIP,PRPS2
GNA13,PRPSAP1
GNL2,PRR5L
GON4L,PSAT1
GOSR2,PSENEN
GOT1,PSMG2
GPATCH4,PSPC1
GPC4,PTGER4
GPI,PTGS1
GPIHBP1,PTP4A1
GPN1,PTPDC1
GPR107,PTPN1
GPR125,PTPN13
GPR126,PTPRA
GPR137,PTPRE
GPR142,PTPRK
GPR143,PUS10
GPR27,PVRL1
GPR3,QSER1
GPR37,RAB22A
GPR56,RAB2A
GPR6,RAB3GAP2
GPR78,RAB40C
GPR83,RAB5A
GPX4,RAB7A
GPX7,RAB7L1
GRAMD1B,RAB8B
GRAMD1C,RABL5
GRHPR,RAD18
GRID1,RAD50
GRIK3,RAI1
GRIN3B,RANBP6
GRINA,RANBP9
GRK4,RASSF5
GRM3,RBAK
GRM7,RBBP9
GSG1L,RBM12
GSTA2,RBM14
GSTM3,RBM27
GSTP1,RBM33
GSTZ1,RBM4
GTF2E2,RBM4B
GTF2H4,RBM5
GTF3C1,RBMX
GTPBP1,RCBTB2
GTPBP2,RCCD1
GTPBP8,RDH12
GUCA2A,REL
GUCY2D,REPS2
GUF1,RFESD
GUSBP1,RFX5
GYPA,RFXAP
GZMB,RG9MTD2
GZMK,RIC8B
H3F3A,RIMS3
H3F3B,RIOK2
HABP2,RIPK3
HADHB,RLF
HAPLN3,RMND5B
HARS,RNASEL
HAS3,RNF111
HAUS7,RNF13
HAUS8,RNF144B
HAVCR1,RNF146
HBQ1,RNF220
HBZ,RNFT1
HCCS,RORC
HCK,RPA2
HCST,RPRD1A
HDAC10,RPS6KB1
HDGFRP3,RRAGB
HECTD2,RRM2B
HECW1,RSBN1
HELLS,RSPH4A
HES2,RSPH6A
HES5,RTF1
HEXIM2,RUFY3
HHIP,SACS
HIBADH,SAFB
HINT2,SAMD4A
HIPK1,SARNP
HIST1H1D,SASH1
HIST1H2AA,SC4MOL
HIST1H2AB,SCFD2
HIST1H3A,SCLT1
HIST1H4K,SDC4
HIST1H4L,SDF2L1
HIST3H2BB,SDR39U1
HIVEP1,SEC13
HLA-C,SEC24B
HLA-DRB5,SEL1L
HMGA1,SEMA4D
HMGB4,SEMA4F
HMHB1,SERPINH1
HMX2,SERTAD2
HNF1B,SETDB2
HOXA2,SETMAR
HOXA4,SF1
HOXB9,SF3A3
HOXC6,SFPQ
HOXC9,SFXN1
HRC,SH3BP5
HRH4,SH3RF2
HS3ST1,SHKBP1
HS6ST1,SHOC2
HS6ST2,SIK1
HS6ST3,SIKE1
HSBP1L1,SIRT2
HSCB,SKAP2
HSF2BP,SKP2
HSF4,SLBP
HSF5,SLC12A6
HSP90AA4P,SLC20A2
HSP90AB6P,SLC22A23
HSPA12A,SLC24A1
HSPB6,SLC25A13
HSPB8,SLC2A1
HSPD1,SLC2A12
HTATIP2,SLC35A2
HTR2B,SLC35B3
HTR2C,SLC35F2
HTR6,SLC38A9
HTRA1,SLC39A10
HVCN1,SLC41A1
ICAM2,SLC43A1
ICOSLG,SLC43A3
IFI16,SLC5A6
IFI27,SLC6A6
IFI44,SLC7A1
IFIT5,SLTM
IFNA10,SLU7
IFNG,SMARCAL1
IFT122,SMARCD2
IFT20,SMTN
IGSF10,SNAPC1
IGSF11,SNHG12
IGSF5,SNHG7
IL10RA,SNRK
IL12RB2,SNRPD3
IL15RA,SNTB2
IL27RA,SNX9
IL29,SOCS2
IL3,SOCS6
IL6,SP2
IL6R,SP4
IMPA1,SPPL3
INA,SPRYD4
INO80,SPSB3
INTS4,SPTLC2
INTS8,SQLE
INTU,SRBD1
IQCF3,SRD5A1
IQSEC2,SRD5A3
IREB2,SRF
IRF2BP1,SRI
IRF2BP2,SRRT
IRF3,SSBP2
ISCA2,SSH1
ISLR2,SSU72
ISOC1,ST3GAL2
ITFG2,STAG3L2
ITGA2B,STAR
ITGA3,STARD7
ITGA5,STAT2
ITGAD,STK10
ITGB5,STK24
ITGB7,STK35
ITK,STK38
ITM2A,STOM
JAM3,STOX1
JAZF1,STRBP
JMJD5,STX4
JRKL,STXBP5
JUN,SUB1
JUND,SULT1E1
KALRN,SUMO2
KATNAL1,SUPT7L
KBTBD4,SVIL
KBTBD5,SYNCRIP
KBTBD8,SYNJ1
KCNB2,SYNJ2BP
KCNC3,SYT17
KCND2,SYVN1
KCNF1,TAF10
KCNH1,TAF9B
KCNH6,TANC1
KCNH7,TANK
KCNJ10,TARDBP
KCNK4,TARS
KCNMB3,TBC1D10A
KCNN3,TBC1D15
KCNRG,TBK1
KCNS2,TBXAS1
KCTD13,TCEAL4
KIAA0391,TCF3
KIAA0564,TCOF1
KIAA0895,TCTEX1D2
KIAA1161,TDRKH
KIAA1244,TEF
KIAA1530,TEP1
KIAA1549,TERF2
KIAA1704,TESK2
KIAA1737,TFCP2
KIAA2022,THADA
KIAA2026,THAP11
KIF13A,THAP6
KIF17,THAP8
KIF1C,THBD
KIF26B,THRAP3
KIF7,TIGD7
KIFC1,TLK1
KIFC2,TLK2
KIR2DL4,TMCC3
KIR3DL1,TMCO3
KLF15,TMCO7
KLF16,TMED10
KLHDC5,TMED7
KLHDC7A,TMEM106C
KLHL10,TMEM116
KLHL2,TMEM117
KLHL21,TMEM123
KLHL3,TMEM154
KLHL30,TMEM165
KLRK1,TMEM167A
KPTN,TMEM168
KRAS,TMEM218
KRT28,TMEM39B
KRT5,TMEM55A
KRT80,TMEM97
KRT82,TMF1
KRT86,TMOD2
KRTAP1-1,TNKS2
KRTAP12-1,TP53BP1
KRTAP13-4,TP63
KRTAP17-1,TPR
KRTDAP,TPST2
LACTB2,TRA2A
LAMA4,TRA2B
LAMC2,TRADD
LANCL2,TRAK1
LARP1B,TRAPPC10
LASS2,TRAPPC6B
LASS5,TREX1
LAX1,TRIM27
LCE2D,TRIM29
LCE3A,TRIM35
LCK,TRIM5
LECT2,TRIM52
LENEP,TRIM56
LGR6,TRIM8
LHFPL5,TRIOBP
LHPP,TRMT2A
LHX4,TROVE2
LIG3,TRPM7
LILRB1,TSC22D3
LILRB2,TSEN2
LIMD1,TSHZ1
LIMK1,TSNAX
LIN54,TSPAN31
LITAF,TSPAN9
LMAN1,TSSC1
LMF2,TTC14
LOC100127951,TTC27
LOC100129434,TTC35
LOC100129827,TTC9
LOC100132005,TUBB
LOC100132832,TUBB2C
LOC100268168,TUBG1
LOC200261,TUBGCP3
LOC200726,TXNRD3
LOC221710,UBC
LOC285456,UBE2G2
LOC389834,UBR3
LOC399491,UBR5
LOC493754,UEVLD
LOC643406,UGDH
LOC644538,UNC50
LOC646627,UNKL
LOC646938,UPF3B
LOC650293,USP46
LOC728613,USP8
LONRF2,USPL1
LOXL3,UTP15
LPAR2,VAMP3
LPHN3,VCL
LPL,VDAC3
LPPR2,VDR
LRIG1,VEGFB
LRP4,VEZT
LRRC1,VPS53
LRRC16B,WBP11
LRRC48,WDFY2
LRRC59,WDR12
LRRC61,WDR20
LRRTM4,WDR26
LSM1,WDR47
LSM12,WDR5B
LSP1,WDR7
LTA,WDR77
LTBP4,WDSUB1
LTF,WIBG
LUC7L3,WLS
LY6G5C,WNK1
LY6G6F,WNT2B
LYZL6,XPO1
LZIC,XPR1
MAD2L1BP,XRN2
MAG,YPEL5
MAGEB18,YRDC
MAK16,YWHAH
MAN2A1,ZBTB16
MAP1S,ZBTB2
MAP2K2,ZBTB40
MAP2K7,ZBTB43
MAP3K11,ZBTB7C
MAP4K1,ZC3H11A
MATN4,ZC3H4
MAZ,ZDHHC13
MC4R,ZDHHC16
MCAM,ZDHHC5
MCHR1,ZFC3H1
MCM7,ZFP90
MDN1,ZFP91
MDP1,ZFR
MECP2,ZHX3
MED1,ZMIZ1
MED15,ZMYM4
MED16,ZNF143
MED22,ZNF187
MED24,ZNF238
MED26,ZNF24
MED27,ZNF248
MEOX1,ZNF252
MEP1A,ZNF280D
MEP1B,ZNF295
METTL14,ZNF322A
METTL3,ZNF37A
METTL5,ZNF44
MEX3B,ZNF512
MFHAS1,ZNF518A
MGAT5,ZNF540
MGC4294,ZNF552
MIA3,ZNF561
MICA,ZNF594
MICB,ZNF638
MINK1,ZNF641
MIXL1,ZNF654
MKNK2,ZNF691
MKX,ZNF701
MLF2,ZNF765
MLKL,ZNRF3
MLL5,ZRANB2
MLLT1,ZSCAN16
MLPH,ZYX
MLYCD,
MMP2,
MMRN1,
MNDA,
MOBKL2A,
MOBKL2C,
MOCS2,
MORC1,
MORC2,
MPDU1,
MPP7,
MPZ,
MRGPRX3,
MRGPRX4,
MRPL24,
MRPL37,
MRPL43,
MRPS17,
MRPS23,
MRPS25,
MRPS30,
MRPS35,
MRPS6,
MS4A1,
MSH6,
MST1R,
MT1A,
MT1F,
MT2A,
MTCH2,
MTERFD1,
MTERFD3,
MTHFD1L,
MTNR1A,
MTRR,
MTSS1,
MUC1,
MYBL1,
MYBPC3,
MYBPH,
MYEOV,
MYH1,
MYH3,
MYL4,
MYO16,
MYO1G,
MYOF,
MYOM2,
MYPN,
N4BP2,
N6AMT1,
NAA40,
NAF1,
NAGLU,
NANS,
NARFL,
NARS,
NAT2,
NBEAL1,
NBEAL2,
NCAM2,
NCBP2,
NCKAP5,
NCOA2,
NCOR2,
NCR1,
NCS1,
NDN,
NDP,
NDUFAB1,
NDUFB9,
NDUFS3,
NDUFS7,
NDUFS8,
NECAP1,
NECAP2,
NEDD9,
NEIL1,
NEIL3,
NEK7,
NELF,
NET1,
NETO2,
NEU2,
NEU4,
NEUROG1,
NFIC,
NFKBIZ,
NFRKB,
NGF,
NHSL1,
NID1,
NKD1,
NKIRAS1,
NLRC4,
NLRP4,
NLRP5,
NLRP7,
NME6,
NME7,
NNAT,
NOP14,
NOSIP,
NOTCH2,
NOTCH3,
NPB,
NPEPPS,
NPFFR1,
NPHS1,
NPNT,
NPY,
NPY6R,
NR1I2,
NR4A3,
NRIP3,
NRSN1,
NRSN2,
NSA2,
NSUN4,
NSUN5,
NSUN5P2,
NT5DC1,
NTF4,
NTN1,
NTS,
NUAK1,
NUB1,
NUDT21,
NUDT8,
NUMA1,
NUP188,
NUP205,
NUP85,
NVL,
NXF5,
NXN,
NYX,
OBP2B,
OCIAD2,
OCLN,
ODF1,
OGN,
OMD,
OOEP,
OPTC,
OPTN,
OR10H4,
OR2B6,
OR4A15,
OR4K17,
OR51D1,
OR52B2,
OR5H1,
OR5V1,
OR8G1,
OSBPL8,
OSR2,
OSTBETA,
OSTC,
OTC,
OTOF,
OXCT2,
OXSM,
P2RY14,
P2RY6,
P2RY8,
PAAF1,
PABPC4L,
PACS2,
PACSIN3,
PADI4,
PAEP,
PAF1,
PAM,
PANK1,
PAPD5,
PAPSS1,
PARD6B,
PARD6G,
PARK7,
PARP1,
PARP15,
PARVA,
PARVG,
PCBD2,
PCDHA1,
PCDHA5,
PCDHB10,
PCDHB11,
PCDHB14,
PCDHB6,
PCDHB7,
PCDHGA12,
PCDHGA3,
PCDHGA5,
PCDHGC4,
PCF11,
PCGF2,
PCP4L1,
PDCL2,
PDE1B,
PDE4D,
PDE5A,
PDE6A,
PDE7A,
PDIA4,
PDLIM1,
PECR,
PENK,
PEX11G,
PEX6,
PF4,
PF4V1,
PFKP,
PGAM1,
PGK1,
PGM2,
PGS1,
PHACTR3,
PHF12,
PHF13,
PHF5A,
PHRF1,
PIAS3,
PIGK,
PIGX,
PIH1D1,
PIH1D2,
PIK3AP1,
PIK3C2A,
PIK3CG,
PITX1,
PJA1,
PJA2,
PKD1L2,
PKD1L3,
PKD2L1,
PKDCC,
PKHD1L1,
PKIB,
PKNOX1,
PLA2G3,
PLA2G5,
PLA2R1,
PLCB3,
PLCD1,
PLCE1,
PLCZ1,
PLEKHA1,
PLEKHA4,
PLEKHA8,
PLEKHF2,
PLEKHG5,
PLEKHH2,
PLVAP,
PLXNA3,
PM20D1,
PMM1,
PNMA1,
PNP,
PNPLA1,
PNPLA3,
PNRC2,
POFUT2,
POGZ,
POLI,
POLM,
POLR1C,
POLR2E,
POLR3F,
POLR3GL,
POLR3K,
POMT1,
POSTN,
POT1,
POU3F1,
POU4F3,
PPA1,
PPA2,
PPCDC,
PPFIA1,
PPIG,
PPM1D,
PPM1F,
PPM1M,
PPP1R14B,
PPP1R9B,
PPP2CA,
PPP2R2A,
PPP3CB,
PPP4C,
PPP4R1L,
PPPDE2,
PRAC,
PRAM1,
PRB3,
PRF1,
PRKCD,
PRKCDBP,
PRKCE,
PRLH,
PROCA1,
PROK1,
PROM1,
PROS1,
PRPF19,
PRR14,
PRR15,
PRSS1,
PRSS37,
PRSS50,
PRSS54,
PRUNE2,
PRX,
PSCA,
PSD2,
PSD4,
PSG2,
PSG5,
PSG6,
PSMB7,
PSMC4,
PSMC6,
PSMD13,
PSMD7,
PTCRA,
PTGER2,
PTK2B,
PTPLB,
PTPN2,
PTPN6,
PTPN9,
PTPRD,
PTPRT,
PUS7,
PVRL4,
PWWP2B,
PXT1,
PZP,
QRICH2,
RAB10,
RAB11B,
RAB1A,
RAB28,
RAB2B,
RAB3IL1,
RAB9BP1,
RABGAP1,
RABL2A,
RAD51C,
RAD9A,
RAET1E,
RALGAPA2,
RAMP1,
RANBP17,
RANBP3,
RANBP9,
RAP1B,
RARRES1,
RASA1,
RASD1,
RASGRP3,
RASSF2,
RASSF6,
RBCK1,
RBM12,
RBM19,
RBM28,
RBM3,
RBM45,
RBMXL2,
RBPJL,
RDH13,
RDH8,
REEP6,
REN,
REPS2,
RETNLB,
RFC1,
RFC3,
RFESD,
RGS6,
RGS9,
RGS9BP,
RHOBTB1,
RHOT1,
RIBC2,
RIC8A,
RIMS2,
RIOK1,
RNASE2,
RNASEH2A,
RNASEL,
RNF113B,
RNF135,
RNF14,
RNF146,
RNF183,
RNF19A,
RNF20,
RNF212,
RNF216L,
ROCK1P1,
ROGDI,
RPL12,
RPL15,
RPL17,
RPL28,
RPL29,
RPL3L,
RPL7A,
RPN2,
RPRML,
RPS6KA2,
RPS7,
RPS8,
RPS9,
RRAD,
RRP1,
RRP7A,
RTEL1,
RTN2,
RTN3,
RTN4,
S100A1,
S100A13,
S100A6,
SAA1,
SAA4,
SAE1,
SAFB,
SALL4,
SAMD14,
SAMD9L,
SAT1,
SBNO2,
SCAI,
SCG2,
SCGB1A1,
SCHIP1,
SCN1B,
SDC3,
SDS,
SEC61A2,
SELV,
SEMA3A,
SEMA4A,
SEMA4D,
SEMA4F,
SEMA6A,
SENP7,
SENP8,
SERAC1,
SERINC2,
SERPINA11,
SERPINA6,
SERPINB8,
SERPINE2,
SERPINF1,
SESN2,
SESN3,
SETD5,
SETD7,
SFN,
SFRP4,
SGCD,
SGCE,
SGIP1,
SGK223,
SGMS1,
SGMS2,
SGPL1,
SGTB,
SH3BGRL3,
SH3GLB1,
SH3PXD2A,
SHARPIN,
SHC3,
SHH,
SHMT2,
SHOC2,
SIGMAR1,
SIPA1L3,
SIRPD,
SIRT6,
SIT1,
SIX1,
SIX5,
SKIL,
SLAMF9,
SLBP,
SLC10A1,
SLC10A3,
SLC10A7,
SLC12A1,
SLC12A4,
SLC12A6,
SLC12A7,
SLC12A9,
SLC13A3,
SLC15A1,
SLC15A2,
SLC16A10,
SLC16A11,
SLC16A12,
SLC16A7,
SLC17A1,
SLC17A5,
SLC17A6,
SLC22A2,
SLC22A4,
SLC22A8,
SLC22A9,
SLC23A3,
SLC24A1,
SLC25A15,
SLC25A17,
SLC25A24,
SLC25A45,
SLC25A6,
SLC26A1,
SLC2A5,
SLC35A3,
SLC35B1,
SLC35F2,
SLC37A1,
SLC38A11,
SLC39A4,
SLC39A8,
SLC39A9,
SLC44A5,
SLC47A2,
SLC4A5,
SLC4A9,
SLC5A10,
SLC5A7,
SLC6A19,
SLC6A5,
SLC7A8,
SLC9A3R1,
SLCO1A2,
SLCO1B3,
SLCO4A1,
SLURP1,
SMAD6,
SMAD7,
SMARCAL1,
SMARCD2,
SMC4,
SMCP,
SMCR5,
SMEK2,
SMO,
SMYD3,
SNAI3,
SNAP25,
SNED1,
SNHG11,
SNRPD3,
SNTG2,
SNTN,
SNX18,
SNX24,
SNX25,
SNX3,
SNX9,
SOAT1,
SOCS2,
SOCS7,
SOX5,
SPAG1,
SPARC,
SPATA18,
SPATA2L,
SPCS3,
SPINK13,
SPINK2,
SPINT2,
SPOP,
SPR,
SPRY3,
SPSB4,
SRCIN1,
SRD5A2,
SRF,
SRGAP2,
SRM,
SRP14,
SSPO,
SSR1,
SSTR1,
SSX1,
SSX8,
ST3GAL4,
ST3GAL6,
ST8SIA4,
STAC2,
STAG2,
STAP1,
STAP2,
STARD8,
STARD9,
STK10,
STK31,
STOML2,
STX2,
SUCLG2,
SULT1E1,
SUSD2,
SUV420H2,
SV2B,
SV2C,
SVIP,
SYBU,
SYDE2,
SYF2,
SYNE1,
SYT7,
TAAR2,
TAAR5,
TACSTD2,
TAF12,
TAF5L,
TARDBP,
TAS1R1,
TAS2R31,
TAS2R60,
TBC1D10B,
TBC1D21,
TBC1D30,
TBP,
TCAP,
TCEA3,
TCEAL8,
TCF4,
TCIRG1,
TCL1A,
TCN1,
TCOF1,
TCP11,
TCTE1,
TERF1,
TESK1,
TEX11,
TFAP2A,
TFAP2B,
TFAP2C,
TFAP2D,
TFAP4,
TFB1M,
TFF1,
TFR2,
TGFB3,
THRB,
THSD7A,
THUMPD1,
TIAM1,
TIGD3,
TIGIT,
TIMM44,
TIMP3,
TIMP4,
TKT,
TLK2,
TLR1,
TM6SF2,
TMC6,
TMCO2,
TMCO3,
TMEM101,
TMEM102,
TMEM110,
TMEM117,
TMEM130,
TMEM159,
TMEM164,
TMEM174,
TMEM179,
TMEM216,
TMEM41B,
TMEM45A,
TMEM47,
TMEM50A,
TMEM59L,
TMEM79,
TMEM80,
TMEM86A,
TMEM97,
TMLHE,
TMPRSS11D,
TMTC4,
TNAP,
TNFAIP8L2,
TNFRSF10A,
TNFRSF10D,
TNFRSF18,
TNS1,
TOMM22,
TP53BP2,
TP73,
TPH1,
TPRA1,
TPSG1,
TPST1,
TPTE2P1,
TRA2A,
TRAF5,
TRDMT1,
TREX2,
TRHR,
TRIM2,
TRIM28,
TRIM46,
TRIM54,
TRIOBP,
TRIP10,
TRIP4,
TRIP6,
TRIT1,
TRMT1,
TRPC4,
TSEN2,
TSFM,
TSHB,
TSKU,
TSPAN11,
TSPAN13,
TSPAN16,
TSPAN32,
TSPAN5,
TSPAN6,
TSPYL2,
TSTD1,
TTC16,
TTC19,
TTC27,
TTC31,
TTLL1,
TTLL10,
TTLL6,
TTPAL,
TTTY10,
TUBA1C,
TUBB,
TUBD1,
TUBGCP4,
TUBGCP5,
TUFT1,
TUSC5,
TXLNB,
TXN2,
TXNDC11,
TXNDC2,
TXNL4B,
TXNRD2,
TYMP,
TYR,
TYROBP,
TYW3,
UBA5,
UBE3C,
UBL4A,
UBL7,
UBQLN3,
UBQLNL,
UBXN6,
UBXN7,
UCN2,
UCP2,
UFM1,
UGT2B10,
UGT2B28,
ULBP2,
ULK1,
UNC5D,
UNKL,
UPF1,
UPK1B,
UPK3B,
UQCRQ,
USH1C,
USH2A,
USP10,
USP11,
USP14,
USP29,
USPL1,
UTP14A,
UTP18,
UVRAG,
VDR,
VEGFC,
VENTX,
VGLL1,
VIPR1,
VMO1,
VNN2,
VNN3,
VPREB3,
VPS13D,
VPS16,
VPS26B,
VPS54,
VSIG1,
VSIG4,
VSNL1,
VTN,
VWA1,
VWA5A,
VWCE,
WASF3,
WBSCR17,
WBSCR22,
WDR12,
WDR16,
WDR6,
WDR63,
WDR70,
WDR72,
WDR74,
WDR76,
WDR77,
WDR85,
WFDC2,
WFDC8,
WIPF1,
WIPF2,
WNT3A,
WNT7A,
WNT8A,
WNT9A,
WRB,
WT1,
WWC3,
XCL1,
XIRP1,
XIST,
XPO6,
XPOT,
YBX1,
YEATS2,
YIF1B,
YSK4,
YTHDF3,
ZAR1,
ZBBX,
ZBED4,
ZBTB1,
ZBTB43,
ZC3H10,
ZC3H12A,
ZC3H15,
ZC3H4,
ZC4H2,
ZDHHC14,
ZDHHC19,
ZDHHC24,
ZFP112,
ZFP2,
ZFP36,
ZFP36L1,
ZFP91,
ZFR,
ZFR2,
ZIC1,
ZMYND12,
ZMYND17,
ZNF14,
ZNF16,
ZNF195,
ZNF200,
ZNF202,
ZNF207,
ZNF208,
ZNF223,
ZNF238,
ZNF281,
ZNF282,
ZNF287,
ZNF296,
ZNF302,
ZNF317,
ZNF347,
ZNF354A,
ZNF394,
ZNF397,
ZNF410,
ZNF423,
ZNF451,
ZNF48,
ZNF486,
ZNF491,
ZNF497,
ZNF532,
ZNF544,
ZNF548,
ZNF551,
ZNF555,
ZNF572,
ZNF582,
ZNF611,
ZNF618,
ZNF643,
ZNF654,
ZNF664,
ZNF667,
ZNF689,
ZNF71,
ZNF713,
ZNF720,
ZNF76,
ZNF77,
ZNF792,
ZNF808,
ZNF827,
ZNF84,
ZNF853,
ZNF862,
ZNHIT1,
ZP4,
ZRSR2,
ZSCAN20,
ZSCAN21,
ZYG11A,
ZYG11B,
